  2.9814999999999998E+002  2.9814999999999998E+002  2.9814999999999998E+002  2.9814999999999998E+002  2.9814999999999998E+002  2.9814999999999998E+002  2.9814999999999998E+002  2.9814999999999998E+002  2.9814999999999998E+002  2.9814999999999998E+002  2.9814999999999998E+002  2.9814999999999998E+002  2.9814999999999998E+002  2.9814999999999998E+002  2.9814999999999998E+002  2.9814999999999998E+002  2.9814999999999998E+002  2.9814999999999998E+002  2.9814999999999998E+002  2.9814999999999998E+002  2.9814999999999998E+002  2.9814999999999998E+002  2.9814999999999998E+002  2.9814999999999998E+002  2.9814999999999998E+002  2.9814999999999998E+002  2.9814999999999998E+002  2.9814999999999998E+002  2.9814999999999998E+002  2.9814999999999998E+002  2.9814999999999998E+002  2.9814999999999998E+002  2.9814999999999998E+002  2.9814999999999998E+002  2.9814999999999998E+002  2.9814999999999998E+002  2.9814999999999998E+002  2.9814999999999998E+002  2.9814999999999998E+002  2.9814999999999998E+002  2.9814999999999998E+002  2.9814999999999998E+002  2.9814999999999998E+002  2.9814999999999998E+002  2.9814999999999998E+002  2.9814999999999998E+002  2.9814999999999998E+002  2.9814999999999998E+002  2.9814999999999998E+002  3.0314999999999998E+002
  2.9008999999999997E+002  2.9416160387671846E+002  2.9559090200372157E+002  2.9645121643292867E+002  2.9703682528681003E+002  2.9744080230129441E+002  2.9770769833945809E+002  2.9787512679389874E+002  2.9797769593732704E+002  2.9804075712852944E+002  2.9808021038769687E+002  2.9811890052619128E+002  2.9813558906028766E+002  2.9814319406804248E+002  2.9814677605724631E+002  2.9814808797625375E+002  2.9814886459724801E+002  2.9814923623961130E+002  2.9814950198890830E+002  2.9814968411031094E+002  2.9814979236714237E+002  2.9814986289942829E+002  2.9814991218167268E+002  2.9814994885292441E+002  2.9814997790835133E+002  2.9815000246616859E+002  2.9815002460904805E+002  2.9815006620620898E+002  2.9815011227503851E+002  2.9815016931349027E+002  2.9815024427033819E+002  2.9815034650879124E+002  2.9815049104598677E+002  2.9815070640917725E+002  2.9815105990319876E+002  2.9815176645092293E+002  2.9815380069023070E+002  2.9816026437454667E+002  2.9817484892785575E+002  2.9820508049772752E+002  2.9826306723468866E+002  2.9836647696165898E+002  2.9853851776156125E+002  2.9880622442271533E+002  2.9919649866917007E+002  2.9973002898339644E+002  3.0041423966459496E+002  3.0123740503962574E+002  3.0216642641844788E+002  3.0314999999999998E+002
  2.9000000000000000E+002  2.9225153056760581E+002  2.9360424259455567E+002  2.9443701673768726E+002  2.9504137160800320E+002  2.9551538127868406E+002  2.9590393680812093E+002  2.9623129444345187E+002  2.9651198108475563E+002  2.9675530667015357E+002  2.9696751491957247E+002  2.9731412465142154E+002  2.9757439991904022E+002  2.9776255991076044E+002  2.9789270149334385E+002  2.9797999620405653E+002  2.9805672282712010E+002  2.9809834070613482E+002  2.9812567577479678E+002  2.9814003164160988E+002  2.9814587995859051E+002  2.9814831383405141E+002  2.9814917782560809E+002  2.9814952323590518E+002  2.9814972166578951E+002  2.9814986346982045E+002  2.9814997868304300E+002  2.9815017127945669E+002  2.9815036220711636E+002  2.9815059438577151E+002  2.9815095754500680E+002  2.9815179785883066E+002  2.9815436470191452E+002  2.9816001702216664E+002  2.9817123504735406E+002  2.9819174928340743E+002  2.9822677768455429E+002  2.9828315174229391E+002  2.9836924220289558E+002  2.9849462163685411E+002  2.9866943567895629E+002  2.9890349723500594E+002  2.9920517199389263E+002  2.9958017935312085E+002  3.0003047642999144E+002  3.0055341104489236E+002  3.0114131328976742E+002  3.0178164230575197E+002  3.0245772181368864E+002  3.0314999999999998E+002
  2.9008499999999998E+002  2.9171784997676440E+002  2.9266571197263198E+002  2.9340344157650139E+002  2.9393976504865236E+002  2.9436341471407036E+002  2.9471479224873252E+002  2.9501567885903643E+002  2.9527915156443299E+002  2.9551367143090761E+002  2.9572502233897467E+002  2.9609322744460621E+002  2.9640628556729001E+002  2.9667698627317890E+002  2.9691339793445383E+002  2.9712081040280316E+002  2.9738489352438438E+002  2.9759877435461090E+002  2.9781238881276181E+002  2.9797812361200420E+002  2.9806571527693308E+002  2.9810930455577750E+002  2.9813057679072750E+002  2.9814088445736292E+002  2.9814585147502396E+002  2.9814824039406471E+002  2.9814942105450911E+002  2.9815025136320327E+002  2.9815105702196445E+002  2.9815293071925316E+002  2.9815711410918061E+002  2.9816540198496932E+002  2.9818030191295151E+002  2.9820511416346244E+002  2.9824394398820397E+002  2.9830163355234924E+002  2.9838360389676160E+002  2.9849560556778778E+002  2.9864338666978506E+002  2.9883229761781246E+002  2.9906686147104818E+002  2.9935034609701950E+002  2.9968437838195752E+002  3.0006864041966350E+002  3.0050068272441081E+002  3.0097588025799882E+002  3.0148754428428316E+002  3.0202718815067453E+002  3.0258492979823478E+002  3.0314999999999998E+002
  2.9040499999999997E+002  2.9165445011702212E+002  2.9229765882922334E+002  2.9283743020110097E+002  2.9331085789594647E+002  2.9368744014015135E+002  2.9400195284841078E+002  2.9427316417627975E+002  2.9451235757244876E+002  2.9472684668400279E+002  2.9492164279898827E+002  2.9526516313406557E+002  2.9556266143360369E+002  2.9582548892777157E+002  2.9606098052447385E+002  2.9627413714411330E+002  2.9655946982077484E+002  2.9681062387989800E+002  2.9710137367638413E+002  2.9740445344929242E+002  2.9764775321320866E+002  2.9783444097906278E+002  2.9796633774770083E+002  2.9804980800482099E+002  2.9809780901851116E+002  2.9812400342139375E+002  2.9813822311838760E+002  2.9814908248490741E+002  2.9815529617514716E+002  2.9816370212735086E+002  2.9817783981966193E+002  2.9820075931878489E+002  2.9823573573031314E+002  2.9828637369123521E+002  2.9835653052935726E+002  2.9845016925400694E+002  2.9857117446769121E+002  2.9872314747857064E+002  2.9890919421190779E+002  2.9913171960464325E+002  2.9939224221944397E+002  2.9969124209831830E+002  3.0002805322346154E+002  3.0040080940643202E+002  3.0080644914352331E+002  3.0124078119180786E+002  3.0169860862569311E+002  3.0217390524184498E+002  3.0266003470052442E+002  3.0314999999999998E+002
  2.9015999999999997E+002  2.9137456697290145E+002  2.9197407543268309E+002  2.9245975900923054E+002  2.9290283292552544E+002  2.9326433846405354E+002  2.9356445798038544E+002  2.9382190308274966E+002  2.9404792691675965E+002  2.9424982717971164E+002  2.9443260746803742E+002  2.9475367386718466E+002  2.9503103046888361E+002  2.9527605389065440E+002  2.9549611066415650E+002  2.9569623575623513E+002  2.9596648760552841E+002  2.9620820762236741E+002  2.9649537716641402E+002  2.9680953016685891E+002  2.9708323397870879E+002  2.9732239270409571E+002  2.9753019116334104E+002  2.9770772380855499E+002  2.9785411535462384E+002  2.9796713418045437E+002  2.9804672981170796E+002  2.9812307474002012E+002  2.9815759498172025E+002  2.9818362069602591E+002  2.9821444203842617E+002  2.9825641522836958E+002  2.9831367663075918E+002  2.9838962155475383E+002  2.9848730617919870E+002  2.9860949767242465E+002  2.9875861062098386E+002  2.9893661078413493E+002  2.9914491668850872E+002  2.9938431279948475E+002  2.9965488187187469E+002  2.9995596128622742E+002  3.0028612638765810E+002  3.0064320232873325E+002  3.0102430447321632E+002  3.0142590602093952E+002  3.0184393020535089E+002  3.0227386325219135E+002  3.0271088332805141E+002  3.0314999999999998E+002
  2.9050500000000000E+002  2.9150458930801915E+002  2.9197855029395032E+002  2.9235538026805369E+002  2.9269614852975127E+002  2.9301601603195127E+002  2.9328358730663444E+002  2.9351475621701195E+002  2.9371907891400792E+002  2.9390275104209570E+002  2.9407001975500327E+002  2.9436630882263029E+002  2.9462479102048854E+002  2.9485513481163798E+002  2.9506361613410058E+002  2.9525454224742640E+002  2.9551444273025862E+002  2.9574895718060515E+002  2.9603036620575966E+002  2.9634248312746598E+002  2.9661961645751325E+002  2.9686809008401070E+002  2.9709212069040615E+002  2.9729454097688387E+002  2.9747714629871683E+002  2.9764075414709163E+002  2.9778492004078447E+002  2.9800089245823000E+002  2.9812095754506311E+002  2.9819389754747573E+002  2.9825546746359589E+002  2.9832238028659850E+002  2.9840289861208737E+002  2.9850170763225861E+002  2.9862183914964271E+002  2.9876542289099837E+002  2.9893396643577870E+002  2.9912844526921361E+002  2.9934931992653441E+002  2.9959653011147140E+002  2.9986948753785896E+002  3.0016707709284481E+002  3.0048767042635853E+002  3.0082915338732346E+002  3.0118896725590071E+002  3.0156416280023672E+002  3.0195146554387111E+002  3.0234735015794229E+002  3.0274812155046203E+002  3.0314999999999998E+002
  2.9109999999999997E+002  2.9187660873180249E+002  2.9223698283408260E+002  2.9252174422865392E+002  2.9277930096202476E+002  2.9302559470692375E+002  2.9325376806878108E+002  2.9345221596060230E+002  2.9362864985913461E+002  2.9378808806248009E+002  2.9393398320138914E+002  2.9419411944448706E+002  2.9442282917238447E+002  2.9462809102786065E+002  2.9481511307045611E+002  2.9498748703097129E+002  2.9522397132258811E+002  2.9543933967569120E+002  2.9570058993624417E+002  2.9599452010393873E+002  2.9625991868173833E+002  2.9650225352306234E+002  2.9672528394461017E+002  2.9693171721469838E+002  2.9712358370643494E+002  2.9730245288363511E+002  2.9746952000495969E+002  2.9776986200618370E+002  2.9800844656201429E+002  2.9816583269866743E+002  2.9827964216249353E+002  2.9838237012187494E+002  2.9849029572274566E+002  2.9861174151770894E+002  2.9875125309155874E+002  2.9891140394759060E+002  2.9909361197211848E+002  2.9929852513425988E+002  2.9952620938073727E+002  2.9977624413353931E+002  3.0004777589000821E+002  3.0033955486669038E+002  3.0064996707538160E+002  3.0097706782206734E+002  3.0131861926070906E+002  3.0167213281947483E+002  3.0203491630771447E+002  3.0240412493606016E+002  3.0277681515072419E+002  3.0314999999999998E+002
  2.9219999999999999E+002  2.9267862837571909E+002  2.9289298036417631E+002  2.9306052758794658E+002  2.9321241134267530E+002  2.9335904045738505E+002  2.9350514158265884E+002  2.9365278198559110E+002  2.9378604665450752E+002  2.9390814858735325E+002  2.9402130466092979E+002  2.9422662238751064E+002  2.9441082040320123E+002  2.9457908195929218E+002  2.9473480730822513E+002  2.9488035373483132E+002  2.9508319405859800E+002  2.9527097233355033E+002  2.9550263548605449E+002  2.9576826740359076E+002  2.9601261673607365E+002  2.9623962168745209E+002  2.9645209551508128E+002  2.9665216675525210E+002  2.9684154277163162E+002  2.9702168382490225E+002  2.9719392816386784E+002  2.9751984089364333E+002  2.9782607626094403E+002  2.9808713391371970E+002  2.9827448781112003E+002  2.9842451485555875E+002  2.9856545475564076E+002  2.9871141628011674E+002  2.9886969150254907E+002  2.9904419144376897E+002  2.9923696059633573E+002  2.9944890321951817E+002  2.9968016050195780E+002  2.9993031976991955E+002  3.0019853826673051E+002  3.0048362236844247E+002  3.0078408367727468E+002  3.0109818360316376E+002  3.0142397275176074E+002  3.0175932846355681E+002  3.0210199212999260E+002  3.0244960690263480E+002  3.0279975581612928E+002  3.0314999999999998E+002
  2.9342999999999995E+002  2.9363406695825984E+002  2.9372630446073117E+002  2.9379962618517357E+002  2.9386765486116479E+002  2.9393513595314317E+002  2.9400435122797876E+002  2.9407660741260128E+002  2.9415273659404301E+002  2.9423330518418618E+002  2.9431066643555926E+002  2.9445479608951314E+002  2.9458795275432595E+002  2.9471265793362835E+002  2.9483059531226138E+002  2.9494295065306727E+002  2.9510291036108106E+002  2.9525433374288281E+002  2.9544549711710721E+002  2.9567043778054040E+002  2.9588261254413061E+002  2.9608420396458968E+002  2.9627681159796253E+002  2.9646169267727413E+002  2.9663991330095445E+002  2.9681245721891645E+002  2.9698031847131574E+002  2.9730670779100336E+002  2.9763001977477757E+002  2.9795961457167255E+002  2.9823922404281768E+002  2.9844715858165557E+002  2.9862549458156252E+002  2.9879759983375004E+002  2.9897474405233561E+002  2.9916274437350188E+002  2.9936466384142744E+002  2.9958199528879868E+002  2.9981524515155729E+002  3.0006425138067698E+002  3.0032837122611642E+002  3.0060660033813548E+002  3.0089765367894705E+002  3.0120002451774934E+002  3.0151203065262354E+002  3.0183185315265314E+002  3.0215757070791261E+002  3.0248719135625959E+002  3.0281868254681262E+002  3.0314999999999998E+002
  2.9452999999999997E+002  2.9452503884692828E+002  2.9453581399790369E+002  2.9455015886104411E+002  2.9456694330036100E+002  2.9458613142497262E+002  2.9460792383404686E+002  2.9463257776891180E+002  2.9466035482267785E+002  2.9469150374128668E+002  2.9472625532910394E+002  2.9480762306883906E+002  2.9489231096965483E+002  2.9497472281731251E+002  2.9505515942357988E+002  2.9513387386877878E+002  2.9524924763247282E+002  2.9536177562263168E+002  2.9550821141622117E+002  2.9568644316230905E+002  2.9586009876790717E+002  2.9602983720407201E+002  2.9619613449181230E+002  2.9635938703477279E+002  2.9651998284129485E+002  2.9667835789857230E+002  2.9683505068064193E+002  2.9714681048996965E+002  2.9746381926039771E+002  2.9780481211680996E+002  2.9817538199476286E+002  2.9845509442523144E+002  2.9867381575683874E+002  2.9887221098480518E+002  2.9906760976984498E+002  2.9926826097914932E+002  2.9947842324328860E+002  2.9970028485772184E+002  2.9993481559410924E+002  3.0018219918521578E+002  3.0044207776188978E+002  3.0071370256706444E+002  3.0099603393459620E+002  3.0128781200125133E+002  3.0158760970926352E+002  3.0189387470466482E+002  3.0220496407910582E+002  3.0251917438701275E+002  3.0283476846253433E+002  3.0314999999999998E+002
  2.9316499999999996E+002  2.9410329170720968E+002  2.9446495813173368E+002  2.9465822573398901E+002  2.9477677368945660E+002  2.9485996087972376E+002  2.9492391016498044E+002  2.9497638160359298E+002  2.9502153352159456E+002  2.9506177663678392E+002  2.9509859596986377E+002  2.9516516335323735E+002  2.9522622265572346E+002  2.9528402068420917E+002  2.9533981667736231E+002  2.9539436879606239E+002  2.9547480514587710E+002  2.9555449647799685E+002  2.9566048015171936E+002  2.9579346548844768E+002  2.9592750219466467E+002  2.9606273190561552E+002  2.9619912021495020E+002  2.9633657754919989E+002  2.9647503521720296E+002  2.9661450334654177E+002  2.9675512487588009E+002  2.9704186790383687E+002  2.9734073987008583E+002  2.9766864369832803E+002  2.9807260667407155E+002  2.9845474623696208E+002  2.9871677285296596E+002  2.9893992883592915E+002  2.9915174216907593E+002  2.9936352502317607E+002  2.9958079175821939E+002  2.9980639403543046E+002  3.0004173371265676E+002  3.0028732455753067E+002  3.0054308976247910E+002  3.0080853712085008E+002  3.0108287148166755E+002  3.0136507232525679E+002  3.0165395062233466E+002  3.0194819271681047E+002  3.0224639573050723E+002  3.0254709724559586E+002  3.0284880103190642E+002  3.0314999999999998E+002
  2.9317999999999995E+002  2.9356826450489547E+002  2.9379405958324827E+002  2.9401021405572237E+002  2.9421546226187968E+002  2.9438337452547370E+002  2.9452560876165973E+002  2.9464869155435542E+002  2.9475671566468992E+002  2.9485247507642811E+002  2.9493801074333561E+002  2.9508406085433217E+002  2.9520469320523847E+002  2.9530654449947906E+002  2.9539447592200656E+002  2.9547207604657660E+002  2.9557433552931383E+002  2.9566541195748641E+002  2.9577570324569024E+002  2.9590335442518119E+002  2.9602536740319067E+002  2.9614485381699035E+002  2.9626356036629022E+002  2.9638254176427131E+002  2.9650249995197260E+002  2.9662396886367736E+002  2.9674742695371077E+002  2.9700249362970408E+002  2.9727307690531813E+002  2.9757075021923976E+002  2.9793011885397851E+002  2.9846453715858911E+002  2.9876522509549324E+002  2.9900737082948262E+002  2.9923168735490219E+002  2.9945200528907526E+002  2.9967466930260099E+002  2.9990294315111908E+002  3.0013850942005035E+002  3.0038211615968714E+002  3.0063390393522616E+002  3.0089359214087972E+002  3.0116059567752910E+002  3.0143410395648897E+002  3.0171313800878619E+002  3.0199659409821908E+002  3.0228327860176779E+002  3.0257193701732621E+002  3.0286127890940560E+002  3.0314999999999998E+002
  2.9456500000000000E+002  2.9452749750431491E+002  2.9453467524881796E+002  2.9455205825659152E+002  2.9457664813446331E+002  2.9460867413981907E+002  2.9464913802661005E+002  2.9469932519813648E+002  2.9476068354669047E+002  2.9482071374929592E+002  2.9487928670341404E+002  2.9499240925142158E+002  2.9509951797314130E+002  2.9520081430865071E+002  2.9529647960383335E+002  2.9538667621015230E+002  2.9551214017427560E+002  2.9562655032878058E+002  2.9576389386350513E+002  2.9591603234446518E+002  2.9605287728065326E+002  2.9617959094229582E+002  2.9629989741602606E+002  2.9641641017836798E+002  2.9653097103812610E+002  2.9664491094827935E+002  2.9675923727054430E+002  2.9699199172638424E+002  2.9723545818232458E+002  2.9749885889065666E+002  2.9781096514158440E+002  2.9849525651892264E+002  2.9882674701566151E+002  2.9907988910549966E+002  2.9931142367275390E+002  2.9953683519551942E+002  2.9976267300667615E+002  2.9999223172561909E+002  3.0022724161294263E+002  3.0046853706335366E+002  3.0071637715376818E+002  3.0097062289406477E+002  3.0123084664250229E+002  3.0149640580833221E+002  3.0176649612635197E+002  3.0204019245071527E+002  3.0231648151081515E+002  3.0259428927040045E+002  3.0287250454858162E+002  3.0314999999999998E+002
  2.9588999999999999E+002  2.9558451747608507E+002  2.9550696704416657E+002  2.9546914868936483E+002  2.9544653596811588E+002  2.9543162466134902E+002  2.9542126248434511E+002  2.9541387574375904E+002  2.9540859198870805E+002  2.9540489890491290E+002  2.9540249694200821E+002  2.9540116666977781E+002  2.9540569420430245E+002  2.9541848746306545E+002  2.9544279671780833E+002  2.9547932118894471E+002  2.9554286953477555E+002  2.9561424616703198E+002  2.9571944653136495E+002  2.9586244786673058E+002  2.9601072705454686E+002  2.9615566951866231E+002  2.9629157335087240E+002  2.9641799489946931E+002  2.9653718976844243E+002  2.9665175039370888E+002  2.9676385302857119E+002  2.9698614728267080E+002  2.9721680394528158E+002  2.9747200214708249E+002  2.9779488792708395E+002  2.9847221955164684E+002  2.9887425161195921E+002  2.9914753365974900E+002  2.9938777001122395E+002  2.9961756679420768E+002  2.9984545361724730E+002  3.0007533640327682E+002  3.0030915253973677E+002  3.0054783485953385E+002  3.0079172606643129E+002  3.0104078326265756E+002  3.0129469231486826E+002  3.0155293951591131E+002  3.0181486115941692E+002  3.0207968072477331E+002  3.0234653858306791E+002  3.0261451689319011E+002  3.0288266124248651E+002  3.0314999999999998E+002
  2.9680499999999995E+002  2.9646083971158168E+002  2.9636389456675943E+002  2.9631268630494702E+002  2.9627968854245137E+002  2.9625616185828648E+002  2.9623831867358632E+002  2.9622420960556951E+002  2.9621271354680232E+002  2.9620313327340460E+002  2.9619500913424014E+002  2.9618199930424436E+002  2.9617199102663545E+002  2.9616408143819842E+002  2.9615771851242073E+002  2.9615254482337730E+002  2.9614651990701287E+002  2.9614211703907182E+002  2.9613829677667621E+002  2.9613678428399891E+002  2.9615154896054707E+002  2.9619417211085965E+002  2.9625901716986385E+002  2.9634633721317289E+002  2.9645720246839903E+002  2.9659160789632500E+002  2.9673839847835592E+002  2.9699106920593556E+002  2.9722874060436158E+002  2.9749289690010170E+002  2.9783362743840581E+002  2.9843763256774196E+002  2.9889536171196909E+002  2.9919736876073671E+002  2.9945230761710621E+002  2.9968959740168430E+002  2.9992088579933147E+002  3.0015157258928082E+002  3.0038433376624943E+002  3.0062048543564640E+002  3.0086059047259414E+002  3.0110475622294786E+002  3.0135279320734185E+002  3.0160430684727055E+002  3.0185875515043182E+002  3.0211548827423485E+002  3.0237377799739346E+002  3.0263284129968730E+002  3.0289186032408259E+002  3.0314999999999998E+002
  2.9664499999999998E+002  2.9654830736407604E+002  2.9651753085917431E+002  2.9649990210589681E+002  2.9648786362094938E+002  2.9647889674870697E+002  2.9647185978677282E+002  2.9646614095964128E+002  2.9646137560743176E+002  2.9645732963554389E+002  2.9645384430729700E+002  2.9644815326216997E+002  2.9644368770254630E+002  2.9644010589382344E+002  2.9643719252030093E+002  2.9643480472570718E+002  2.9643200624880768E+002  2.9642995711873647E+002  2.9642819079669192E+002  2.9642749302562862E+002  2.9643047942111161E+002  2.9644417407547337E+002  2.9646942701409711E+002  2.9650515275778378E+002  2.9655209777105540E+002  2.9661128231454182E+002  2.9668423641990825E+002  2.9688578467301920E+002  2.9721644764844382E+002  2.9754585965948718E+002  2.9790892863573811E+002  2.9846607606472270E+002  2.9890999526804990E+002  2.9923206783121867E+002  2.9950257191555835E+002  2.9974963811503721E+002  2.9998630517248580E+002  3.0021920814214866E+002  3.0045187349662098E+002  3.0068617364727828E+002  3.0092303746550670E+002  3.0116282353423549E+002  3.0140552794774516E+002  3.0165090622915545E+002  3.0189854875747341E+002  3.0214793019488951E+002  3.0239844397728768E+002  3.0264942801373098E+002  3.0290018508895912E+002  3.0314999999999998E+002
  2.9719499999999999E+002  2.9695849062315409E+002  2.9688493849945939E+002  2.9684357449311324E+002  2.9681570522438346E+002  2.9679514037593214E+002  2.9677909895318453E+002  2.9676610563226495E+002  2.9675528992177124E+002  2.9674609847783660E+002  2.9673815953639865E+002  2.9672510581689403E+002  2.9671471449912468E+002  2.9670620943142001E+002  2.9669910551170688E+002  2.9669308173597733E+002  2.9668561414084417E+002  2.9667958324737100E+002  2.9667324665105593E+002  2.9666742323560527E+002  2.9666345402780115E+002  2.9666115518808914E+002  2.9666105294181386E+002  2.9666826458740150E+002  2.9669169166075233E+002  2.9672689056726063E+002  2.9677442252746141E+002  2.9691356174272829E+002  2.9712691577006115E+002  2.9746066367309527E+002  2.9800087347750031E+002  2.9852440451188392E+002  2.9893438261815095E+002  2.9926142038630707E+002  2.9954240238581161E+002  2.9979837601167714E+002  3.0004107472452114E+002  3.0027725872305143E+002  3.0051089279663614E+002  3.0074428846418181E+002  3.0097873942243933E+002  3.0121489187245925E+002  3.0145296836015655E+002  3.0169290745412491E+002  3.0193445368753629E+002  3.0217721748448110E+002  3.0242071667439103E+002  3.0266440656684097E+002  3.0290770285340909E+002  3.0314999999999998E+002
  2.9683499999999998E+002  2.9684145984893519E+002  2.9684150833276686E+002  2.9684059839829786E+002  2.9683942514299247E+002  2.9683818818699490E+002  2.9683696312876452E+002  2.9683578212728736E+002  2.9683465911321190E+002  2.9683359950513926E+002  2.9683260449666773E+002  2.9683079677505754E+002  2.9682922654986533E+002  2.9682787178035687E+002  2.9682671220528380E+002  2.9682573079289193E+002  2.9682456134016826E+002  2.9682373392541189E+002  2.9682314878268306E+002  2.9682340983518725E+002  2.9682548790912114E+002  2.9683113212124925E+002  2.9684402186007327E+002  2.9686604199199365E+002  2.9689554957163369E+002  2.9693345590862816E+002  2.9698081330031687E+002  2.9710822860978016E+002  2.9729105890343544E+002  2.9754712469757499E+002  2.9789861500546738E+002  2.9835299418939616E+002  2.9883098175277098E+002  2.9922951205739645E+002  2.9955169822405617E+002  2.9982901443969661E+002  3.0008282590977160E+002  3.0032470458267784E+002  3.0056077803521117E+002  3.0079438416405429E+002  3.0102737756942150E+002  3.0126076386253646E+002  3.0149502634825228E+002  3.0173030869685067E+002  3.0196652552482556E+002  3.0220343393298992E+002  3.0244068237440149E+002  3.0267784566669991E+002  3.0291445126944751E+002  3.0314999999999998E+002
  2.9628999999999996E+002  2.9652397401389993E+002  2.9660026189592247E+002  2.9664482232280045E+002  2.9667567429396161E+002  2.9669885321129146E+002  2.9671712723949253E+002  2.9673200498904566E+002  2.9674440441370979E+002  2.9675492849664863E+002  2.9676399615988629E+002  2.9677877041991189E+002  2.9679053036136781E+002  2.9680027084280863E+002  2.9680864910707288E+002  2.9681612540691344E+002  2.9682630091479518E+002  2.9683606462212327E+002  2.9684952882040119E+002  2.9686923942721313E+002  2.9689494154057263E+002  2.9692385628844272E+002  2.9695684794422817E+002  2.9699471930165674E+002  2.9703826987523348E+002  2.9708830533680538E+002  2.9714564322449280E+002  2.9728516524614025E+002  2.9746449662458281E+002  2.9769148188682090E+002  2.9797368722209126E+002  2.9831461121368858E+002  2.9870333341278058E+002  2.9910292136411283E+002  2.9947119837831457E+002  2.9979486197450888E+002  3.0008191639149527E+002  3.0034444434351502E+002  3.0059211115606166E+002  3.0083137788878190E+002  3.0106622367055672E+002  3.0129897508217300E+002  3.0153091958795073E+002  3.0176270108776691E+002  3.0199456207841251E+002  3.0222649051555715E+002  3.0245831049165383E+002  3.0268974038654011E+002  3.0292043220380447E+002  3.0314999999999998E+002
  2.9538999999999999E+002  2.9577781458690100E+002  2.9592804012400205E+002  2.9602966286273590E+002  2.9610974463695624E+002  2.9617734234546606E+002  2.9623660136557720E+002  2.9628977771017810E+002  2.9633824602997566E+002  2.9638291517351661E+002  2.9642442544358170E+002  2.9649954889136342E+002  2.9656275780962756E+002  2.9661576416796305E+002  2.9666113576127844E+002  2.9670063508315684E+002  2.9675141795956432E+002  2.9679484176819670E+002  2.9684466265855531E+002  2.9689871806483984E+002  2.9694806220682318E+002  2.9699578714389463E+002  2.9704408867107315E+002  2.9709458880353986E+002  2.9714853789245115E+002  2.9720694798199969E+002  2.9727068223725200E+002  2.9741658555597104E+002  2.9759258292851098E+002  2.9780404765691605E+002  2.9805572783956046E+002  2.9835023534127288E+002  2.9868428345845831E+002  2.9904315207780667E+002  2.9940168232955654E+002  2.9973882747548868E+002  3.0004772350147300E+002  3.0033130768188738E+002  3.0059560553792181E+002  3.0084641211233293E+002  3.0108828953695371E+002  3.0132449859391716E+002  3.0155722123502483E+002  3.0178782943289116E+002  3.0201711824935609E+002  3.0224548464900988E+002  3.0247305690097443E+002  3.0269978590343032E+002  3.0292550965973169E+002  3.0314999999999998E+002
  2.9470499999999998E+002  2.9518190028227201E+002  2.9537684201673568E+002  2.9551492870569217E+002  2.9562829079941048E+002  2.9572761518384152E+002  2.9581774774193076E+002  2.9590129522582077E+002  2.9597982696064912E+002  2.9605315912673120E+002  2.9611831182378381E+002  2.9622963581948960E+002  2.9632260013942386E+002  2.9640218160924735E+002  2.9647161334149939E+002  2.9653311958834564E+002  2.9661375095556878E+002  2.9668390648740075E+002  2.9676536499983661E+002  2.9685357849782787E+002  2.9693197678699676E+002  2.9700432245941056E+002  2.9707334460222722E+002  2.9714111924496865E+002  2.9720928657948684E+002  2.9727918429594553E+002  2.9735193460671042E+002  2.9750906258958327E+002  2.9768780860599173E+002  2.9789341966943493E+002  2.9813016607218242E+002  2.9840070693313083E+002  2.9870418340880678E+002  2.9903308459307681E+002  2.9937206591104706E+002  2.9970384455513727E+002  3.0001771070011944E+002  3.0031111073370397E+002  3.0058616410373281E+002  3.0084651784328162E+002  3.0109579137442154E+002  3.0133701739871833E+002  3.0157252861629411E+002  3.0180401596032027E+002  3.0203264058997507E+002  3.0225915146828714E+002  3.0248399029540201E+002  3.0270737876840622E+002  3.0292938896351365E+002  3.0314999999999998E+002
  2.9379999999999995E+002  2.9448251993793400E+002  2.9477507692073459E+002  2.9498576837006817E+002  2.9515934219424531E+002  2.9531116454060907E+002  2.9544854516579454E+002  2.9556713465518624E+002  2.9566898270070595E+002  2.9575819135871262E+002  2.9583753838035074E+002  2.9597356068243960E+002  2.9608796334362904E+002  2.9618676182902448E+002  2.9627379257329937E+002  2.9635165063983146E+002  2.9645496319481293E+002  2.9654601582245056E+002  2.9665304892254500E+002  2.9677008023297606E+002  2.9687417075876726E+002  2.9696933553995143E+002  2.9705847967262230E+002  2.9714382363544991E+002  2.9722713992237897E+002  2.9730989307149520E+002  2.9739332708720889E+002  2.9756560085804966E+002  2.9775197508667225E+002  2.9795822409786467E+002  2.9818898384714669E+002  2.9844739905840277E+002  2.9873389404909830E+002  2.9904405146565102E+002  2.9936733723807390E+002  2.9969009017162301E+002  3.0000166564653830E+002  3.0029737938520441E+002  3.0057706715553110E+002  3.0084270089646810E+002  3.0109685309778672E+002  3.0134198448011483E+002  3.0158018268373820E+002  3.0181310593465122E+002  3.0204201139134994E+002  3.0226781441725308E+002  3.0249115540815552E+002  3.0271246436003230E+002  3.0293201958970525E+002  3.0314999999999998E+002
  2.9289499999999998E+002  2.9369357368142175E+002  2.9406682174446962E+002  2.9435379177671928E+002  2.9460301366102919E+002  2.9481948235651925E+002  2.9499603296081239E+002  2.9514499745510602E+002  2.9527376112971251E+002  2.9538709504884241E+002  2.9548825939642154E+002  2.9566232578850577E+002  2.9580897866597701E+002  2.9593556780273656E+002  2.9604685832323139E+002  2.9614612213777548E+002  2.9627722714121740E+002  2.9639205175965816E+002  2.9652597897885283E+002  2.9667093893802280E+002  2.9679844265696812E+002  2.9691368287992765E+002  2.9702030869183250E+002  2.9712100788200729E+002  2.9721784262002137E+002  2.9731245448875598E+002  2.9740619512012756E+002  2.9759455785103398E+002  2.9779133207132099E+002  2.9800251454625345E+002  2.9823301239774008E+002  2.9848640454664309E+002  2.9876396672342548E+002  2.9906296359815775E+002  2.9937545709527888E+002  2.9969022659831694E+002  2.9999753607404745E+002  3.0029215086523556E+002  3.0057282626630234E+002  3.0084052603206845E+002  3.0109706507132250E+002  3.0134439573420343E+002  3.0158430020207180E+002  3.0181828530001786E+002  3.0204756892156320E+002  3.0227310543758011E+002  3.0249562618281089E+002  3.0271568432530012E+002  3.0293369945107634E+002  3.0314999999999998E+002
  2.9021499999999997E+002  2.9266006120761034E+002  2.9335297341249009E+002  2.9384099208832509E+002  2.9417484497997185E+002  2.9442676943362130E+002  2.9462860424948354E+002  2.9479696384639533E+002  2.9494151001116325E+002  2.9506830713090864E+002  2.9518138623501187E+002  2.9537620662762606E+002  2.9554128641937081E+002  2.9568484628501227E+002  2.9581206012484631E+002  2.9592640449250035E+002  2.9607878736003551E+002  2.9621343230205429E+002  2.9637172490554639E+002  2.9654407718595508E+002  2.9669584730515516E+002  2.9683251624677985E+002  2.9695800186737154E+002  2.9707524299181642E+002  2.9718653315873917E+002  2.9729372285101039E+002  2.9739834797612770E+002  2.9760379785104999E+002  2.9781244917793401E+002  2.9803095126360455E+002  2.9826468671821362E+002  2.9851767605512725E+002  2.9879176464365958E+002  2.9908510731738335E+002  2.9939108555049313E+002  2.9969993868055911E+002  3.0000290223800067E+002  3.0029495271462025E+002  3.0057454772583645E+002  3.0084217965770210E+002  3.0109920974793073E+002  3.0134722610641580E+002  3.0158774994017517E+002  3.0182212189578092E+002  3.0205147300965899E+002  3.0227673358490296E+002  3.0249865831003495E+002  3.0271785767845785E+002  3.0293483115380843E+002  3.0314999999999998E+002
  2.9008999999999997E+002  2.9149908950129293E+002  2.9231441820559377E+002  2.9289808518130422E+002  2.9331726543504271E+002  2.9364461547333451E+002  2.9391317399543107E+002  2.9414074623912393E+002  2.9433803125981819E+002  2.9451196788387210E+002  2.9466731918273200E+002  2.9493442316088090E+002  2.9515856597553045E+002  2.9535080671833299E+002  2.9551844086602966E+002  2.9566657117195592E+002  2.9585972488307669E+002  2.9602629921983106E+002  2.9621715410436803E+002  2.9641947106237546E+002  2.9659393623021634E+002  2.9674884234057345E+002  2.9688973242745232E+002  2.9702045507123660E+002  2.9714379130897737E+002  2.9726183879416345E+002  2.9737625131151935E+002  2.9759815111609583E+002  2.9781936866640700E+002  2.9804680278775902E+002  2.9828619407398736E+002  2.9854199792998037E+002  2.9881652150941414E+002  2.9910836494627637E+002  2.9941139685549604E+002  2.9971654621801150E+002  3.0001585506201457E+002  3.0030487783439878E+002  3.0058227304873623E+002  3.0084846234166753E+002  3.0110461537007603E+002  3.0135210702530901E+002  3.0159227196089296E+002  3.0182630893297363E+002  3.0205525452360189E+002  3.0227998780791711E+002  3.0250124838350104E+002  3.0271965979018472E+002  3.0293575467526756E+002  3.0314999999999998E+002
  2.9000000000000000E+002  2.9122260992515385E+002  2.9196182920243376E+002  2.9251362410480232E+002  2.9291735553075949E+002  2.9323753770818104E+002  2.9350375807687880E+002  2.9373209086363744E+002  2.9393226602342838E+002  2.9411063418895515E+002  2.9427157743754350E+002  2.9455247233212134E+002  2.9479269598825027E+002  2.9500249765831575E+002  2.9518860589859509E+002  2.9535569161038609E+002  2.9557752371381298E+002  2.9577218365710939E+002  2.9599857139350257E+002  2.9624090643339082E+002  2.9644977987780089E+002  2.9663357877590113E+002  2.9679838371812411E+002  2.9694876921538258E+002  2.9708826985911014E+002  2.9721967474696822E+002  2.9734522599647255E+002  2.9758407042229078E+002  2.9781769432607047E+002  2.9805432296781737E+002  2.9830044547683667E+002  2.9856102096361138E+002  2.9883868882972394E+002  2.9913209395765369E+002  2.9943492295465524E+002  2.9973822144307508E+002  3.0003470243021252E+002  3.0032069843894459E+002  3.0059535968571481E+002  3.0085929037199440E+002  3.0111365364226361E+002  3.0135973378451973E+002  3.0159875274991720E+002  3.0183180529472992E+002  3.0205984565101397E+002  3.0228369569878947E+002  3.0250406167169695E+002  3.0272155386083978E+002  3.0293670695554778E+002  3.0314999999999998E+002
  2.9008499999999998E+002  2.9123162550709088E+002  2.9191086523044629E+002  2.9241095807180881E+002  2.9277679784101832E+002  2.9306789973433837E+002  2.9331130029736022E+002  2.9352154749347312E+002  2.9370736340680565E+002  2.9387438731867576E+002  2.9402647479649818E+002  2.9429568298767668E+002  2.9453026643721762E+002  2.9473891391706610E+002  2.9492725160501351E+002  2.9509913734452959E+002  2.9533176735937968E+002  2.9554005486890009E+002  2.9578721339486378E+002  2.9605707068852854E+002  2.9629295567973395E+002  2.9650195299981732E+002  2.9668950728616863E+002  2.9685998479998727E+002  2.9701696840555292E+002  2.9716343529641875E+002  2.9730188110359302E+002  2.9756062403693511E+002  2.9780856665033366E+002  2.9805561266161538E+002  2.9830955780446669E+002  2.9857633175629269E+002  2.9885910612800416E+002  2.9915634316313640E+002  2.9946097555693359E+002  2.9976375377180796E+002  3.0005805013355359E+002  3.0034113908409984E+002  3.0061283096297342E+002  3.0087404994221708E+002  3.0112605909189358E+002  3.0137013091579820E+002  3.0160742940767659E+002  3.0183897972433971E+002  3.0206567151416772E+002  3.0228827406970976E+002  3.0250745483157783E+002  3.0272379811089240E+002  3.0293782297337975E+002  3.0314999999999998E+002
  2.9040499999999997E+002  2.9132997041869601E+002  2.9187189698733732E+002  2.9232026759879017E+002  2.9265318948396362E+002  2.9292147462013844E+002  2.9314827862277832E+002  2.9334609913698648E+002  2.9352245149540664E+002  2.9368220941230004E+002  2.9382871531410336E+002  2.9409061446310693E+002  2.9432139578491899E+002  2.9452870948994257E+002  2.9471754650320884E+002  2.9489135457607813E+002  2.9512898617953289E+002  2.9534422382804320E+002  2.9560297171472803E+002  2.9588992898667891E+002  2.9614456948101792E+002  2.9637281675921685E+002  2.9657916350781835E+002  2.9676729654917108E+002  2.9694039779060091E+002  2.9710127690840534E+002  2.9725242900705820E+002  2.9753140786075539E+002  2.9779439069680438E+002  2.9805268865850638E+002  2.9831540319659138E+002  2.9858957207502573E+002  2.9887898355733046E+002  2.9918167662419319E+002  2.9948935270969622E+002  2.9979230976442102E+002  3.0008473888509110E+002  3.0036499518293039E+002  3.0063361636677956E+002  3.0089189187425626E+002  3.0114122720820217E+002  3.0138292252424134E+002  3.0161811688324320E+002  3.0184779055598057E+002  3.0207278469486283E+002  3.0229382414335169E+002  3.0251153892572194E+002  3.0272648339720456E+002  3.0293915314350340E+002  3.0314999999999998E+002
  2.9015999999999997E+002  2.9115254355140058E+002  2.9173074126298610E+002  2.9219045704772213E+002  2.9252738057123105E+002  2.9279578447251254E+002  2.9302044326917559E+002  2.9321475265880963E+002  2.9338678137516348E+002  2.9354176842357219E+002  2.9368330867877415E+002  2.9393523289050614E+002  2.9415689848788907E+002  2.9435644337861032E+002  2.9453910448129551E+002  2.9470842986647722E+002  2.9494252519829155E+002  2.9515783790836468E+002  2.9542171085178910E+002  2.9572146416131875E+002  2.9599347080118588E+002  2.9624124635292355E+002  2.9646729302729733E+002  2.9667394269368987E+002  2.9686368246431573E+002  2.9703913636361261E+002  2.9720291555152005E+002  2.9750142674440900E+002  2.9777893404663598E+002  2.9804836759032162E+002  2.9832019821357596E+002  2.9860259630932615E+002  2.9889984283669844E+002  2.9920905870389595E+002  2.9952023680900936E+002  2.9982339720739753E+002  3.0011389185148488E+002  3.0039125613773558E+002  3.0065673261862514E+002  3.0091194866819433E+002  3.0115844534944904E+002  3.0139755820571025E+002  3.0163041507723733E+002  3.0185796539768279E+002  3.0208101333518385E+002  3.0230024714557703E+002  3.0251626354278585E+002  3.0272958772189446E+002  3.0294069000717485E+002  3.0314999999999998E+002
  2.9050500000000000E+002  2.9128652639254523E+002  2.9171612783373081E+002  2.9209809062588022E+002  2.9240305264670309E+002  2.9264939592974781E+002  2.9285820282207658E+002  2.9304085987016265E+002  2.9320421878509183E+002  2.9335272557280530E+002  2.9348943088330094E+002  2.9373537347534000E+002  2.9395410369474246E+002  2.9415261009762543E+002  2.9433545007161916E+002  2.9450576951385870E+002  2.9474250707214941E+002  2.9496145806246221E+002  2.9523179057396021E+002  2.9554264547154162E+002  2.9582965239892599E+002  2.9609629210672432E+002  2.9634387367183729E+002  2.9657263091256260E+002  2.9678296108840607E+002  2.9697625097087382E+002  2.9715487111436437E+002  2.9747398763139239E+002  2.9776550257242087E+002  2.9804540368241618E+002  2.9832616637248469E+002  2.9861727775677917E+002  2.9892324246360010E+002  2.9923944870741985E+002  2.9955379952423601E+002  2.9985660824254740E+002  3.0014480086169516E+002  3.0041909925972936E+002  3.0068135201158174E+002  3.0093345103850055E+002  3.0117703684552293E+002  3.0141346840738396E+002  3.0164386279982443E+002  3.0186914423368387E+002  3.0209008671009286E+002  3.0230734796355773E+002  3.0252149591328771E+002  3.0273302941580124E+002  3.0294239488651971E+002  3.0314999999999998E+002
  2.9109999999999997E+002  2.9165958698527140E+002  2.9194623167715724E+002  2.9219455455707401E+002  2.9243872810702493E+002  2.9264931633065868E+002  2.9282971083521960E+002  2.9298894922503763E+002  2.9313250416363189E+002  2.9326394831180772E+002  2.9338574714422725E+002  2.9360692724781563E+002  2.9380583947488554E+002  2.9398825511743513E+002  2.9415796148084121E+002  2.9431758487705736E+002  2.9454216373676110E+002  2.9475278157010172E+002  2.9501720357976899E+002  2.9532809886606168E+002  2.9562274384353418E+002  2.9590495814969648E+002  2.9617639992231824E+002  2.9643602492620363E+002  2.9667977480259998E+002  2.9690310939964809E+002  2.9710532070068507E+002  2.9745073550347894E+002  2.9775658025998399E+002  2.9804612359315757E+002  2.9833533025165565E+002  2.9863540226390381E+002  2.9895060929736366E+002  2.9927350033761820E+002  2.9958992729980906E+002  2.9989143595602349E+002  3.0017681166405453E+002  3.0044782954943969E+002  3.0070678985830779E+002  3.0095575508596829E+002  3.0119641807151817E+002  3.0143014107959931E+002  3.0165802433248837E+002  3.0188096749461238E+002  3.0209971789667060E+002  3.0231490700181030E+002  3.0252707792972677E+002  3.0273670653650936E+002  3.0294421795674037E+002  3.0314999999999998E+002
  2.9219999999999999E+002  2.9248121376388752E+002  2.9261174001207610E+002  2.9271902872958287E+002  2.9282211303470302E+002  2.9292796614613707E+002  2.9304026496445255E+002  2.9315333189020936E+002  2.9325766917478643E+002  2.9335522699078251E+002  2.9344735697934135E+002  2.9361904141594226E+002  2.9377800129013679E+002  2.9392744879765172E+002  2.9406950382848981E+002  2.9420564603690900E+002  2.9440120380046579E+002  2.9458844497017668E+002  2.9482849034442728E+002  2.9511727012968743E+002  2.9539711911193928E+002  2.9567143604025142E+002  2.9594330621380345E+002  2.9621590664406870E+002  2.9649231157054732E+002  2.9677162777861724E+002  2.9703600689222714E+002  2.9743291426258043E+002  2.9775492711804844E+002  2.9805271663815080E+002  2.9834947806683891E+002  2.9865856184832273E+002  2.9898302582728462E+002  2.9931132651909877E+002  2.9962813074993272E+002  2.9992724591915515E+002  3.0020929616923297E+002  3.0047685077103506E+002  3.0073248493900928E+002  3.0097833855520639E+002  3.0121611152758675E+002  3.0144714904529184E+002  3.0167252680476668E+002  3.0189311861176697E+002  3.0210964683976113E+002  3.0232271964700931E+002  3.0253285865094887E+002  3.0274051989439027E+002  3.0294611014723324E+002  3.0314999999999998E+002
  2.9342999999999995E+002  2.9347222077041079E+002  2.9349881511087324E+002  2.9352346314881191E+002  2.9354863805745509E+002  2.9357553518386368E+002  2.9360499197055043E+002  2.9363771027713119E+002  2.9367433588113880E+002  2.9371549579919883E+002  2.9376182101939042E+002  2.9386670180053767E+002  2.9396908277583299E+002  2.9406956432124633E+002  2.9416858802763466E+002  2.9426648889671299E+002  2.9441197378581853E+002  2.9455617096864381E+002  2.9474755791448558E+002  2.9498658958361580E+002  2.9522628770525375E+002  2.9546797261039160E+002  2.9571306357035121E+002  2.9596319300058923E+002  2.9621993109213469E+002  2.9648304959856534E+002  2.9674404425272741E+002  2.9743332257151337E+002  2.9776746591026767E+002  2.9806851404417966E+002  2.9837062989198807E+002  2.9868821431979688E+002  2.9902098222171247E+002  2.9935237350519071E+002  2.9966760698284168E+002  2.9996334045406968E+002  3.0024167628847385E+002  3.0050566318977121E+002  3.0075798808303472E+002  3.0100079078343134E+002  3.0123574209146773E+002  3.0146415380981762E+002  3.0168707065772861E+002  3.0190533912521340E+002  3.0211965767724132E+002  3.0233061340004542E+002  3.0253870911685254E+002  3.0274438387323090E+002  3.0294802882978871E+002  3.0314999999999998E+002
  2.9452999999999997E+002  2.9439822390002990E+002  2.9436502062193648E+002  2.9435015765424845E+002  2.9434271680812577E+002  2.9433930624546321E+002  2.9433856092930858E+002  2.9433991195748814E+002  2.9434308160863549E+002  2.9434797574605011E+002  2.9435461198575126E+002  2.9437354302612613E+002  2.9440107555706044E+002  2.9443896059445638E+002  2.9448936485547466E+002  2.9454476764221380E+002  2.9463203586480631E+002  2.9472346285705299E+002  2.9485131705531319E+002  2.9501984350884277E+002  2.9519721474897761E+002  2.9538334802834186E+002  2.9557859773548387E+002  2.9578385652007927E+002  2.9600071973174943E+002  2.9623163676684783E+002  2.9647990820844689E+002  2.9706356360193678E+002  2.9772362711004251E+002  2.9809040964577372E+002  2.9840043442418454E+002  2.9872543185475911E+002  2.9906407116488884E+002  2.9939551342790503E+002  2.9970741251646996E+002  2.9999905240176724E+002  3.0027345789528334E+002  3.0053386732619197E+002  3.0078295329276267E+002  3.0102280063471977E+002  3.0125502655383764E+002  3.0148089874334875E+002  3.0170142686899021E+002  3.0191742939129159E+002  3.0212958188230471E+002  3.0233845223889728E+002  3.0254452676961466E+002  3.0274822994413171E+002  3.0294993974648122E+002  3.0314999999999998E+002
  2.9316499999999996E+002  2.9389089629212140E+002  2.9416690769638853E+002  2.9433204812922168E+002  2.9444312514685890E+002  2.9452248829337697E+002  2.9458183500880364E+002  2.9462814720549414E+002  2.9466589446614938E+002  2.9469773162262265E+002  2.9472554461695034E+002  2.9477325875544761E+002  2.9481564063824703E+002  2.9485555064902474E+002  2.9489451671163766E+002  2.9493341357667759E+002  2.9499261504186131E+002  2.9505391776121439E+002  2.9513983965357392E+002  2.9525520387519515E+002  2.9538046514519459E+002  2.9551634681342534E+002  2.9566346769411552E+002  2.9582242167573759E+002  2.9599380953435326E+002  2.9617824199707781E+002  2.9637631622712149E+002  2.9681968633199716E+002  2.9731694439416117E+002  2.9784414511982550E+002  2.9833162724853798E+002  2.9874067272902715E+002  2.9910458171776969E+002  2.9943815704863022E+002  2.9974642383539367E+002  3.0003377192187946E+002  3.0030424053884485E+002  3.0056115883942653E+002  3.0080712539485637E+002  3.0104414201447418E+002  3.0127375989316050E+002  3.0149719756705258E+002  3.0171542817306812E+002  3.0192924247727541E+002  3.0213929443442339E+002  3.0234613451013689E+002  3.0255023448596404E+002  3.0275200633112797E+002  3.0295181693896677E+002  3.0314999999999998E+002
  2.9317999999999995E+002  2.9347081149635807E+002  2.9360816163780106E+002  2.9372098679094978E+002  2.9382778020799469E+002  2.9393454853016698E+002  2.9404374353760045E+002  2.9415135350046148E+002  2.9424749373881144E+002  2.9433437416417604E+002  2.9441356832722840E+002  2.9455328769591739E+002  2.9467338733525014E+002  2.9477828705070459E+002  2.9487119220095468E+002  2.9495456421254534E+002  2.9506568796517968E+002  2.9516486927065409E+002  2.9528465599385316E+002  2.9542321895519643E+002  2.9555717081073482E+002  2.9569137709586965E+002  2.9582884955385998E+002  2.9597151907261997E+002  2.9612067902763204E+002  2.9627723398939503E+002  2.9644183514279439E+002  2.9679782295060488E+002  2.9718946563530073E+002  2.9761565127048863E+002  2.9807209148036742E+002  2.9855020340661110E+002  2.9902784616853211E+002  2.9943991443964569E+002  2.9977287402256616E+002  3.0006404781003107E+002  3.0033290082614792E+002  3.0058708484155983E+002  3.0083025692211021E+002  3.0106463752651626E+002  3.0129179395965906E+002  3.0151291912898120E+002  3.0172895734669771E+002  3.0194067509483966E+002  3.0214870696783419E+002  3.0235358795212943E+002  3.0255577716655330E+002  3.0275567590240541E+002  3.0295364174675615E+002  3.0314999999999998E+002
  2.9456500000000000E+002  2.9447529745558967E+002  2.9445981058685788E+002  2.9445806360286946E+002  2.9446237393561552E+002  2.9447053207422789E+002  2.9448179854470732E+002  2.9449596394936754E+002  2.9451304454509034E+002  2.9453316288348907E+002  2.9455649461342102E+002  2.9461388772561725E+002  2.9468674346079507E+002  2.9476294980743188E+002  2.9483757732323880E+002  2.9491064608863411E+002  2.9501764189656586E+002  2.9512159106754552E+002  2.9525616898991791E+002  2.9541890175301035E+002  2.9557676369951923E+002  2.9573117036376470E+002  2.9588352868679675E+002  2.9603523755495621E+002  2.9618764569546158E+002  2.9634200006427119E+002  2.9649940850294200E+002  2.9682704673471471E+002  2.9717629749459496E+002  2.9755085510442751E+002  2.9795334544104713E+002  2.9838601461285293E+002  2.9884934515329621E+002  2.9932462712833046E+002  2.9973824752458859E+002  3.0006859417238320E+002  3.0035094146753795E+002  3.0060832885033216E+002  3.0085103120124694E+002  3.0108373094400616E+002  3.0130886302009515E+002  3.0152791186345371E+002  3.0174191123311914E+002  3.0195164829027215E+002  3.0215775617057375E+002  3.0236076219805790E+002  3.0256111682096559E+002  3.0275921315271313E+002  3.0295540136600505E+002  3.0314999999999998E+002
  2.9588999999999999E+002  2.9554410672419908E+002  2.9545183826505496E+002  2.9540512162215180E+002  2.9537617626815143E+002  2.9535634258025158E+002  2.9534192382984406E+002  2.9533104308022308E+002  2.9532263542785324E+002  2.9531604863202062E+002  2.9531086102987035E+002  2.9530369133010197E+002  2.9529971914274188E+002  2.9529848238336018E+002  2.9530045984558319E+002  2.9530648454310506E+002  2.9532528346863882E+002  2.9535939876757817E+002  2.9542697860459162E+002  2.9552600616650341E+002  2.9563780261320136E+002  2.9576035569057728E+002  2.9589223487506547E+002  2.9603226020508794E+002  2.9617930536621509E+002  2.9633224197927927E+002  2.9649001628049047E+002  2.9681802924233756E+002  2.9715888665700362E+002  2.9751480663248697E+002  2.9789038245881312E+002  2.9829100326613758E+002  2.9872223572179001E+002  2.9918485649454300E+002  2.9964515462367825E+002  3.0003224424242484E+002  3.0034636911361355E+002  3.0061788337385599E+002  3.0086580375482447E+002  3.0109962726477346E+002  3.0132409904828779E+002  3.0154175042742759E+002  3.0175407149522636E+002  3.0196204102625416E+002  3.0216636866106836E+002  3.0236760950006408E+002  3.0256622173071690E+002  3.0276259828364010E+002  3.0295708621448495E+002  3.0314999999999998E+002
  2.9680499999999995E+002  2.9642809281388980E+002  2.9632133633782291E+002  2.9626468613938908E+002  2.9622803302438064E+002  2.9620180163011884E+002  2.9618183555715035E+002  2.9616599249797525E+002  2.9615303875132179E+002  2.9614220612672017E+002  2.9613298760799233E+002  2.9611814462372138E+002  2.9610663837755214E+002  2.9609746855888483E+002  2.9609002231821574E+002  2.9608390186844423E+002  2.9607665449844922E+002  2.9607120716641168E+002  2.9606618320721969E+002  2.9606310758884308E+002  2.9606687626843524E+002  2.9609287333765997E+002  2.9614184853155615E+002  2.9620803968373087E+002  2.9629033176409325E+002  2.9638788717349217E+002  2.9650004065869535E+002  2.9676864326844441E+002  2.9708578190668561E+002  2.9743872071014152E+002  2.9781412532932347E+002  2.9820718207653897E+002  2.9862247162799468E+002  2.9906768005694352E+002  2.9953633688805309E+002  2.9996867077380148E+002  3.0032059484355904E+002  3.0061352750153799E+002  3.0087209305772973E+002  3.0111051875993041E+002  3.0133638865155245E+002  3.0155380814106172E+002  3.0176510224430046E+002  3.0197167625735176E+002  3.0217444984415391E+002  3.0237407743901031E+002  3.0257106183855421E+002  3.0276581440982301E+002  3.0295868858837309E+002  3.0314999999999998E+002
  2.9664499999999998E+002  2.9653143546956670E+002  2.9649593117787418E+002  2.9647587677144639E+002  2.9646233459849083E+002  2.9645234044415804E+002  2.9644455816155687E+002  2.9643827597397336E+002  2.9643307207836096E+002  2.9642867721534896E+002  2.9642490977800185E+002  2.9641879958467968E+002  2.9641404575593884E+002  2.9641026521861050E+002  2.9640721869806180E+002  2.9640474895666375E+002  2.9640190623764221E+002  2.9639989761274472E+002  2.9639833515224120E+002  2.9639853575618355E+002  2.9640535930545815E+002  2.9642727449524489E+002  2.9645995602059384E+002  2.9650335864589113E+002  2.9655742616420844E+002  2.9662217669184167E+002  2.9669771868209762E+002  2.9688210474959135E+002  2.9711208707675036E+002  2.9738947952333763E+002  2.9771508702735127E+002  2.9808697481906069E+002  2.9849972309730612E+002  2.9894828128331562E+002  2.9942876215151153E+002  2.9989762966258434E+002  3.0028475278960866E+002  3.0059990378375556E+002  3.0087120238299531E+002  3.0111637228218535E+002  3.0134534420064580E+002  3.0156372373534174E+002  3.0177476392947347E+002  3.0198042384183412E+002  3.0218194125583250E+002  3.0238014625675709E+002  3.0257563454845081E+002  3.0276886424105118E+002  3.0296021089065084E+002  3.0314999999999998E+002
  2.9719499999999999E+002  2.9694652899664595E+002  2.9687142797592884E+002  2.9683002883516031E+002  2.9680254461143960E+002  2.9678249468450133E+002  2.9676699891577175E+002  2.9675454436700267E+002  2.9674424614041760E+002  2.9673554606553739E+002  2.9672807168405058E+002  2.9671587138768353E+002  2.9670624581358271E+002  2.9669843437551543E+002  2.9669196530679483E+002  2.9668652854941843E+002  2.9667987046707310E+002  2.9667458601470133E+002  2.9666918068265011E+002  2.9666448462082815E+002  2.9666173391186550E+002  2.9666133169951422E+002  2.9666972841367237E+002  2.9669595302933823E+002  2.9673461686785970E+002  2.9678509294377409E+002  2.9684689623689582E+002  2.9700440592794689E+002  2.9720130757591431E+002  2.9743560124756573E+002  2.9770842687036685E+002  2.9802329921363088E+002  2.9838567344524193E+002  2.9880443684585418E+002  2.9929671998263132E+002  2.9983847553454694E+002  3.0026087462468433E+002  3.0059019073162744E+002  3.0086988142133259E+002  3.0112032680705880E+002  3.0135228938126068E+002  3.0157199524097769E+002  3.0178322403722780E+002  3.0198834287944413E+002  3.0218887844388905E+002  3.0238585106693318E+002  3.0257997431495403E+002  3.0277177536935585E+002  3.0296166834518272E+002  3.0314999999999998E+002
  2.9683499999999998E+002  2.9684142521745702E+002  2.9684118548723922E+002  2.9684000595284795E+002  2.9683860276172362E+002  2.9683717525287881E+002  2.9683579482931754E+002  2.9683448884589711E+002  2.9683326668922018E+002  2.9683212973623915E+002  2.9683107568234561E+002  2.9682919395819908E+002  2.9682759254922018E+002  2.9682623613978512E+002  2.9682509516822057E+002  2.9682414615497532E+002  2.9682304278661576E+002  2.9682229593281431E+002  2.9682185179146353E+002  2.9682256061017597E+002  2.9682636075955833E+002  2.9683742521489631E+002  2.9685704641171429E+002  2.9688386541666381E+002  2.9691820153119306E+002  2.9696032233158229E+002  2.9701045543635121E+002  2.9713542799798785E+002  2.9729471543391043E+002  2.9749005064863951E+002  2.9772334801041330E+002  2.9799678721695869E+002  2.9831357583045019E+002  2.9868064635544005E+002  2.9912001320564826E+002  2.9975457949146306E+002  3.0026163636169599E+002  3.0059725850117218E+002  3.0087739833884689E+002  3.0112824955350794E+002  3.0136065127358069E+002  3.0158051418651945E+002  3.0179148873422838E+002  3.0199596243345974E+002  3.0219554620289659E+002  3.0239135418540286E+002  3.0258417905700179E+002  3.0277460608186976E+002  3.0296308873240605E+002  3.0314999999999998E+002
  2.9628999999999996E+002  2.9652605216743376E+002  2.9660349226839725E+002  2.9664870180495234E+002  2.9667985094173207E+002  2.9670306945585929E+002  2.9672119300761358E+002  2.9673578124835439E+002  2.9674779178754449E+002  2.9675785882716031E+002  2.9676642599995415E+002  2.9678011091742883E+002  2.9679079145000713E+002  2.9679952485274521E+002  2.9680700620489063E+002  2.9681372091347959E+002  2.9682304238127574E+002  2.9683238642775632E+002  2.9684616631748020E+002  2.9686721179224486E+002  2.9689063871689046E+002  2.9691731491394165E+002  2.9694795640463673E+002  2.9698315406757104E+002  2.9702338103249815E+002  2.9706901760988524E+002  2.9712038634672172E+002  2.9724111764033506E+002  2.9738817517365163E+002  2.9756386493784919E+002  2.9777068252600031E+002  2.9801170152205214E+002  2.9829145649391421E+002  2.9861783488827393E+002  2.9900552742138171E+002  2.9948157389187378E+002  3.0030790138534121E+002  3.0062694183965283E+002  3.0089779572942211E+002  3.0114370088345964E+002  3.0137329173266926E+002  3.0159135689596764E+002  3.0180095522138595E+002  3.0200417600069585E+002  3.0220249812443546E+002  3.0239699226548777E+002  3.0258844947604553E+002  3.0277746933291849E+002  3.0296452301513585E+002  3.0314999999999998E+002
  2.9538999999999999E+002  2.9577721534337059E+002  2.9593075024787328E+002  2.9603641216847404E+002  2.9612079198645745E+002  2.9619277815594268E+002  2.9625643239740566E+002  2.9631396227765777E+002  2.9636671341099907E+002  2.9641557927427601E+002  2.9645982761349762E+002  2.9653345134423239E+002  2.9659285959309614E+002  2.9664200779573838E+002  2.9668346226160213E+002  2.9671899408824385E+002  2.9676374133151415E+002  2.9680110932025667E+002  2.9684289850034139E+002  2.9688715839181600E+002  2.9692712133321550E+002  2.9696585849521961E+002  2.9700543091350011E+002  2.9704724603824400E+002  2.9709228844495289E+002  2.9714126999041599E+002  2.9719472606911029E+002  2.9731619221887922E+002  2.9745968332634050E+002  2.9762729998073712E+002  2.9782117598673148E+002  2.9804383262083473E+002  2.9829879037741961E+002  2.9859263954647753E+002  2.9894280458897964E+002  2.9940592903880258E+002  3.0014535922044632E+002  3.0062263813941865E+002  3.0091974832571384E+002  3.0116537769668412E+002  3.0139102744983620E+002  3.0160563601626779E+002  3.0181259684944428E+002  3.0201373036316448E+002  3.0221026760040945E+002  3.0240312663297874E+002  3.0259301747806347E+002  3.0278050135143479E+002  3.0296603388145121E+002  3.0314999999999998E+002
  2.9470499999999998E+002  2.9517716990392785E+002  2.9537259953201385E+002  2.9551251169523886E+002  2.9562846734258051E+002  2.9573095298185001E+002  2.9582471550604498E+002  2.9591230265509142E+002  2.9599453612922787E+002  2.9606646828282948E+002  2.9613026850425393E+002  2.9623896286097442E+002  2.9632931545833821E+002  2.9640624553971162E+002  2.9647294984099176E+002  2.9653162874138218E+002  2.9660779209967268E+002  2.9667318743602488E+002  2.9674780947225759E+002  2.9682669846318743E+002  2.9689500059365827E+002  2.9695658202566131E+002  2.9701427649462113E+002  2.9707023753270835E+002  2.9712613439945653E+002  2.9718327434977874E+002  2.9724268941743048E+002  2.9737065435944993E+002  2.9751550234973485E+002  2.9768063089951153E+002  2.9786923841653419E+002  2.9808534617745818E+002  2.9833513802942247E+002  2.9862891685987199E+002  2.9898362350186926E+002  2.9942384441545272E+002  2.9996506420833214E+002  3.0049766820648904E+002  3.0087923243008129E+002  3.0116297087158716E+002  3.0140153323726628E+002  3.0161886740612681E+002  3.0182502501428064E+002  3.0202435894401384E+002  3.0221894254432095E+002  3.0240991863017030E+002  3.0259802412212520E+002  3.0278379767960809E+002  3.0296766831871241E+002  3.0314999999999998E+002
  2.9379999999999995E+002  2.9447175678725955E+002  2.9475934154650162E+002  2.9496678191767825E+002  2.9513816892765846E+002  2.9528861069913944E+002  2.9542527755276723E+002  2.9554251560982141E+002  2.9564311430590379E+002  2.9573114255140638E+002  2.9580935588056775E+002  2.9594319761290978E+002  2.9605546204925719E+002  2.9615211458152004E+002  2.9623695831266457E+002  2.9631256468662025E+002  2.9641234375916383E+002  2.9649963406768626E+002  2.9660124476217419E+002  2.9671077531469876E+002  2.9680651889524057E+002  2.9689247907738866E+002  2.9697157763975554E+002  2.9704607059336684E+002  2.9711777310105845E+002  2.9718818778464907E+002  2.9725858436030728E+002  2.9740220901348169E+002  2.9755660067212369E+002  2.9772722603367919E+002  2.9791914457583505E+002  2.9813780891681256E+002  2.9838979038564418E+002  2.9868329847020175E+002  2.9902804279733039E+002  2.9943292556395193E+002  2.9989604772028883E+002  3.0037601235072640E+002  3.0079204420333252E+002  3.0112058338822681E+002  3.0138776056313799E+002  3.0161955387003013E+002  3.0183172715602558E+002  3.0203272635549678E+002  3.0222693515344014E+002  3.0241665887543530E+002  3.0260317241249595E+002  3.0278724355977556E+002  3.0296938885889404E+002  3.0314999999999998E+002
  2.9289499999999998E+002  2.9367013138208125E+002  2.9402567406298658E+002  2.9429678021676415E+002  2.9453138525084137E+002  2.9474552117039559E+002  2.9492064303255103E+002  2.9506840852467656E+002  2.9519612760242268E+002  2.9530852355482210E+002  2.9540882436125599E+002  2.9558131884435187E+002  2.9572648790320864E+002  2.9585160969155049E+002  2.9596140218099049E+002  2.9605910449981712E+002  2.9618770809718376E+002  2.9629978094260883E+002  2.9642960316678852E+002  2.9656867495558441E+002  2.9668944434825471E+002  2.9679715313987560E+002  2.9689552916283907E+002  2.9698735508984890E+002  2.9707479114528752E+002  2.9715956572672843E+002  2.9724309113756010E+002  2.9740936135646825E+002  2.9758166322506088E+002  2.9776570951736613E+002  2.9796729082127825E+002  2.9819249858913179E+002  2.9844761756543301E+002  2.9873891231786837E+002  2.9907192143955314E+002  2.9944936842717289E+002  2.9986589466579090E+002  3.0029858629731126E+002  3.0070587245946473E+002  3.0105664169785871E+002  3.0135051202057940E+002  3.0160229078176559E+002  3.0182670025592466E+002  3.0203413748502112E+002  3.0223109289542407E+002  3.0242141652916587E+002  3.0260736001356281E+002  3.0279026024244570E+002  3.0297095040727368E+002  3.0314999999999998E+002
  2.9021499999999997E+002  2.9259026525287675E+002  2.9323182510471605E+002  2.9370098353694846E+002  2.9403662324671018E+002  2.9428998379590809E+002  2.9449283524839518E+002  2.9466182544407019E+002  2.9480667782914259E+002  2.9493352095659310E+002  2.9504644327318556E+002  2.9524051434422375E+002  2.9540450286768225E+002  2.9554679252489996E+002  2.9567264360660505E+002  2.9578557344736095E+002  2.9593577726238533E+002  2.9606815209845735E+002  2.9622324519804960E+002  2.9639120636800016E+002  2.9653803104606351E+002  2.9666917270930367E+002  2.9678858142600302E+002  2.9689928154750709E+002  2.9700369985203889E+002  2.9710385867679270E+002  2.9720148644926945E+002  2.9739317344516138E+002  2.9758833791992544E+002  2.9779204165427888E+002  2.9800876997196212E+002  2.9824403173526935E+002  2.9850371217067612E+002  2.9879300233955627E+002  2.9911543150946102E+002  2.9947139489475819E+002  2.9985548921181208E+002  3.0025299274981194E+002  3.0063982762179336E+002  3.0099267612908289E+002  3.0130173980419613E+002  3.0157079124357620E+002  3.0180919941157111E+002  3.0202618756771955E+002  3.0222885130614270E+002  3.0242208524220223E+002  3.0260909115370288E+002  3.0279192339057590E+002  3.0297191825675912E+002  3.0314999999999998E+002
  2.9008999999999997E+002  2.9140084762174740E+002  2.9211650803977585E+002  2.9269697348665915E+002  2.9311366976549391E+002  2.9343903942219322E+002  2.9370601160031600E+002  2.9393232330966060E+002  2.9412862504478682E+002  2.9430181763992709E+002  2.9445663240999005E+002  2.9472321988596320E+002  2.9494737319466316E+002  2.9513998795887295E+002  2.9530821924365478E+002  2.9545705073031951E+002  2.9565129108017425E+002  2.9581871090174104E+002  2.9601009380812570E+002  2.9621183453480370E+002  2.9638431223102327E+002  2.9653603061474297E+002  2.9667283074472397E+002  2.9679888528238763E+002  2.9691730445555567E+002  2.9703052111530764E+002  2.9714053662817753E+002  2.9735599817843547E+002  2.9757502145887327E+002  2.9780256557892449E+002  2.9803970009137356E+002  2.9828900273992468E+002  2.9855557984173396E+002  2.9884439764760003E+002  2.9915845933423435E+002  2.9949768884767627E+002  2.9985765028174160E+002  3.0022826229257572E+002  3.0059419834447419E+002  3.0093920798680728E+002  3.0125266881728191E+002  3.0153247257905537E+002  3.0178266332069393E+002  3.0200962472423953E+002  3.0221957024683644E+002  3.0241754127895507E+002  3.0260727562619053E+002  3.0279142784424249E+002  3.0297187440069592E+002  3.0314999999999998E+002
  2.9000000000000000E+002  2.9112707955920024E+002  2.9176027989275565E+002  2.9230279504367508E+002  2.9269937091111206E+002  2.9301368866258912E+002  2.9327493305382029E+002  2.9349894893518899E+002  2.9369532146874258E+002  2.9387030325443254E+002  2.9402820654045291E+002  2.9430391380601600E+002  2.9453985153417244E+002  2.9474608784733971E+002  2.9492922569979493E+002  2.9509384205783772E+002  2.9531280655247429E+002  2.9550535308438560E+002  2.9572987844945794E+002  2.9597090804870408E+002  2.9617897453068036E+002  2.9636204445512044E+002  2.9652593129828836E+002  2.9667510090712585E+002  2.9681313464975750E+002  2.9694301640085558E+002  2.9706732191518751E+002  2.9730608351655530E+002  2.9754613607035407E+002  2.9779685285446243E+002  2.9805795235425268E+002  2.9832557556881073E+002  2.9860201117622609E+002  2.9889248947143290E+002  2.9920062977257152E+002  2.9952695451642228E+002  2.9986835766643065E+002  3.0021783745367037E+002  3.0056507731723877E+002  3.0089869544087668E+002  3.0120969146951273E+002  3.0149389312853515E+002  3.0175187696718791E+002  3.0198717897987279E+002  3.0220439691661932E+002  3.0240797319041656E+002  3.0260166324184331E+002  3.0278843904580981E+002  3.0297060598107549E+002  3.0314999999999998E+002
  2.9008499999999998E+002  2.9115075125698979E+002  2.9173997848390349E+002  2.9223041171160622E+002  2.9258783313710387E+002  2.9287128550724009E+002  2.9310758093444798E+002  2.9331114238741185E+002  2.9349061507577733E+002  2.9365158770344362E+002  2.9379788091385041E+002  2.9405618936702274E+002  2.9428068470268636E+002  2.9447998163259632E+002  2.9465966120705144E+002  2.9482355208677467E+002  2.9504543323824765E+002  2.9524437322409500E+002  2.9548123889899767E+002  2.9574149081964867E+002  2.9597081933885488E+002  2.9617574315949338E+002  2.9636111613627162E+002  2.9653077875529794E+002  2.9668792459556965E+002  2.9683532372394421E+002  2.9697547140427014E+002  2.9724095036257927E+002  2.9750302412133789E+002  2.9777576515588333E+002  2.9806261495505402E+002  2.9835284914177362E+002  2.9864244098243813E+002  2.9893691327038925E+002  2.9924148370871347E+002  2.9955801445921168E+002  2.9988491162709187E+002  3.0021747133950919E+002  3.0054859261870268E+002  3.0087019282116671E+002  3.0117518642288525E+002  3.0145917479952880E+002  3.0172099279174785E+002  3.0196209791973183E+002  3.0218546070352335E+002  3.0239457125780154E+002  3.0259280956397566E+002  3.0278316050944153E+002  3.0296816448558701E+002  3.0314999999999998E+002
  2.9040499999999997E+002  2.9127762023629481E+002  2.9176372518427911E+002  2.9219193936693250E+002  2.9251315996114806E+002  2.9277117068536660E+002  2.9298861689037886E+002  2.9317772046955940E+002  2.9334583168279346E+002  2.9349771832321613E+002  2.9363665141169736E+002  2.9388410377690735E+002  2.9410120178066046E+002  2.9429546068306701E+002  2.9447179777765672E+002  2.9463362249889968E+002  2.9485424354487623E+002  2.9505361314391064E+002  2.9529312633822394E+002  2.9555937066545863E+002  2.9579709153964006E+002  2.9601229030610079E+002  2.9620932582278209E+002  2.9639155814792764E+002  2.9656173066847026E+002  2.9672221232829202E+002  2.9687516157029324E+002  2.9716459034257434E+002  2.9744765741938625E+002  2.9774082016041621E+002  2.9805375905846648E+002  2.9837109673514374E+002  2.9867724222977733E+002  2.9897778327682238E+002  2.9928072275760201E+002  2.9958989822665825E+002  2.9990533555735766E+002  3.0022417785444384E+002  3.0054157341424184E+002  3.0085174750660832E+002  3.0114927532505317E+002  3.0143023074698272E+002  3.0169279280194536E+002  3.0193716974737561E+002  3.0216505948932814E+002  3.0237898978893014E+002  3.0258177818600990E+002  3.0277619550719220E+002  3.0296481600841179E+002  3.0314999999999998E+002
  2.9015999999999997E+002  2.9111995189911352E+002  2.9166942766274127E+002  2.9211410647720328E+002  2.9243912324292302E+002  2.9269731949351802E+002  2.9291281677321922E+002  2.9309865793498545E+002  2.9326269926256441E+002  2.9341004184154519E+002  2.9354418594905991E+002  2.9378179248069756E+002  2.9398952709209112E+002  2.9417532268177388E+002  2.9434429501132939E+002  2.9449992375179005E+002  2.9471338309803389E+002  2.9490800448845636E+002  2.9514442621836696E+002  2.9541095248575550E+002  2.9565225944800915E+002  2.9587328959058948E+002  2.9607763079806546E+002  2.9626810003537776E+002  2.9644706044576384E+002  2.9661660862141758E+002  2.9677869899951770E+002  2.9708608374176902E+002  2.9738589098489547E+002  2.9769570194382248E+002  2.9803243475760252E+002  2.9838154527696673E+002  2.9870773785522761E+002  2.9901587535805800E+002  2.9931849824932351E+002  2.9962206426922501E+002  2.9992828455929703E+002  3.0023584777145771E+002  3.0054156882678768E+002  3.0084134510073721E+002  3.0113108412206805E+002  3.0140752165109194E+002  3.0166874749886625E+002  3.0191433428780277E+002  3.0214512798816639E+002  3.0236286614684394E+002  3.0256978726378759E+002  3.0276832841839581E+002  3.0296093957805408E+002  3.0314999999999998E+002
  2.9050500000000000E+002  2.9126512548320204E+002  2.9168947885520788E+002  2.9206906585461297E+002  2.9236186267249832E+002  2.9259832941486968E+002  2.9279864117568286E+002  2.9297369573295089E+002  2.9313005125084095E+002  2.9327196355662778E+002  2.9340235301386451E+002  2.9363612141211229E+002  2.9384294295508425E+002  2.9402951457019037E+002  2.9420020874419919E+002  2.9435804986819971E+002  2.9457520981681336E+002  2.9477351554389998E+002  2.9501450487937672E+002  2.9528612367483964E+002  2.9553218075546482E+002  2.9575796020793916E+002  2.9596729143174724E+002  2.9616310891874519E+002  2.9634778932886752E+002  2.9652337135526994E+002  2.9669171112451085E+002  2.9701174927118842E+002  2.9732364746639297E+002  2.9764531783237737E+002  2.9800056924628052E+002  2.9838593350142509E+002  2.9873578148288823E+002  2.9905228312864085E+002  2.9935522352650645E+002  2.9965429988441741E+002  2.9995290465435460E+002  3.0025102977779875E+002  3.0054676517065610E+002  3.0083725354294717E+002  3.0111944878488413E+002  3.0139073956518229E+002  3.0164938358659742E+002  3.0189469887460814E+002  3.0212702404072360E+002  3.0234752330220465E+002  3.0255793272977957E+002  3.0276032383986393E+002  3.0295692391907346E+002  3.0314999999999998E+002
  2.9109999999999997E+002  2.9163523524082308E+002  2.9191862534721400E+002  2.9217020731606766E+002  2.9241563903167219E+002  2.9261716943088305E+002  2.9279027014328403E+002  2.9294336780645375E+002  2.9308157372044991E+002  2.9320822941563824E+002  2.9332564338940574E+002  2.9353884534214905E+002  2.9373035847259655E+002  2.9390558009961325E+002  2.9406803530602718E+002  2.9422014977450482E+002  2.9443256526666966E+002  2.9462960221751098E+002  2.9487289928820775E+002  2.9515147468613679E+002  2.9540665882072278E+002  2.9564214233015838E+002  2.9586081091535164E+002  2.9606515492012915E+002  2.9625744160092967E+002  2.9643978709490591E+002  2.9661420320143696E+002  2.9694447427464070E+002  2.9726496648725379E+002  2.9759408905088480E+002  2.9796094022093081E+002  2.9838631578731031E+002  2.9876346604186307E+002  2.9908809455654909E+002  2.9939132750782352E+002  2.9968652204816902E+002  2.9997862736060449E+002  3.0026870512215731E+002  3.0055582719856255E+002  3.0083807835867481E+002  3.0111323041856127E+002  3.0137924991975831E+002  3.0163465862878218E+002  3.0187873212230488E+002  3.0211153998445945E+002  3.0233386280313744E+002  3.0254703962128690E+002  3.0275279700748013E+002  3.0295309434282842E+002  3.0314999999999998E+002
  2.9219999999999999E+002  2.9244801460952584E+002  2.9256720734604710E+002  2.9266848655194536E+002  2.9276882909209741E+002  2.9287475193346569E+002  2.9298989882164318E+002  2.9309756645547225E+002  2.9319737443132993E+002  2.9329107140449150E+002  2.9337986617905131E+002  2.9354609604546926E+002  2.9370070862512438E+002  2.9384654276094534E+002  2.9398545494257479E+002  2.9411872316709196E+002  2.9431012036681688E+002  2.9449293269855974E+002  2.9472581563046350E+002  2.9500190913682883E+002  2.9526273202737343E+002  2.9550895946993944E+002  2.9574080454653415E+002  2.9595864284078215E+002  2.9616338015876380E+002  2.9635650632011192E+002  2.9653994971073695E+002  2.9688277497733264E+002  2.9721115570396671E+002  2.9754491478798587E+002  2.9791695544071490E+002  2.9838482157957407E+002  2.9879274832740748E+002  2.9912413062482239E+002  2.9942709708795746E+002  2.9971864956431887E+002  3.0000502746534022E+002  3.0028812155104316E+002  3.0056774927426733E+002  3.0084271078911479E+002  3.0111141623464613E+002  3.0137232019820942E+002  3.0162422673626639E+002  3.0186647572003460E+002  3.0209901646424532E+002  3.0232238685478853E+002  3.0253762760931176E+002  3.0274616377928413E+002  3.0294967932706749E+002  3.0314999999999998E+002
  2.9342999999999995E+002  2.9343548228844753E+002  2.9344915654163373E+002  2.9346530232307629E+002  2.9348372559007919E+002  2.9350481419665385E+002  2.9352911075324715E+002  2.9355722602530324E+002  2.9358981707091596E+002  2.9362758483723655E+002  2.9367128099495596E+002  2.9376869539508920E+002  2.9386521835303529E+002  2.9396105816997226E+002  2.9405639669738963E+002  2.9415138425354280E+002  2.9429370543855049E+002  2.9443581413120830E+002  2.9462569723978135E+002  2.9486405860410298E+002  2.9510305277521115E+002  2.9534209983209121E+002  2.9557967103177270E+002  2.9581305049632061E+002  2.9603860765627974E+002  2.9625309208237974E+002  2.9645530005121009E+002  2.9682184840562576E+002  2.9716173926444475E+002  2.9749971360389537E+002  2.9787296813274787E+002  2.9838421329737281E+002  2.9882483486645117E+002  2.9916068975975367E+002  2.9946257503873221E+002  2.9975053610536651E+002  3.0003174566181559E+002  3.0030869415206848E+002  3.0058175281719315E+002  3.0085026408770682E+002  3.0111313571056763E+002  3.0136922467322478E+002  3.0161760020669584E+002  3.0185771220525601E+002  3.0208947521140306E+002  3.0231327956071624E+002  3.0252994672553740E+002  3.0274064864280933E+002  3.0294680906327994E+002  3.0314999999999998E+002
  2.9452999999999997E+002  2.9435659722942438E+002  2.9431116224175321E+002  2.9428931505108540E+002  2.9427686821870230E+002  2.9426936760841119E+002  2.9426493030631110E+002  2.9426264678942636E+002  2.9426208793412218E+002  2.9426312671386864E+002  2.9426573003872932E+002  2.9427592395267158E+002  2.9429376012844597E+002  2.9432104887279263E+002  2.9436019086043439E+002  2.9440807453825687E+002  2.9448589914516231E+002  2.9456962721645357E+002  2.9468953806208845E+002  2.9485130950318268E+002  2.9502492649091050E+002  2.9520998670955890E+002  2.9540639256347805E+002  2.9561415023765221E+002  2.9583302577069156E+002  2.9606169113654494E+002  2.9629601872157684E+002  2.9674049059478239E+002  2.9711393108699707E+002  2.9746057985419469E+002  2.9783406758123226E+002  2.9839034415853860E+002  2.9885921078857257E+002  2.9919727716181285E+002  2.9949747185576592E+002  2.9978192475952920E+002  3.0005844235481646E+002  3.0032994577362030E+002  3.0059722018650058E+002  3.0086002273780662E+002  3.0111765094153770E+002  3.0136928992672648E+002  3.0161424330296705E+002  3.0185208344779147E+002  3.0208273501637746E+002  3.0230650102698525E+002  3.0252404227196956E+002  3.0273632254895398E+002  3.0294453213769100E+002  3.0314999999999998E+002
  2.9316499999999996E+002  2.9386150461511085E+002  2.9412343734250243E+002  2.9427846814284266E+002  2.9438133871623393E+002  2.9445352225273297E+002  2.9450624881699110E+002  2.9454622945957016E+002  2.9457776012175236E+002  2.9460363146451675E+002  2.9462574123534051E+002  2.9466275203530881E+002  2.9469522806751024E+002  2.9472586429388991E+002  2.9475604504274503E+002  2.9478653277375719E+002  2.9483365192349885E+002  2.9488333112716816E+002  2.9495423955493192E+002  2.9505129525973769E+002  2.9515842181446209E+002  2.9527607433206413E+002  2.9540465905144100E+002  2.9554462873961108E+002  2.9569656942701289E+002  2.9586132275932266E+002  2.9604021647557460E+002  2.9646115256028446E+002  2.9701344850232090E+002  2.9743345018787250E+002  2.9780738210700770E+002  2.9841868744916354E+002  2.9889328558182814E+002  2.9923236895748249E+002  2.9953103404595237E+002  2.9981237316764884E+002  3.0008474349628193E+002  3.0035145586223518E+002  3.0061364405936240E+002  3.0087140137346512E+002  3.0112433934826390E+002  3.0137191233944225E+002  3.0161362558958854E+002  3.0184917007089257E+002  3.0207850133615329E+002  3.0230187156386046E+002  3.0251982268655394E+002  3.0273314907152610E+002  3.0294283854425959E+002  3.0314999999999998E+002
  2.9317999999999995E+002  2.9343771162806917E+002  2.9355802570221300E+002  2.9365597155238976E+002  2.9374816654230972E+002  2.9384009856246996E+002  2.9393407982542470E+002  2.9403109066593930E+002  2.9412063196225222E+002  2.9420144193419753E+002  2.9427498584763015E+002  2.9440437692363980E+002  2.9451499351711419E+002  2.9461089933569343E+002  2.9469504979050691E+002  2.9476973956266278E+002  2.9486777122366067E+002  2.9495364389261437E+002  2.9505530005845532E+002  2.9517067300324163E+002  2.9528095255170655E+002  2.9539102068051352E+002  2.9550388033156548E+002  2.9562149703386018E+002  2.9574530487453683E+002  2.9587652757054661E+002  2.9601642319375975E+002  2.9632991573965080E+002  2.9670609458627553E+002  2.9719327223473078E+002  2.9781395624736564E+002  2.9850993806795901E+002  2.9892947772605982E+002  2.9926475955994516E+002  2.9956220767902994E+002  2.9984120437663626E+002  3.0011017025486967E+002  3.0037279812224784E+002  3.0063057464709692E+002  3.0088390386925357E+002  3.0113267074793600E+002  3.0137655943478882E+002  3.0161524971287014E+002  3.0184854166895838E+002  3.0207642986083482E+002  3.0229913742929551E+002  3.0251711723200731E+002  3.0273102650822540E+002  3.0294168169957788E+002  3.0314999999999998E+002
  2.9456500000000000E+002  2.9443627559999544E+002  2.9440729122863064E+002  2.9439653758721698E+002  2.9439319977625189E+002  2.9439410512186919E+002  2.9439800297990547E+002  2.9440433631082874E+002  2.9441287913802387E+002  2.9442356900837473E+002  2.9443643087610525E+002  2.9446915329799094E+002  2.9451179523206667E+002  2.9456550916995860E+002  2.9462653381350873E+002  2.9468697381474362E+002  2.9477638023845634E+002  2.9486382331109678E+002  2.9497755836317327E+002  2.9511541681153943E+002  2.9524906583873798E+002  2.9537948858026874E+002  2.9550781145627582E+002  2.9563533201591912E+002  2.9576350141451877E+002  2.9589388167615266E+002  2.9602811760105550E+002  2.9631520617635437E+002  2.9664168160452249E+002  2.9703684454518384E+002  2.9757250414797727E+002  2.9847947918103051E+002  2.9896579308385810E+002  2.9929764951423505E+002  2.9959160380813154E+002  2.9986812380167663E+002  3.0013427578790527E+002  3.0039353418391374E+002  3.0064757930744440E+002  3.0089708287865938E+002  3.0114217908239368E+002  3.0138275958793594E+002  3.0161866116499016E+002  3.0184978481508000E+002  3.0207616733531830E+002  3.0229801674428256E+002  3.0251571881988235E+002  3.0272982055407408E+002  3.0294099600748740E+002  3.0314999999999998E+002
  2.9588999999999999E+002  2.9549019447589501E+002  2.9538117065021714E+002  2.9532489723595410E+002  2.9528934906452270E+002  2.9526447771362973E+002  2.9524596829186942E+002  2.9523161714864187E+002  2.9522016570457890E+002  2.9521083641833633E+002  2.9520312016820793E+002  2.9519129238894720E+002  2.9518283694612802E+002  2.9517680605253400E+002  2.9517266084184359E+002  2.9517012035235661E+002  2.9516931629747444E+002  2.9517370322862712E+002  2.9519167641939282E+002  2.9524392701726362E+002  2.9531720338788568E+002  2.9540294690899157E+002  2.9549977050029884E+002  2.9560681694760007E+002  2.9572359473110606E+002  2.9584985055362426E+002  2.9598552919357883E+002  2.9628847072876920E+002  2.9663515540077418E+002  2.9704306202501948E+002  2.9754392995679609E+002  2.9816284538810851E+002  2.9880759037503162E+002  2.9927164259647992E+002  2.9960514264048072E+002  2.9989000668856420E+002  3.0015621464482888E+002  3.0041322396419861E+002  3.0066426610697857E+002  3.0091053598568976E+002  3.0115244742464529E+002  3.0139009059057105E+002  3.0162344782849556E+002  3.0185251530505809E+002  3.0207737421583460E+002  3.0229822775690201E+002  3.0251541202755442E+002  3.0272938651685899E+002  3.0294070906710147E+002  3.0314999999999998E+002
  2.9680499999999995E+002  2.9635635142021573E+002  2.9622860937856228E+002  2.9616049338609793E+002  2.9611621135407609E+002  2.9608436720378290E+002  2.9606000870122404E+002  2.9604058066621604E+002  2.9602461015387593E+002  2.9601117909867759E+002  2.9599968096267048E+002  2.9598098849539610E+002  2.9596628836146220E+002  2.9595437745209944E+002  2.9594451574468872E+002  2.9593621994458215E+002  2.9592603331169573E+002  2.9591789952010845E+002  2.9590948085415414E+002  2.9590194854906287E+002  2.9589711680320852E+002  2.9589496508102917E+002  2.9589948884339958E+002  2.9592476185860164E+002  2.9596989505287837E+002  2.9603150599440477E+002  2.9610938726796343E+002  2.9631642795205630E+002  2.9659405360903804E+002  2.9695143142861559E+002  2.9739945184850239E+002  2.9794080281717970E+002  2.9854824339236154E+002  2.9912044043002226E+002  2.9955342116228042E+002  2.9988419572999720E+002  3.0016698747458821E+002  3.0042840661946065E+002  3.0067920442835521E+002  3.0092353367948510E+002  3.0116297837841392E+002  3.0139813267789333E+002  3.0162922450314807E+002  3.0185637823596198E+002  3.0207973418586397E+002  3.0229950361042768E+002  3.0251598901671565E+002  3.0272958250183723E+002  3.0294074908392838E+002  3.0314999999999998E+002
  2.9664499999999998E+002  2.9647344792656008E+002  2.9642055907986071E+002  2.9639092586095927E+002  2.9637100284917443E+002  2.9635632598589098E+002  2.9634489572889333E+002  2.9633565317732996E+002  2.9632797415857596E+002  2.9632146210315841E+002  2.9631585062770898E+002  2.9630666137824863E+002  2.9629939201913999E+002  2.9629348631610634E+002  2.9628859661879460E+002  2.9628449301532157E+002  2.9627948482849519E+002  2.9627553652845125E+002  2.9627154901483362E+002  2.9626818974523172E+002  2.9626641703216080E+002  2.9626697529572056E+002  2.9627508980791316E+002  2.9629791083583694E+002  2.9633163109069881E+002  2.9637645471910582E+002  2.9643261300308694E+002  2.9657996017187662E+002  2.9677710468968672E+002  2.9702906244323526E+002  2.9734285251978912E+002  2.9772804051893962E+002  2.9819781852181734E+002  2.9876878029800440E+002  2.9939517627957878E+002  2.9983153082401884E+002  3.0015377603669191E+002  3.0043134533617615E+002  3.0068816235567948E+002  3.0093383571681699E+002  3.0117254299352737E+002  3.0140614129252020E+002  3.0163547716967844E+002  3.0186097826636393E+002  3.0208292676822225E+002  3.0230158537394584E+002  3.0251725145681274E+002  3.0273027373426106E+002  3.0294104788963762E+002  3.0314999999999998E+002
  2.9719499999999999E+002  2.9689936955432262E+002  2.9681081556429893E+002  2.9676219308834044E+002  2.9672996326120625E+002  2.9670645580839448E+002  2.9668827560961336E+002  2.9667364483859649E+002  2.9666152624786486E+002  2.9665126684856102E+002  2.9664243158398983E+002  2.9662795069954757E+002  2.9661645210385257E+002  2.9660705043934450E+002  2.9659919664052802E+002  2.9659252957509500E+002  2.9658424240251679E+002  2.9657751494697442E+002  2.9657038120236706E+002  2.9656369787894437E+002  2.9655895055981523E+002  2.9655587134259474E+002  2.9655458863708679E+002  2.9655841557010950E+002  2.9657751578068087E+002  2.9661035457565504E+002  2.9665507512184058E+002  2.9678020502244419E+002  2.9695004964463067E+002  2.9716348333564531E+002  2.9742102887885039E+002  2.9772552039672644E+002  2.9808240197650321E+002  2.9850073355281262E+002  2.9899990489074492E+002  2.9965254018436138E+002  3.0011905094303404E+002  3.0042709859621908E+002  3.0069260982119511E+002  3.0094106852262865E+002  3.0118026955122946E+002  3.0141327953142246E+002  3.0164153389329078E+002  3.0186580157947458E+002  3.0208656240381487E+002  3.0230418031862246E+002  3.0251898739233468E+002  3.0273132134827256E+002  3.0294153661964731E+002  3.0314999999999998E+002
  2.9683499999999998E+002  2.9680898781668679E+002  2.9679822429385450E+002  2.9679096860783159E+002  2.9678540998754994E+002  2.9678089346221805E+002  2.9677709704728056E+002  2.9677383422391159E+002  2.9677098537921950E+002  2.9676846836512550E+002  2.9676622393490112E+002  2.9676238819939607E+002  2.9675922547228134E+002  2.9675657822862735E+002  2.9675434005962643E+002  2.9675243608047145E+002  2.9675009273409603E+002  2.9674825441654741E+002  2.9674645344135791E+002  2.9674511781118184E+002  2.9674491946021897E+002  2.9674733314260669E+002  2.9675616620527478E+002  2.9677449183607837E+002  2.9680020227860206E+002  2.9683357207879777E+002  2.9687481992974278E+002  2.9698138015351293E+002  2.9712146782549587E+002  2.9729670899271810E+002  2.9750913699325577E+002  2.9776122015064300E+002  2.9805599914530313E+002  2.9839754975314651E+002  2.9879297046033469E+002  2.9926454824376117E+002  2.9995284234384116E+002  3.0041575614663185E+002  3.0070180329490580E+002  3.0095232838445321E+002  3.0119020518662256E+002  3.0142146075069348E+002  3.0164810499154021E+002  3.0187097186182382E+002  3.0209052245423067E+002  3.0230710090106646E+002  3.0252102130110188E+002  3.0273259720707188E+002  3.0294214883864333E+002  3.0314999999999998E+002
  2.9628999999999996E+002  2.9650925718388476E+002  2.9657989982203117E+002  2.9662049575680345E+002  2.9664806037997607E+002  2.9666831942881134E+002  2.9668391320741432E+002  2.9669628832481851E+002  2.9670632903502434E+002  2.9671461806186426E+002  2.9672156084072702E+002  2.9673236603577158E+002  2.9674049521499865E+002  2.9674688775497486E+002  2.9675215018172696E+002  2.9675669577247947E+002  2.9676273643791302E+002  2.9676856552503972E+002  2.9677695780197377E+002  2.9679048331013297E+002  2.9680902512324997E+002  2.9683110582504361E+002  2.9685732170735713E+002  2.9688816007328666E+002  2.9692400801840643E+002  2.9696517160051468E+002  2.9701190277900258E+002  2.9712254530619350E+002  2.9725806746395295E+002  2.9742027103901142E+002  2.9761110050309378E+002  2.9783275523871055E+002  2.9808782644926384E+002  2.9837937356549764E+002  2.9871082525131243E+002  2.9908670465616694E+002  2.9952763050799365E+002  3.0033400345033112E+002  3.0071733536674515E+002  3.0097320504143175E+002  3.0120760214074198E+002  3.0143473932641206E+002  3.0165793689002186E+002  3.0187815515346824E+002  3.0209571485562662E+002  3.0231078470419374E+002  3.0252353145275066E+002  3.0273415667517122E+002  3.0294289491445556E+002  3.0314999999999998E+002
  2.9538999999999999E+002  2.9576627704604829E+002  2.9591571961034606E+002  2.9601853629206977E+002  2.9610052111359909E+002  2.9617029952185237E+002  2.9623181647061364E+002  2.9628721971869936E+002  2.9633782237135523E+002  2.9638450054619489E+002  2.9642614955580962E+002  2.9649514512803086E+002  2.9655049768747551E+002  2.9659602269070837E+002  2.9663419705368017E+002  2.9666673223691288E+002  2.9670742858314884E+002  2.9674120088009647E+002  2.9677880202210332E+002  2.9681866455612078E+002  2.9685499950671522E+002  2.9689069753568083E+002  2.9692763392964963E+002  2.9696703725078527E+002  2.9700972957883857E+002  2.9705628037378312E+002  2.9710710229855056E+002  2.9722227895600656E+002  2.9735765017001927E+002  2.9751471072599736E+002  2.9769489399071125E+002  2.9789981751897562E+002  2.9813159475831935E+002  2.9839333999162818E+002  2.9868985154280637E+002  2.9902768474579813E+002  2.9941093666124306E+002  2.9982371009603548E+002  3.0076210827139585E+002  3.0100791432326560E+002  3.0123475188571098E+002  3.0145560322020276E+002  3.0167343464138355E+002  3.0188937007629647E+002  3.0210366187227868E+002  3.0231628273936872E+002  3.0252718499335964E+002  3.0273638008726084E+002  3.0294394453271252E+002  3.0314999999999998E+002
  2.9470499999999998E+002  2.9516795220130484E+002  2.9536061356827270E+002  2.9549904724640834E+002  2.9561406706834566E+002  2.9571590366512214E+002  2.9580918339945254E+002  2.9589638729261441E+002  2.9597603315213888E+002  2.9604562076010143E+002  2.9610726847710021E+002  2.9621209922577191E+002  2.9629902737688928E+002  2.9637286092095707E+002  2.9643672659483855E+002  2.9649277866050664E+002  2.9656532679126673E+002  2.9662744581295317E+002  2.9669814784433396E+002  2.9677278339250114E+002  2.9683749881016030E+002  2.9689608747435835E+002  2.9695128755642713E+002  2.9700512776789492E+002  2.9705912913940176E+002  2.9711443873051479E+002  2.9717192695727312E+002  2.9729522606786446E+002  2.9743342933694618E+002  2.9758888876739337E+002  2.9776337835936624E+002  2.9795844861510869E+002  2.9817564637106506E+002  2.9841679077625793E+002  2.9868472633528097E+002  2.9898561455073212E+002  2.9933524790320263E+002  2.9977448564360145E+002  3.0040461035241452E+002  3.0099438903452597E+002  3.0126130045926197E+002  3.0148290646455848E+002  3.0169526086954824E+002  3.0190569017681594E+002  3.0211547185209793E+002  3.0232456885985096E+002  3.0253273699647247E+002  3.0273977212733939E+002  3.0294554801387733E+002  3.0314999999999998E+002
  2.9379999999999995E+002  2.9446435103905685E+002  2.9475069092683231E+002  2.9495804116517326E+002  2.9512982663978943E+002  2.9528097011780295E+002  2.9541809975484631E+002  2.9553260823225548E+002  2.9563079077005381E+002  2.9571666602773627E+002  2.9579294594434634E+002  2.9592344204567991E+002  2.9603287607910465E+002  2.9612707343626528E+002  2.9620974678046480E+002  2.9628340693642531E+002  2.9638059577869785E+002  2.9646561178793667E+002  2.9656457150468316E+002  2.9667127156392877E+002  2.9676461966361802E+002  2.9684851164282264E+002  2.9692575566356794E+002  2.9699848123584474E+002  2.9706836886978618E+002  2.9713678663523285E+002  2.9720487240046970E+002  2.9734251441035491E+002  2.9748817577940508E+002  2.9764577124562561E+002  2.9781813328055256E+002  2.9800757692950032E+002  2.9821640152311556E+002  2.9844739354878857E+002  2.9870438214410416E+002  2.9899286413698860E+002  2.9932084591330732E+002  2.9970141484707011E+002  3.0016787369056573E+002  3.0086088983822503E+002  3.0125012087116312E+002  3.0150019173554813E+002  3.0171706441790258E+002  3.0192503532826004E+002  3.0213072362935827E+002  3.0233581711346233E+002  3.0254051986413373E+002  3.0274462859470043E+002  3.0294787215154656E+002  3.0314999999999998E+002
  2.9289499999999998E+002  2.9366448477833831E+002  2.9402017280692905E+002  2.9429286105912036E+002  2.9452986203778028E+002  2.9474195720901514E+002  2.9491489861717912E+002  2.9506077034857469E+002  2.9518681008094779E+002  2.9529769388921665E+002  2.9539661719459104E+002  2.9556667162823385E+002  2.9570972466170906E+002  2.9583297996181147E+002  2.9594110782512428E+002  2.9603731541828978E+002  2.9616394246210194E+002  2.9627432116123583E+002  2.9640225822130549E+002  2.9653950136470036E+002  2.9665896653412511E+002  2.9676579941316550E+002  2.9686358997455403E+002  2.9695491751710506E+002  2.9704166381905054E+002  2.9712522171355187E+002  2.9720666075327205E+002  2.9736499399135937E+002  2.9752396386642835E+002  2.9768870135033643E+002  2.9786345935023445E+002  2.9805170594506603E+002  2.9825647805807483E+002  2.9848080935857661E+002  2.9872822164376572E+002  2.9900344112804333E+002  2.9931372728839170E+002  2.9967164112739476E+002  3.0010101474494513E+002  3.0064638361201980E+002  3.0117639078028907E+002  3.0149024617432514E+002  3.0172845449055450E+002  3.0194171129039898E+002  3.0214658374262092E+002  3.0234875656760164E+002  3.0255003448344820E+002  3.0275078970988591E+002  3.0295088094703965E+002  3.0314999999999998E+002
  2.9021499999999997E+002  2.9258677563576708E+002  2.9322948716836379E+002  2.9370075084531402E+002  2.9403236285175433E+002  2.9428273637811446E+002  2.9448325557697802E+002  2.9465035992802524E+002  2.9479364784008681E+002  2.9491916721906460E+002  2.9503095172365749E+002  2.9522316709072635E+002  2.9538569270413836E+002  2.9552679757669733E+002  2.9565167224264496E+002  2.9576378971517886E+002  2.9591302000262471E+002  2.9604466370732410E+002  2.9619909311946077E+002  2.9636665420430563E+002  2.9651351050768494E+002  2.9664506339922150E+002  2.9676518763730985E+002  2.9687677357991390E+002  2.9698201186363161E+002  2.9708254461611540E+002  2.9717956409004387E+002  2.9736414494541629E+002  2.9754220794403363E+002  2.9771906339590356E+002  2.9790026584094949E+002  2.9809064421769978E+002  2.9829424700080830E+002  2.9851475149165680E+002  2.9875597860288713E+002  2.9902247134490949E+002  2.9932024688366272E+002  2.9965801301535163E+002  3.0004965725329117E+002  3.0051901263285993E+002  3.0105986274664252E+002  3.0144901418276896E+002  3.0172261574199916E+002  3.0195004889997881E+002  3.0215914383411092E+002  3.0236095947669691E+002  3.0255989095051331E+002  3.0275753120855256E+002  3.0295427121092871E+002  3.0314999999999998E+002
  2.9008999999999997E+002  2.9139175548168038E+002  2.9210399944212031E+002  2.9268134294035190E+002  2.9309595921478524E+002  2.9341981902859357E+002  2.9368563889904584E+002  2.9391104199470402E+002  2.9410661072372039E+002  2.9427920192300161E+002  2.9443351681477850E+002  2.9469933445800956E+002  2.9492292682793851E+002  2.9511512328824830E+002  2.9528303802090142E+002  2.9543162921771909E+002  2.9562561503379027E+002  2.9579289148457400E+002  2.9598423574353268E+002  2.9618619526713405E+002  2.9635925816190519E+002  2.9651197285212885E+002  2.9665019718912316E+002  2.9677807396823164E+002  2.9689860565457417E+002  2.9701398301560329E+002  2.9712574340934464E+002  2.9733948073698861E+002  2.9754271537659389E+002  2.9773727692391634E+002  2.9792904989196643E+002  2.9812466561355785E+002  2.9832965130472860E+002  2.9854855613126551E+002  2.9878553850767270E+002  2.9904497007122723E+002  2.9933210602836647E+002  2.9965405279384231E+002  3.0002139529681460E+002  3.0044995057653159E+002  3.0094453707639730E+002  3.0138296528125818E+002  3.0169811305667793E+002  3.0194686996240466E+002  3.0216530078127789E+002  3.0236997922664034E+002  3.0256839101373890E+002  3.0276381807775135E+002  3.0295756003083471E+002  3.0314999999999998E+002
  2.9000000000000000E+002  2.9111093549885442E+002  2.9173191244452153E+002  2.9227131355073914E+002  2.9266581983945025E+002  2.9297865497538641E+002  2.9323879461436030E+002  2.9346197028696156E+002  2.9365769869123864E+002  2.9383218781159729E+002  2.9398971915180454E+002  2.9426497355201872E+002  2.9450073685806490E+002  2.9470700575372365E+002  2.9489033600696018E+002  2.9505527149892708E+002  2.9527490649646234E+002  2.9546829427877287E+002  2.9569414107301310E+002  2.9593704644864175E+002  2.9614716935481789E+002  2.9633245233184562E+002  2.9649871955320231E+002  2.9665046939114643E+002  2.9679131688740830E+002  2.9692424189502486E+002  2.9705170223141812E+002  2.9729448875883901E+002  2.9752632254906172E+002  2.9774395412963901E+002  2.9795043735776704E+002  2.9815407907718628E+002  2.9836246139225102E+002  2.9858141766105399E+002  2.9881573073068427E+002  2.9906991247755116E+002  2.9934890331693214E+002  2.9965882588758200E+002  3.0000789252425847E+002  3.0040673458145409E+002  3.0085965821872560E+002  3.0130760930009984E+002  3.0165854533346550E+002  3.0193180322033771E+002  3.0216345361756123E+002  3.0237406755071993E+002  3.0257408183372610E+002  3.0276865389762810E+002  3.0296024838573686E+002  3.0314999999999998E+002
  2.9008499999999998E+002  2.9112813101007515E+002  2.9169771507552804E+002  2.9218453704606509E+002  2.9253944296468370E+002  2.9282104484324685E+002  2.9305592408480777E+002  2.9325837183080654E+002  2.9343695378176125E+002  2.9359720800137779E+002  2.9374292121252142E+002  2.9400041066346671E+002  2.9422442577037049E+002  2.9442350929031267E+002  2.9460319536288296E+002  2.9476727960297444E+002  2.9498976115888013E+002  2.9518960230915377E+002  2.9542807111097000E+002  2.9569083678811569E+002  2.9592308870035743E+002  2.9613124136769915E+002  2.9632008223595108E+002  2.9649342701738914E+002  2.9665448841512750E+002  2.9680609540536113E+002  2.9695081999710510E+002  2.9722563855318543E+002  2.9749076714955532E+002  2.9773881251571555E+002  2.9796497429651851E+002  2.9817931756362759E+002  2.9839277349096466E+002  2.9861312395225718E+002  2.9884607750496394E+002  2.9909646283115404E+002  2.9936907281420861E+002  2.9966934139527984E+002  3.0000392636624855E+002  3.0038056489364413E+002  3.0080235969005253E+002  3.0123773971878654E+002  3.0161050037279387E+002  3.0190679361729678E+002  3.0215355120222506E+002  3.0237243366752102E+002  3.0257605357485801E+002  3.0277131767146449E+002  3.0296194839082546E+002  3.0314999999999998E+002
  2.9040499999999997E+002  2.9126018809989091E+002  2.9172612520347161E+002  2.9213161504031012E+002  2.9245163125551716E+002  2.9270852772289680E+002  2.9292494364728947E+002  2.9311309641211568E+002  2.9328033258650322E+002  2.9343141670608520E+002  2.9356961677578323E+002  2.9381580898649992E+002  2.9403189259806760E+002  2.9422536228815574E+002  2.9440111614302316E+002  2.9456254600615961E+002  2.9478291030804348E+002  2.9498236561082518E+002  2.9522248573685300E+002  2.9549017933504729E+002  2.9572998989018919E+002  2.9594784322196904E+002  2.9614803928645949E+002  2.9633390025479673E+002  2.9650816607982415E+002  2.9667325824263901E+002  2.9683147147821023E+002  2.9713395336459359E+002  2.9743226335614543E+002  2.9772048566127046E+002  2.9797362070819349E+002  2.9820142968261320E+002  2.9842116878450764E+002  2.9864376872158829E+002  2.9887623983308873E+002  2.9912387326136320E+002  2.9939144228318463E+002  2.9968392641066680E+002  3.0000693932927118E+002  3.0036635929369180E+002  3.0076411802807689E+002  3.0118071523600560E+002  3.0156101529554405E+002  3.0187519257301580E+002  3.0213676460328622E+002  3.0236518492662691E+002  3.0257399619228914E+002  3.0277144592223908E+002  3.0296243688939421E+002  3.0314999999999998E+002
  2.9015999999999997E+002  2.9109480030624911E+002  2.9161765934714253E+002  2.9205901756726001E+002  2.9238139242895960E+002  2.9263734392537441E+002  2.9285086032399840E+002  2.9303491039021577E+002  2.9319730501143829E+002  2.9334311564994289E+002  2.9347582242517740E+002  2.9371079765093072E+002  2.9391615651143547E+002  2.9409979605181002E+002  2.9426681359651667E+002  2.9442067972753790E+002  2.9463186104679414E+002  2.9482462533565160E+002  2.9505924591505834E+002  2.9532458697940808E+002  2.9556579079381430E+002  2.9578769907738058E+002  2.9599378223824715E+002  2.9618674733846024E+002  2.9636888267957085E+002  2.9654227785457329E+002  2.9670899313922467E+002  2.9702932772606084E+002  2.9735040306014645E+002  2.9768538798346663E+002  2.9797774039947848E+002  2.9822199156164453E+002  2.9844863558082432E+002  2.9867379920085256E+002  2.9890623039771657E+002  2.9915178963214157E+002  2.9941529949115545E+002  2.9970141031573354E+002  3.0001496186817150E+002  3.0036051884557600E+002  3.0073909676796944E+002  3.0113710417354434E+002  3.0151524963727826E+002  3.0184067877444608E+002  3.0211500434202691E+002  3.0235311809277681E+002  3.0256812488033620E+002  3.0276901782393043E+002  3.0296165789249108E+002  3.0314999999999998E+002
  2.9050500000000000E+002  2.9125133889008919E+002  2.9165843078497636E+002  2.9201689563859878E+002  2.9230734340685518E+002  2.9254163959766345E+002  2.9273989878794112E+002  2.9291298742492648E+002  2.9306744581343827E+002  2.9320751892257829E+002  2.9333612020799779E+002  2.9356644906588747E+002  2.9377000089804113E+002  2.9395346341066124E+002  2.9412120540330221E+002  2.9427625047991984E+002  2.9448952706413934E+002  2.9468431347864646E+002  2.9492122216731769E+002  2.9518875339962000E+002  2.9543180987746621E+002  2.9565565462637426E+002  2.9586406707545081E+002  2.9605991470024588E+002  2.9624550922783794E+002  2.9642285552827104E+002  2.9659385303536817E+002  2.9692333596626685E+002  2.9725426134416182E+002  2.9762294426451444E+002  2.9797910619861727E+002  2.9824291715090374E+002  2.9847627175278723E+002  2.9870375827816952E+002  2.9893620706585961E+002  2.9918005526248629E+002  2.9944017407267182E+002  2.9972093801482913E+002  3.0002657111772311E+002  3.0036065934089021E+002  3.0072352899018028E+002  3.0110481215627840E+002  3.0147575721826479E+002  3.0180635282349374E+002  3.0209039129513565E+002  3.0233743321447213E+002  3.0255903261851893E+002  3.0276428518473443E+002  3.0295969548200742E+002  3.0314999999999998E+002
  2.9109999999999997E+002  2.9162486410925777E+002  2.9189912376926765E+002  2.9214009173389735E+002  2.9237926955896961E+002  2.9257807699011931E+002  2.9274856245186396E+002  2.9289914718198492E+002  2.9303492933192496E+002  2.9315923588848312E+002  2.9327436173713971E+002  2.9348311335101607E+002  2.9367030330690807E+002  2.9384128133826346E+002  2.9399954602021478E+002  2.9414751205587913E+002  2.9435378411672059E+002  2.9454481646329913E+002  2.9478044524404777E+002  2.9505027559164591E+002  2.9529794475644456E+002  2.9552736756516805E+002  2.9574149665997061E+002  2.9594275166029638E+002  2.9613324901619688E+002  2.9631494127150859E+002  2.9648972649850123E+002  2.9682477971198699E+002  2.9715672842490869E+002  2.9751742199527990E+002  2.9798342520438717E+002  2.9826702226575367E+002  2.9850525344979371E+002  2.9873415063717806E+002  2.9896632320835545E+002  2.9920857122707491E+002  2.9946572652926523E+002  2.9974188665667975E+002  3.0004075046431711E+002  3.0036513694637165E+002  3.0071484721814255E+002  3.0108144971082419E+002  3.0144312526288087E+002  3.0177431988735731E+002  3.0206484386740186E+002  3.0231945478488723E+002  3.0254752001892359E+002  3.0275767793207251E+002  3.0295673217292904E+002  3.0314999999999998E+002
  2.9219999999999999E+002  2.9244081246929352E+002  2.9255616105132765E+002  2.9265381000030067E+002  2.9275017882703725E+002  2.9285150039084732E+002  2.9296120139830288E+002  2.9306664453767507E+002  2.9316439821571407E+002  2.9325615062553061E+002  2.9334307181679185E+002  2.9350566281445811E+002  2.9365668248967063E+002  2.9379888890985239E+002  2.9393408674657184E+002  2.9406351904532903E+002  2.9424885965353724E+002  2.9442524315406718E+002  2.9464892193992802E+002  2.9491266196437113E+002  2.9516072996447167E+002  2.9539458812473094E+002  2.9561532266992202E+002  2.9582397303980105E+002  2.9602169550870218E+002  2.9620981318696892E+002  2.9638980950833673E+002  2.9673002105048607E+002  2.9705641708856649E+002  2.9739271500151506E+002  2.9798052702232906E+002  2.9829489081656521E+002  2.9853618250520299E+002  2.9876525450804371E+002  2.9899663789486272E+002  2.9923722955416946E+002  2.9949168265665384E+002  2.9976378087823122E+002  3.0005674607749154E+002  3.0037276927146223E+002  3.0071124498545709E+002  3.0106500720485661E+002  3.0141691232056934E+002  3.0174571899123521E+002  3.0203985593170682E+002  3.0230042099040855E+002  3.0253444356581986E+002  3.0274971027821147E+002  3.0295300474288172E+002  3.0314999999999998E+002
  2.9342999999999995E+002  2.9342685771224916E+002  2.9343742629926783E+002  2.9345142177139263E+002  2.9346799684873758E+002  2.9348731537254270E+002  2.9350980980200990E+002  2.9353602191423590E+002  2.9356655649194988E+002  2.9360206845957111E+002  2.9364326416512233E+002  2.9373749674104090E+002  2.9383115508875818E+002  2.9392430648317998E+002  2.9401703840537562E+002  2.9410943200332287E+002  2.9424775653565104E+002  2.9438561248160630E+002  2.9456914938845631E+002  2.9479801577343153E+002  2.9502530493043105E+002  2.9525002603191177E+002  2.9547071046940800E+002  2.9568560080876767E+002  2.9589302638247750E+002  2.9609188963525219E+002  2.9628206201447449E+002  2.9663755929915982E+002  2.9697706404343063E+002  2.9734161882631656E+002  2.9788069538823692E+002  2.9830992025683196E+002  2.9856517425331180E+002  2.9879610402310362E+002  2.9902683149221349E+002  2.9926580633796090E+002  2.9951776518922253E+002  2.9978622342269063E+002  3.0007397300840012E+002  3.0038267873916175E+002  3.0071141864251933E+002  3.0105391680730941E+002  3.0139629777570781E+002  3.0172097268401990E+002  3.0201644657134375E+002  3.0228136119759199E+002  3.0252060463798875E+002  3.0274090391942298E+002  3.0294876587763633E+002  3.0314999999999998E+002
  2.9452999999999997E+002  2.9434508272977831E+002  2.9429643950477765E+002  2.9427282225684826E+002  2.9425914086212964E+002  2.9425065882307825E+002  2.9424536587424427E+002  2.9424227445043192E+002  2.9424088371059906E+002  2.9424100318921404E+002  2.9424261455008838E+002  2.9425054823896801E+002  2.9426568033098897E+002  2.9428973268518172E+002  2.9432501065026463E+002  2.9437029423288539E+002  2.9444457353949247E+002  2.9452499517308661E+002  2.9464063498621624E+002  2.9479690108898791E+002  2.9496433764151243E+002  2.9514194714771259E+002  2.9532884156389724E+002  2.9552392484895961E+002  2.9572555636807471E+002  2.9593123028374396E+002  2.9613761568323406E+002  2.9653874408787459E+002  2.9691692029423263E+002  2.9730371818949834E+002  2.9776471142254042E+002  2.9828583630824932E+002  2.9858221238328326E+002  2.9882323205087988E+002  2.9905573924844168E+002  2.9929385414547659E+002  2.9954368338801885E+002  2.9980888396949092E+002  3.0009197356643051E+002  3.0039420100587444E+002  3.0071440468148035E+002  3.0104697506515498E+002  3.0138040567464486E+002  3.0170005990366332E+002  3.0199521612613847E+002  3.0226305060557524E+002  3.0250668351710164E+002  3.0273173476815850E+002  3.0294425569931371E+002  3.0314999999999998E+002
  2.9316499999999996E+002  2.9385789448208038E+002  2.9411795953937462E+002  2.9427061035092470E+002  2.9437082804740743E+002  2.9444032253701869E+002  2.9449046679784732E+002  2.9452796643392492E+002  2.9455709299595947E+002  2.9458077799722071E+002  2.9460088089757761E+002  2.9463431933995821E+002  2.9466368539208810E+002  2.9469154266742720E+002  2.9471918081940368E+002  2.9474729868083114E+002  2.9479109704493203E+002  2.9483765443836342E+002  2.9490460821854612E+002  2.9499693392011409E+002  2.9509947426877784E+002  2.9521261117746712E+002  2.9533668901122331E+002  2.9547209088357624E+002  2.9561930501096089E+002  2.9577901884343584E+002  2.9595227447887413E+002  2.9635191892842732E+002  2.9680615194050876E+002  2.9725554655879910E+002  2.9771395018967883E+002  2.9820906536808229E+002  2.9856875411106040E+002  2.9883771289927915E+002  2.9907958484184149E+002  2.9931983117052334E+002  2.9956876842025463E+002  2.9983136971652260E+002  3.0011036856138946E+002  3.0040683582734880E+002  3.0071948926915769E+002  3.0104326459706556E+002  3.0136843714666696E+002  3.0168272534755829E+002  3.0197644468307226E+002  3.0224601768992858E+002  3.0249321141226966E+002  3.0272260239955466E+002  3.0293968369383708E+002  3.0314999999999998E+002
  2.9317999999999995E+002  2.9342917981439058E+002  2.9354652089601996E+002  2.9364274445827476E+002  2.9373388826767581E+002  2.9382527277192946E+002  2.9391915457017365E+002  2.9401648174163637E+002  2.9410403360269765E+002  2.9418300926161282E+002  2.9425484938796416E+002  2.9438109141569601E+002  2.9448868288196263E+002  2.9458158943205717E+002  2.9466275001044824E+002  2.9473448024382213E+002  2.9482818136192867E+002  2.9490998410947429E+002  2.9500672128903290E+002  2.9511684247867913E+002  2.9522280324733703E+002  2.9532936282006966E+002  2.9543944848044293E+002  2.9555502674259066E+002  2.9567761232978012E+002  2.9580857567410487E+002  2.9594935008112935E+002  2.9626801787399802E+002  2.9665109643341339E+002  2.9712370671425174E+002  2.9764955595103334E+002  2.9813089357722492E+002  2.9852538132070180E+002  2.9883150533992114E+002  2.9909257806473141E+002  2.9934054278870144E+002  2.9959138921230806E+002  2.9985282597184749E+002  3.0012862123565372E+002  3.0042010721696016E+002  3.0072610388909192E+002  3.0104207589922686E+002  3.0135970913975467E+002  3.0166861496446211E+002  3.0196019296071358E+002  3.0223058086833890E+002  3.0248056987891954E+002  3.0271381794177290E+002  3.0293521961804635E+002  3.0314999999999998E+002
  2.9456500000000000E+002  2.9442454891936353E+002  2.9439195091935420E+002  2.9437901098707727E+002  2.9437398956778691E+002  2.9437338709556212E+002  2.9437587946683414E+002  2.9438084520584226E+002  2.9438802230769869E+002  2.9439732911359386E+002  2.9440878126896882E+002  2.9443859148699306E+002  2.9447823328600123E+002  2.9452894143300784E+002  2.9458771470480917E+002  2.9464619278333208E+002  2.9473308892888474E+002  2.9481840639482095E+002  2.9492977345266644E+002  2.9506522932137392E+002  2.9519695222618901E+002  2.9532588171987112E+002  2.9545319881296155E+002  2.9558035342928679E+002  2.9570902537499052E+002  2.9584104708932125E+002  2.9597834081386378E+002  2.9627639591415374E+002  2.9662059462424327E+002  2.9703020669167807E+002  2.9751607093257354E+002  2.9802227640110885E+002  2.9845457309287190E+002  2.9880085044285136E+002  2.9908963452946711E+002  2.9935217276454495E+002  2.9960914697241213E+002  2.9987183277184533E+002  3.0014586682380838E+002  3.0043340367327727E+002  3.0073369004832301E+002  3.0104280321679659E+002  3.0135362969056069E+002  3.0165734194281242E+002  3.0194638123777719E+002  3.0221689435768889E+002  3.0246900665455235E+002  3.0270560515012369E+002  3.0293099130617827E+002  3.0314999999999998E+002
  2.9588999999999999E+002  2.9547511721525279E+002  2.9536213853826797E+002  2.9530381126979722E+002  2.9526692796272243E+002  2.9524108177087152E+002  2.9522180752935327E+002  2.9520682601418849E+002  2.9519483581946531E+002  2.9518503294918759E+002  2.9517689080649848E+002  2.9516431015277175E+002  2.9515518079291803E+002  2.9514851227378131E+002  2.9514372859315574E+002  2.9514050163717548E+002  2.9513834338221778E+002  2.9514038051184076E+002  2.9515378748796076E+002  2.9519802483307910E+002  2.9526705082116149E+002  2.9534979769025796E+002  2.9544478960652214E+002  2.9555110766319586E+002  2.9566824031695006E+002  2.9579590477476995E+002  2.9593389934390046E+002  2.9624336720205685E+002  2.9659044719026622E+002  2.9697889642710874E+002  2.9741678400435876E+002  2.9789313209445754E+002  2.9835066427330224E+002  2.9873954182281472E+002  2.9906413155925941E+002  2.9934958190416063E+002  2.9961864198877890E+002  2.9988628120796290E+002  3.0016080614547099E+002  3.0044587439735250E+002  3.0074159749957937E+002  3.0104485214189651E+002  3.0134964777129244E+002  3.0164850283728936E+002  3.0193483699809491E+002  3.0220498777864356E+002  3.0245865701539964E+002  3.0269810871879747E+002  3.0292708686451829E+002  3.0314999999999998E+002
  2.9680499999999995E+002  2.9633934350902337E+002  2.9620713852531441E+002  2.9613674067685128E+002  2.9609100656413261E+002  2.9605812747595417E+002  2.9603297785384507E+002  2.9601291551748676E+002  2.9599641848526232E+002  2.9598253868708019E+002  2.9597065006135358E+002  2.9595130400638379E+002  2.9593606531365833E+002  2.9592369360649974E+002  2.9591342605132650E+002  2.9590476439294889E+002  2.9589408260972732E+002  2.9588549628863944E+002  2.9587651210411002E+002  2.9586828734506622E+002  2.9586270380426691E+002  2.9585951620370491E+002  2.9585985785164945E+002  2.9587396437439497E+002  2.9591085992578996E+002  2.9596418934671158E+002  2.9603359620600474E+002  2.9622303330811343E+002  2.9648110946523150E+002  2.9681686356630678E+002  2.9724192226824226E+002  2.9774138718187606E+002  2.9823098028193067E+002  2.9865550015384093E+002  2.9901538083576173E+002  2.9932867819524807E+002  2.9961582260078114E+002  2.9989319210818587E+002  3.0017147137095225E+002  3.0045624434827886E+002  3.0074894886814997E+002  3.0104753954278027E+002  3.0134719185207541E+002  3.0164166602916072E+002  3.0192531712411375E+002  3.0219479402487542E+002  3.0244956349817335E+002  3.0269140475093047E+002  3.0292355879952567E+002  3.0314999999999998E+002
  2.9664499999999998E+002  2.9645721325260325E+002  2.9639948594529199E+002  2.9636719151572532E+002  2.9634549460848302E+002  2.9632951301419331E+002  2.9631706291158923E+002  2.9630698927113741E+002  2.9629861202108049E+002  2.9629149950027102E+002  2.9628536199891562E+002  2.9627528627015926E+002  2.9626728297255238E+002  2.9626074851512124E+002  2.9625530572305951E+002  2.9625070503395324E+002  2.9624502783076053E+002  2.9624047308996586E+002  2.9623573505001042E+002  2.9623146288313444E+002  2.9622867035719247E+002  2.9622728211602691E+002  2.9622850423306619E+002  2.9623822734211052E+002  2.9626140998756284E+002  2.9629490047353880E+002  2.9633889581380265E+002  2.9645943326544125E+002  2.9662614506864270E+002  2.9684374961117908E+002  2.9711945778620424E+002  2.9746456438617048E+002  2.9789941661982488E+002  2.9848447703758933E+002  2.9896160455898973E+002  2.9930070406430383E+002  2.9960308719209019E+002  2.9989145023529329E+002  3.0017606663350290E+002  3.0046296611796203E+002  3.0075458184647255E+002  3.0104999543116452E+002  3.0134559085487820E+002  3.0163633412625387E+002  3.0191750606522231E+002  3.0218616279109449E+002  3.0244168991939665E+002  3.0268551004898097E+002  3.0292042830963186E+002  3.0314999999999998E+002
  2.9719499999999999E+002  2.9688089928774042E+002  2.9678686733767222E+002  2.9673521784183640E+002  2.9670095465399959E+002  2.9667593869617684E+002  2.9665656909375684E+002  2.9664096087127456E+002  2.9662801448110855E+002  2.9661703778965688E+002  2.9660756968029591E+002  2.9659201181381417E+002  2.9657961121736497E+002  2.9656942917758334E+002  2.9656088327194112E+002  2.9655359015866713E+002  2.9654445580104385E+002  2.9653695899710328E+002  2.9652887943039286E+002  2.9652108286984299E+002  2.9651522956110057E+002  2.9651095144884079E+002  2.9650808753000734E+002  2.9650676828669782E+002  2.9650951863091387E+002  2.9652499815080955E+002  2.9655401887633013E+002  2.9664586158930263E+002  2.9678057094377920E+002  2.9695743616304452E+002  2.9717693046621764E+002  2.9744211406689709E+002  2.9776050172208733E+002  2.9814686781865504E+002  2.9862393729960479E+002  2.9927345645766252E+002  2.9960556380449401E+002  2.9989442857867652E+002  3.0017956397532765E+002  3.0046709677311071E+002  3.0075813588458527E+002  3.0105150071382593E+002  3.0134413987863650E+002  3.0163193777899170E+002  3.0191100771201684E+002  3.0217886215062572E+002  3.0243492741360501E+002  3.0268038765311178E+002  3.0291768828773263E+002  3.0314999999999998E+002
  2.9683499999999998E+002  2.9679079136469710E+002  2.9677424776256640E+002  2.9676368873120566E+002  2.9675587716012961E+002  2.9674968127436756E+002  2.9674456249263579E+002  2.9674021820435433E+002  2.9673645972225182E+002  2.9673316071444367E+002  2.9673023212094358E+002  2.9672524739411119E+002  2.9672113785551454E+002  2.9671768343244639E+002  2.9671473849555707E+002  2.9671220198135046E+002  2.9670901139010545E+002  2.9670640792640700E+002  2.9670366102785528E+002  2.9670116072067668E+002  2.9669953545781675E+002  2.9669877521778733E+002  2.9669953556371343E+002  2.9670452569342689E+002  2.9671854496293810E+002  2.9673935250512756E+002  2.9676721486054606E+002  2.9684460251508017E+002  2.9695258615882472E+002  2.9709298266521824E+002  2.9726814680315971E+002  2.9748122042420209E+002  2.9773641395701566E+002  2.9803916588851229E+002  2.9839601106164315E+002  2.9882182888304663E+002  2.9955011377459959E+002  2.9991888666914576E+002  3.0019733792559038E+002  3.0047749607141191E+002  3.0076367719396342E+002  3.0105344638735761E+002  3.0134299663456682E+002  3.0162819457761640E+002  3.0190547558555460E+002  3.0217262413164184E+002  3.0242911127083107E+002  3.0267595373485290E+002  3.0291530599329167E+002  3.0314999999999998E+002
  2.9628999999999996E+002  2.9649718652884758E+002  2.9656305236698239E+002  2.9660051415763928E+002  2.9662573139939497E+002  2.9664412155792172E+002  2.9665817182093792E+002  2.9666923834691522E+002  2.9667814595413643E+002  2.9668543548378938E+002  2.9669148140509873E+002  2.9670073087051156E+002  2.9670748908693889E+002  2.9671260786953690E+002  2.9671663041734712E+002  2.9671991907646515E+002  2.9672395655051656E+002  2.9672747687696653E+002  2.9673199086698156E+002  2.9673844059026624E+002  2.9674749053035526E+002  2.9676154922371461E+002  2.9677903293896298E+002  2.9680038357697850E+002  2.9682597765046052E+002  2.9685614875279151E+002  2.9689118311261916E+002  2.9697646241012262E+002  2.9708404320123094E+002  2.9721589989650977E+002  2.9737425451415982E+002  2.9756169294677176E+002  2.9778128934752340E+002  2.9803670117977265E+002  2.9833240046118050E+002  2.9867619284249685E+002  2.9909850964775586E+002  2.9979141193673661E+002  3.0023424103999531E+002  3.0050515206253277E+002  3.0077917731768275E+002  3.0106052658707591E+002  3.0134447125533558E+002  3.0162599521008184E+002  3.0190110667316060E+002  3.0216738649814619E+002  3.0242412915566024E+002  3.0267212243651602E+002  3.0291323883588439E+002  3.0314999999999998E+002
  2.9538999999999999E+002  2.9575736218510787E+002  2.9590219547582115E+002  2.9600121376893043E+002  2.9607971816879609E+002  2.9614617411221923E+002  2.9620445626009354E+002  2.9625667523685979E+002  2.9630412098674640E+002  2.9634765238535016E+002  2.9638776739174631E+002  2.9645398224539804E+002  2.9650684380885974E+002  2.9655007662500242E+002  2.9658608337780873E+002  2.9661651646172567E+002  2.9665409440749102E+002  2.9668467370410940E+002  2.9671777832033803E+002  2.9675147999812935E+002  2.9678096657337289E+002  2.9680911997972333E+002  2.9683783094838918E+002  2.9686834459528518E+002  2.9690149645522825E+002  2.9693786959792124E+002  2.9697789433799352E+002  2.9706972584437136E+002  2.9717966746775858E+002  2.9730956319823031E+002  2.9746123363090192E+002  2.9763668684307163E+002  2.9783830817082173E+002  2.9806902496514505E+002  2.9833242772018156E+002  2.9863314241256285E+002  2.9897994756792690E+002  2.9940577313096577E+002  3.0008869651309521E+002  3.0054297552691986E+002  3.0081053583724020E+002  3.0107847553248860E+002  3.0135251416978292E+002  3.0162764895521155E+002  3.0189906132026420E+002  3.0216363973246212E+002  3.0242014343034316E+002  3.0266892608033226E+002  3.0291148495341190E+002  3.0314999999999998E+002
  2.9470499999999998E+002  2.9515901284355272E+002  2.9534692831441146E+002  2.9548131816869250E+002  2.9559248906119416E+002  2.9569049601301589E+002  2.9577987986128920E+002  2.9586307017872997E+002  2.9594068360313156E+002  2.9600837861708743E+002  2.9606824090433264E+002  2.9616973913670074E+002  2.9625355063450212E+002  2.9632440966372417E+002  2.9638539492317790E+002  2.9643862728534015E+002  2.9650701104317830E+002  2.9656498781819187E+002  2.9663013231922662E+002  2.9669765858030513E+002  2.9675496839078824E+002  2.9680577205623223E+002  2.9685275195763677E+002  2.9689790463708277E+002  2.9694273807697419E+002  2.9698840031930854E+002  2.9703577215303466E+002  2.9713755506691734E+002  2.9725266206101020E+002  2.9738370000407980E+002  2.9753274996358095E+002  2.9770176398484790E+002  2.9789285174584938E+002  2.9810854811849481E+002  2.9835208462857258E+002  2.9862757928895803E+002  2.9894003664368012E+002  2.9929649299272558E+002  2.9972271133257772E+002  3.0045391502600035E+002  3.0084437069813777E+002  3.0110805468451878E+002  3.0137013647492358E+002  3.0163585672611947E+002  3.0190120347155005E+002  3.0216249086229624E+002  3.0241773767929993E+002  3.0266663793826393E+002  3.0291014784643647E+002  3.0314999999999998E+002
  2.9379999999999995E+002  2.9445471197140915E+002  2.9473557207804532E+002  2.9493815392153584E+002  2.9510536602738154E+002  2.9525193854849533E+002  2.9538488235305073E+002  2.9549705993296442E+002  2.9559316195441511E+002  2.9567712169236739E+002  2.9575160133846862E+002  2.9587873771931521E+002  2.9598502115215547E+002  2.9607620261751617E+002  2.9615594635780468E+002  2.9622672900366922E+002  2.9631964662095828E+002  2.9640038969342044E+002  2.9649357491808246E+002  2.9659283094107190E+002  2.9667839402930144E+002  2.9675410721098115E+002  2.9682276368489948E+002  2.9688650865227822E+002  2.9694705684759094E+002  2.9700581453042895E+002  2.9706395064886220E+002  2.9718104403220559E+002  2.9730527022011211E+002  2.9744068263105083E+002  2.9759025963663680E+002  2.9775640281358471E+002  2.9794129825141300E+002  2.9814721812503728E+002  2.9837686606454940E+002  2.9863389354267775E+002  2.9892366159197968E+002  2.9925389387977668E+002  2.9963349981719995E+002  3.0006973653447432E+002  3.0083750291782809E+002  3.0113978928278198E+002  3.0139574386815042E+002  3.0165159409130212E+002  3.0190902903322643E+002  3.0216521276815018E+002  3.0241778382313527E+002  3.0266576600839215E+002  3.0290945428831083E+002  3.0314999999999998E+002
  2.9289499999999998E+002  2.9365364235252872E+002  2.9400338218879182E+002  2.9427090748188328E+002  2.9450292934332577E+002  2.9471171091308747E+002  2.9488181914586949E+002  2.9502518655528894E+002  2.9514895965482447E+002  2.9525775536272437E+002  2.9535472848741296E+002  2.9552119108970578E+002  2.9566093676760471E+002  2.9578107511726461E+002  2.9588621440494495E+002  2.9597951828984401E+002  2.9610188184171994E+002  2.9620803813521292E+002  2.9633031343298887E+002  2.9646029221855576E+002  2.9657215238580426E+002  2.9667093266333490E+002  2.9676015140797625E+002  2.9684236128071274E+002  2.9691947404435405E+002  2.9699296932726639E+002  2.9706403869708072E+002  2.9720140484724453E+002  2.9733932465858339E+002  2.9748290255615052E+002  2.9763615972997792E+002  2.9780229228846798E+002  2.9798398067629728E+002  2.9818367703469687E+002  2.9840385428630356E+002  2.9864727405417437E+002  2.9891748550260155E+002  2.9922020197963832E+002  2.9956728002392964E+002  2.9998694827871628E+002  3.0054304504120762E+002  3.0114484485497258E+002  3.0142137818185671E+002  3.0167281465347446E+002  3.0192257968102587E+002  3.0217250935928587E+002  3.0242103003866646E+002  3.0266685898110131E+002  3.0290968312171964E+002  3.0314999999999998E+002
  2.9021499999999997E+002  2.9257703551026140E+002  2.9321416906119958E+002  2.9368027778750638E+002  2.9400725031161022E+002  2.9425390714683573E+002  2.9445129825381065E+002  2.9461567982342882E+002  2.9475653863761562E+002  2.9487984953230068E+002  2.9498959574221135E+002  2.9517811610121475E+002  2.9533729535288279E+002  2.9547528729101805E+002  2.9559720793353591E+002  2.9570647924783913E+002  2.9585156567552491E+002  2.9597913930751287E+002  2.9612815118657107E+002  2.9628880760415370E+002  2.9642846598884512E+002  2.9655239011492762E+002  2.9666432979649835E+002  2.9676706703383883E+002  2.9686272027879505E+002  2.9695292879835586E+002  2.9703898243377404E+002  2.9720084591683423E+002  2.9735654346911656E+002  2.9751186713889979E+002  2.9767184409376114E+002  2.9784058302495492E+002  2.9802142052030666E+002  2.9821722309767284E+002  2.9843071901491118E+002  2.9866483967875587E+002  2.9892306711355798E+002  2.9920971899156950E+002  2.9953008589582453E+002  2.9989152906326194E+002  3.0031863887889261E+002  3.0106545785613753E+002  3.0143915155667747E+002  3.0169617654165108E+002  3.0194049863751428E+002  3.0218413529608654E+002  3.0242771123532930E+002  3.0267023888975893E+002  3.0291103694472270E+002  3.0314999999999998E+002
  2.9008999999999997E+002  2.9138240725799562E+002  2.9209105153833320E+002  2.9266259359054538E+002  2.9307293118223743E+002  2.9339334512243818E+002  2.9365623894102720E+002  2.9387906772461071E+002  2.9407231341161076E+002  2.9424276817265098E+002  2.9439508930309847E+002  2.9465723350799254E+002  2.9487744202914024E+002  2.9506645093650576E+002  2.9523131656329986E+002  2.9537695930492890E+002  2.9556665231261610E+002  2.9572974599317689E+002  2.9591560825580899E+002  2.9611076307897923E+002  2.9627694945010518E+002  2.9642256565965215E+002  2.9655330347576250E+002  2.9667311971885334E+002  2.9678481355697824E+002  2.9689037485824804E+002  2.9699119717659244E+002  2.9718015543433671E+002  2.9735776784966055E+002  2.9752862319907649E+002  2.9769831319103650E+002  2.9787210679074110E+002  2.9805431036512636E+002  2.9824839787800943E+002  2.9845734423297620E+002  2.9868395685670725E+002  2.9893124802201504E+002  2.9920308424130945E+002  2.9950569537727517E+002  2.9985128864304028E+002  3.0026578587051398E+002  3.0080194387166870E+002  3.0143106984456853E+002  3.0171446932914063E+002  3.0195984724942491E+002  3.0219889071808785E+002  3.0243743215922694E+002  3.0267585592177392E+002  3.0291355107836750E+002  3.0314999999999998E+002
  2.9000000000000000E+002  2.9110021218895236E+002  2.9171711154594300E+002  2.9225070382690933E+002  2.9264098948611547E+002  2.9295047035770443E+002  2.9320779670568334E+002  2.9342852624557298E+002  2.9362207216845752E+002  2.9379457594260197E+002  2.9395027383554759E+002  2.9422220021459191E+002  2.9445494996884446E+002  2.9465841910533089E+002  2.9483909821756743E+002  2.9500148642825212E+002  2.9521742422610822E+002  2.9540720025711011E+002  2.9562826886779260E+002  2.9586514231110812E+002  2.9606906792462638E+002  2.9624788794047356E+002  2.9640732154910853E+002  2.9655173564161981E+002  2.9668456571853375E+002  2.9680854515465995E+002  2.9692581655786864E+002  2.9714339108856916E+002  2.9734540870198754E+002  2.9753484206418443E+002  2.9771684123924263E+002  2.9789771546824016E+002  2.9808295009371625E+002  2.9827685871201385E+002  2.9848294677268609E+002  2.9870437834429561E+002  2.9894443333927757E+002  2.9920696798468822E+002  2.9949684188305201E+002  2.9982019822404328E+002  3.0018529287845627E+002  3.0061512435412584E+002  3.0137173967880443E+002  3.0172614355950645E+002  3.0197888505204259E+002  3.0221538962003621E+002  3.0244938498682245E+002  3.0268332141932564E+002  3.0291708024458643E+002  3.0314999999999998E+002
  2.9008499999999998E+002  2.9111555457640111E+002  2.9167930566973962E+002  2.9216042703864173E+002  2.9251116461519393E+002  2.9278941944303648E+002  2.9302147945877800E+002  2.9322148184920013E+002  2.9339789809220889E+002  2.9355620305264574E+002  2.9370013858937926E+002  2.9395446812297757E+002  2.9417569959584131E+002  2.9437226296421267E+002  2.9454961762314474E+002  2.9471150706138127E+002  2.9493087251651491E+002  2.9512772845381511E+002  2.9536230925246258E+002  2.9562021213336368E+002  2.9584746880277987E+002  2.9605038205195484E+002  2.9623363945238452E+002  2.9640094680728959E+002  2.9655537019985366E+002  2.9669951799585351E+002  2.9683561638948294E+002  2.9708720863364385E+002  2.9731905861778790E+002  2.9753153863962456E+002  2.9772865845780746E+002  2.9791838068542143E+002  2.9810802455216827E+002  2.9830309813126439E+002  2.9850777036849456E+002  2.9872546981031275E+002  2.9895934168956887E+002  2.9921263767440433E+002  2.9948928805983024E+002  2.9979537800409537E+002  3.0014374306042083E+002  3.0056886791805238E+002  3.0118278086435009E+002  3.0171272341929182E+002  3.0199192516234729E+002  3.0223139310229345E+002  3.0246241328495643E+002  3.0269201202706995E+002  3.0292135226100191E+002  3.0314999999999998E+002
  2.9040499999999997E+002  2.9124527394923382E+002  2.9170268060914492E+002  2.9210103485627434E+002  2.9241674471169540E+002  2.9267025967727977E+002  2.9288388205772929E+002  2.9306964765569876E+002  2.9323479389539744E+002  2.9338401450581779E+002  2.9352052888441500E+002  2.9376376119108352E+002  2.9397727543752114E+002  2.9416845414487432E+002  2.9434212195600270E+002  2.9450161984395800E+002  2.9471929955998331E+002  2.9491624629952622E+002  2.9515319253344120E+002  2.9541705005985926E+002  2.9565304293937447E+002  2.9586699023742557E+002  2.9606309901076258E+002  2.9624459833697586E+002  2.9641411797824668E+002  2.9657392324118808E+002  2.9672605045363105E+002  2.9701107093925089E+002  2.9727757915884399E+002  2.9751947602895245E+002  2.9773530544387376E+002  2.9793545190129930E+002  2.9813036208213981E+002  2.9832729095517135E+002  2.9853124613475114E+002  2.9874603350413395E+002  2.9897498789908303E+002  2.9922159678404671E+002  2.9949027158266824E+002  2.9978753601592075E+002  3.0012385767268557E+002  3.0051619720547410E+002  3.0099501639428951E+002  3.0168916122397542E+002  3.0199975932017696E+002  3.0224540039669461E+002  3.0247528084101344E+002  3.0270116926872487E+002  3.0292601138588691E+002  3.0314999999999998E+002
  2.9015999999999997E+002  2.9107639120027977E+002  2.9158683921679415E+002  2.9202213165584402E+002  2.9234011228237233E+002  2.9259259804430485E+002  2.9280323969621799E+002  2.9298482443890435E+002  2.9314505436323407E+002  2.9328893064958527E+002  2.9341988542035426E+002  2.9365178444339602E+002  2.9385448366620597E+002  2.9403577241507929E+002  2.9420067801684729E+002  2.9435262263462812E+002  2.9456120854540688E+002  2.9475164053034280E+002  2.9498346039541548E+002  2.9524564150923885E+002  2.9548390650442434E+002  2.9570297339725352E+002  2.9590621573256323E+002  2.9609626460099031E+002  2.9627534759301267E+002  2.9644549897769139E+002  2.9660870574193058E+002  2.9691950893628206E+002  2.9722027862014158E+002  2.9749968502196049E+002  2.9773879108500836E+002  2.9795056589777596E+002  2.9815104550358211E+002  2.9835009397942417E+002  2.9855384148797503E+002  2.9876662531173076E+002  2.9899205371483600E+002  2.9923366524005115E+002  2.9949543019836932E+002  2.9978221069424603E+002  3.0010042922675723E+002  3.0046064391905003E+002  3.0089442943888889E+002  3.0161244981495878E+002  3.0199728075878573E+002  3.0225630844220836E+002  3.0248716010113890E+002  3.0271016397490280E+002  3.0293073058308624E+002  3.0314999999999998E+002
  2.9050500000000000E+002  2.9123367689256617E+002  2.9162742513169104E+002  2.9197256118906495E+002  2.9225869190802257E+002  2.9248952769044752E+002  2.9268487853572799E+002  2.9285544672172972E+002  2.9300767389335448E+002  2.9314574102206637E+002  2.9327251761482808E+002  2.9349963332001641E+002  2.9370040691140389E+002  2.9388142303975314E+002  2.9404698172178308E+002  2.9420005764406284E+002  2.9441071404925702E+002  2.9460318943323313E+002  2.9483739777956885E+002  2.9510200606003565E+002  2.9534248815119724E+002  2.9556400427091677E+002  2.9577026158540900E+002  2.9596407920543533E+002  2.9614774501534043E+002  2.9632327134501082E+002  2.9649260854030973E+002  2.9681898839975128E+002  2.9714543418512369E+002  2.9747225531826200E+002  2.9774151190579374E+002  2.9796553720591589E+002  2.9817127233939738E+002  2.9837228928141104E+002  2.9857597704575460E+002  2.9878713124344387E+002  2.9900945129460791E+002  2.9924627882076732E+002  2.9950110055880759E+002  2.9977818441262195E+002  3.0008406652595284E+002  3.0043205381145788E+002  3.0085761497273700E+002  3.0148310909932769E+002  3.0197758527600257E+002  3.0226079959845032E+002  3.0249660222114903E+002  3.0271826111510791E+002  3.0293516886270623E+002  3.0314999999999998E+002
  2.9109999999999997E+002  2.9161024261426172E+002  2.9187337484316777E+002  2.9210265194523708E+002  2.9232899284441538E+002  2.9252419978522659E+002  2.9269162295273202E+002  2.9283950630871124E+002  2.9297284690755276E+002  2.9309490953986494E+002  2.9320794852816681E+002  2.9341290327436735E+002  2.9359668105953682E+002  2.9376455492292666E+002  2.9391997590505781E+002  2.9406532680152509E+002  2.9426806581170604E+002  2.9445597459149053E+002  2.9468802283422929E+002  2.9495420288529328E+002  2.9519896797700818E+002  2.9542608083293987E+002  2.9563834739725297E+002  2.9583806187575283E+002  2.9602725535837385E+002  2.9620785608234843E+002  2.9638183068551018E+002  2.9671668727277574E+002  2.9705436573766451E+002  2.9743296588384192E+002  2.9774611208881612E+002  2.9798205964810165E+002  2.9819198404322526E+002  2.9839434654989662E+002  2.9859772850183600E+002  2.9880725510174381E+002  2.9902667612576005E+002  2.9925929344191957E+002  2.9950861782509094E+002  2.9977919715503901E+002  3.0007811542231849E+002  3.0041807424733287E+002  3.0082435664810259E+002  3.0135647277756846E+002  3.0194874003088546E+002  3.0225951877371540E+002  3.0250289611042348E+002  3.0272485321470612E+002  3.0293902272272999E+002  3.0314999999999998E+002
  2.9219999999999999E+002  2.9242865215923604E+002  2.9253708892265172E+002  2.9262807253987967E+002  2.9271721760667174E+002  2.9281042600923655E+002  2.9291093228576023E+002  2.9301281705743207E+002  2.9310739120518429E+002  2.9319624775228664E+002  2.9328049328259033E+002  2.9343823494910794E+002  2.9358489412974524E+002  2.9372310179974744E+002  2.9385458364683552E+002  2.9398053135661235E+002  2.9416101487456808E+002  2.9433292516969226E+002  2.9455120773175634E+002  2.9480912410827437E+002  2.9505239730342214E+002  2.9528249524770627E+002  2.9550044873744952E+002  2.9570718155789820E+002  2.9590371684589354E+002  2.9609130274817238E+002  2.9627150687127391E+002  2.9661566154197976E+002  2.9695902357925581E+002  2.9736322381272743E+002  2.9775649590729790E+002  2.9800159878431458E+002  2.9821378880157124E+002  2.9841653261360096E+002  2.9861920188224332E+002  2.9882708406904828E+002  2.9904396865993635E+002  2.9927319796950644E+002  2.9951834426048674E+002  2.9978390247887404E+002  3.0007623734146932E+002  3.0040512065733412E+002  3.0078714953058932E+002  3.0126048011622282E+002  3.0190768234299799E+002  3.0225308145568061E+002  3.0250615264121285E+002  3.0272973211067921E+002  3.0294212149443285E+002  3.0314999999999998E+002
  2.9342999999999995E+002  2.9341496932091820E+002  2.9342098197913873E+002  2.9343161817881497E+002  2.9344509659228390E+002  2.9346122587510450E+002  2.9348023977107925E+002  2.9350254084771518E+002  2.9352862204707748E+002  2.9355904049123762E+002  2.9359441199889079E+002  2.9368253220272169E+002  2.9377079109536567E+002  2.9385902880520098E+002  2.9394719296793602E+002  2.9403527510924073E+002  2.9416748346242264E+002  2.9429954050014675E+002  2.9447570797443700E+002  2.9469584146296415E+002  2.9491496021338116E+002  2.9513227634357861E+002  2.9534667573218877E+002  2.9555681657597330E+002  2.9576135312178729E+002  2.9595928616450976E+002  2.9615035757349051E+002  2.9651294359545659E+002  2.9686283558974878E+002  2.9722644612312348E+002  2.9779393220995206E+002  2.9802821858852667E+002  2.9823769811667296E+002  2.9843917769669054E+002  2.9864056404906381E+002  2.9884674337144764E+002  2.9906136568382522E+002  2.9928769049779652E+002  2.9952913477191368E+002  2.9978976739858314E+002  3.0007493358896130E+002  3.0039243829934486E+002  3.0075611502852013E+002  3.0120173351056872E+002  3.0184663303354864E+002  3.0223919159915653E+002  3.0250583031339016E+002  3.0273269979172795E+002  3.0294436224107579E+002  3.0314999999999998E+002
  2.9452999999999997E+002  2.9433189035646848E+002  2.9427923498685948E+002  2.9425330012870336E+002  2.9423796476330432E+002  2.9422815647548384E+002  2.9422170899753746E+002  2.9421753903428453E+002  2.9421506315414797E+002  2.9421397906267362E+002  2.9421420051543640E+002  2.9421871232545396E+002  2.9422928879454327E+002  2.9424730551575607E+002  2.9427464887148562E+002  2.9431370232694394E+002  2.9438148486644974E+002  2.9445566101890165E+002  2.9456324142486631E+002  2.9470967693084003E+002  2.9486733981254827E+002  2.9503502682173945E+002  2.9521173838702646E+002  2.9539641043130109E+002  2.9558765604739233E+002  2.9578352874055724E+002  2.9598146002692454E+002  2.9637501914404550E+002  2.9674112425801269E+002  2.9710318136127091E+002  2.9779578800573415E+002  2.9805997912750382E+002  2.9826525837473127E+002  2.9846307014587626E+002  2.9866210724877328E+002  2.9886626875459666E+002  2.9907865785739421E+002  2.9930222719145451E+002  2.9954010172900433E+002  2.9979594350080203E+002  3.0007455494894236E+002  3.0038326156094911E+002  3.0073591224248293E+002  3.0116677514909810E+002  3.0177282022178935E+002  3.0221742777719771E+002  3.0250137205162389E+002  3.0273348292959764E+002  3.0294563863453544E+002  3.0314999999999998E+002
  2.9316499999999996E+002  2.9384605386101043E+002  2.9409996638755075E+002  2.9424877380993235E+002  2.9434642598897443E+002  2.9441405190153262E+002  2.9446265967298666E+002  2.9449880078250544E+002  2.9452660740060338E+002  2.9454887613117558E+002  2.9456748917379315E+002  2.9459783933906317E+002  2.9462419995417031E+002  2.9464909767317704E+002  2.9467380357417824E+002  2.9469900655996122E+002  2.9473843672159740E+002  2.9478059426479615E+002  2.9484156245308628E+002  2.9492610959800885E+002  2.9502043162511313E+002  2.9512478571317138E+002  2.9523938432646815E+002  2.9536446445922257E+002  2.9550034602131421E+002  2.9564751019065346E+002  2.9580672479560428E+002  2.9617092251774255E+002  2.9659583635726398E+002  2.9707924587348788E+002  2.9763659318495087E+002  2.9802980679957022E+002  2.9827732333308705E+002  2.9848363000384262E+002  2.9868286857108694E+002  2.9888540912610171E+002  2.9909562763433058E+002  2.9931653613287762E+002  2.9955107214733630E+002  2.9980268605185631E+002  3.0007604393037207E+002  3.0037847244876531E+002  3.0072348858866775E+002  3.0114055118217641E+002  3.0169925498700280E+002  3.0218984022679064E+002  3.0249309752072116E+002  3.0273204289702176E+002  3.0294589993070031E+002  3.0314999999999998E+002
  2.9317999999999995E+002  2.9341972397933762E+002  2.9353263806625381E+002  2.9362521296973188E+002  2.9371287932685624E+002  2.9380074024905139E+002  2.9389092768906170E+002  2.9398430468514442E+002  2.9406998916295464E+002  2.9414721298354488E+002  2.9421736928685738E+002  2.9434039305193210E+002  2.9444496215333402E+002  2.9453500101657391E+002  2.9461340888407176E+002  2.9468247302110365E+002  2.9477229758149230E+002  2.9485033991700703E+002  2.9494219356561973E+002  2.9504632861300990E+002  2.9514632394053189E+002  2.9524684896370673E+002  2.9535077378753567E+002  2.9546003443692797E+002  2.9557613285091691E+002  2.9570043191543965E+002  2.9583434113384953E+002  2.9613765834209960E+002  2.9650153651795108E+002  2.9694242886365441E+002  2.9744511201829408E+002  2.9790295208794510E+002  2.9823702881879836E+002  2.9848344653135268E+002  2.9869602673231742E+002  2.9890168662137631E+002  2.9911139111486153E+002  2.9933032692356005E+002  2.9956205571454188E+002  2.9981017316918155E+002  3.0007935721294297E+002  3.0037674342010598E+002  3.0071462696678645E+002  3.0111687760999291E+002  3.0163405660506487E+002  3.0215782945675829E+002  3.0248161490826016E+002  3.0272857387068871E+002  3.0294518804280619E+002  3.0314999999999998E+002
  2.9456500000000000E+002  2.9441306138186582E+002  2.9437684677208637E+002  2.9436169572702869E+002  2.9435496438847258E+002  2.9435282360892620E+002  2.9435381386112442E+002  2.9435726596916226E+002  2.9436286465472114E+002  2.9437049053875700E+002  2.9438013048519667E+002  2.9440582171997659E+002  2.9444058411121091E+002  2.9448555069334003E+002  2.9454107466578961E+002  2.9459668310404572E+002  2.9467977863210865E+002  2.9476170211890104E+002  2.9486896398052562E+002  2.9499969173278430E+002  2.9512696016258974E+002  2.9525163946374812E+002  2.9537489382780268E+002  2.9549816900575746E+002  2.9562312078251091E+002  2.9575150662402916E+002  2.9588508890580601E+002  2.9617413160534431E+002  2.9650279780224872E+002  2.9687902728538739E+002  2.9729904258488477E+002  2.9773169210295924E+002  2.9811983418025744E+002  2.9843169309508943E+002  2.9868364507445511E+002  2.9890663193021163E+002  2.9912228185770687E+002  2.9934210061515961E+002  2.9957244669339769E+002  2.9981800464048717E+002  3.0008375380399690E+002  3.0037652107023428E+002  3.0070715515164073E+002  3.0109517194907875E+002  3.0158029660047816E+002  3.0212163614838312E+002  3.0246721561003324E+002  3.0272327499107206E+002  3.0294358457372812E+002  3.0314999999999998E+002
  2.9588999999999999E+002  2.9545979502655746E+002  2.9534278167766809E+002  2.9528235411902426E+002  2.9524410422723417E+002  2.9521726043936792E+002  2.9519720438162614E+002  2.9518157966233053E+002  2.9516904110991663E+002  2.9515875770056334E+002  2.9515018501602179E+002  2.9513684862275869E+002  2.9512705081000229E+002  2.9511976000527778E+002  2.9511436729920666E+002  2.9511050833490719E+002  2.9510721847850448E+002  2.9510716887178398E+002  2.9511573315662554E+002  2.9514973196039494E+002  2.9521263242394366E+002  2.9529010442760176E+002  2.9538045580946289E+002  2.9548261013316102E+002  2.9559585926396829E+002  2.9571970426961082E+002  2.9585368577220493E+002  2.9615263840034913E+002  2.9648139605207842E+002  2.9683561545911544E+002  2.9721392101325694E+002  2.9760722131783433E+002  2.9799171975620135E+002  2.9833787836564920E+002  2.9863299937388797E+002  2.9888738824244047E+002  2.9912017446340377E+002  2.9934747376997774E+002  2.9957996572550144E+002  2.9982483548754919E+002  3.0008813785162522E+002  3.0037675235700794E+002  3.0070052437283437E+002  3.0107626667803629E+002  3.0153767146454277E+002  3.0208170913992598E+002  3.0244997923143683E+002  3.0271626036696614E+002  3.0294115790736527E+002  3.0314999999999998E+002
  2.9680499999999995E+002  2.9632103020860342E+002  2.9618428330189056E+002  2.9611163967677078E+002  2.9606450659968948E+002  2.9603064441478983E+002  2.9600475044423615E+002  2.9598409518106325E+002  2.9596710815116495E+002  2.9595281198288512E+002  2.9594056175091487E+002  2.9592061142481185E+002  2.9590487524954472E+002  2.9589207797926423E+002  2.9588143565289863E+002  2.9587243627526209E+002  2.9586129787494690E+002  2.9585229535732606E+002  2.9584279377608783E+002  2.9583394315640891E+002  2.9582770054547507E+002  2.9582369983328971E+002  2.9582215030474214E+002  2.9582870917354205E+002  2.9585818850624918E+002  2.9590428595022530E+002  2.9596638823213618E+002  2.9614003234609504E+002  2.9637866292124528E+002  2.9668658589523164E+002  2.9706371637252056E+002  2.9747830337165107E+002  2.9787619411263421E+002  2.9823820765155267E+002  2.9856029774367767E+002  2.9884415883254434E+002  2.9909991095058126E+002  2.9934137254535972E+002  2.9958096751505423E+002  2.9982826770760852E+002  3.0009094904331107E+002  3.0037653214964035E+002  3.0069457116298906E+002  3.0106044489772319E+002  3.0150389327851252E+002  3.0203942778587316E+002  3.0243007860554400E+002  3.0270761817957663E+002  3.0293795917167029E+002  3.0314999999999998E+002
  2.9664499999999998E+002  2.9644089387921315E+002  2.9637851225660143E+002  2.9634374251134989E+002  2.9632043858336823E+002  2.9630329978462919E+002  2.9628996071228880E+002  2.9627917301977811E+002  2.9627020312579805E+002  2.9626258621100624E+002  2.9625601078731466E+002  2.9624520537754773E+002  2.9623660528276611E+002  2.9622956457016846E+002  2.9622368011305264E+002  2.9621868536476592E+002  2.9621248225471697E+002  2.9620745570174506E+002  2.9620214228219140E+002  2.9619719179293935E+002  2.9619370526027865E+002  2.9619147545272426E+002  2.9619059628646090E+002  2.9619347001309706E+002  2.9620783205055210E+002  2.9623344628391851E+002  2.9626921228289063E+002  2.9637174455869354E+002  2.9651723602898267E+002  2.9670895209588048E+002  2.9695202255701332E+002  2.9725425229369955E+002  2.9762726129915870E+002  2.9807781751610941E+002  2.9848102930375950E+002  2.9879453957374216E+002  2.9906857847735279E+002  2.9932431395966188E+002  2.9957364447049918E+002  2.9982622404644678E+002  3.0009054055482352E+002  3.0037481720852060E+002  3.0068877158941996E+002  3.0104702403931390E+002  3.0147607164192891E+002  3.0199660804960297E+002  3.0240783611045987E+002  3.0269746523441728E+002  3.0293403920353376E+002  3.0314999999999998E+002
  2.9719499999999999E+002  2.9686211929538337E+002  2.9676299730362348E+002  2.9670870693055463E+002  2.9667274853285312E+002  2.9664651668799547E+002  2.9662621276520406E+002  2.9660985193863200E+002  2.9659627816998108E+002  2.9658476467654407E+002  2.9657482776070867E+002  2.9655848147095821E+002  2.9654542778765847E+002  2.9653468485396075E+002  2.9652564389989573E+002  2.9651790439299668E+002  2.9650816740875035E+002  2.9650012425524784E+002  2.9649137417730736E+002  2.9648279215033011E+002  2.9647617037406661E+002  2.9647109585136599E+002  2.9646733540564060E+002  2.9646480446265008E+002  2.9646368447229946E+002  2.9646684084569125E+002  2.9648350208196194E+002  2.9655162037223079E+002  2.9666107625511023E+002  2.9681065542968327E+002  2.9699975530829948E+002  2.9722941799526092E+002  2.9750392886543676E+002  2.9783292968207689E+002  2.9823523910030588E+002  2.9872304533639903E+002  2.9904741594905755E+002  2.9931186883133040E+002  2.9956523645154562E+002  2.9982101162918974E+002  3.0008708852252215E+002  3.0037110951072657E+002  3.0068242333333359E+002  3.0103480747527414E+002  3.0145169236599924E+002  3.0195470847875055E+002  3.0238356839281442E+002  3.0268592989728086E+002  3.0292945270632362E+002  3.0314999999999998E+002
  2.9683499999999998E+002  2.9677355950909930E+002  2.9675159060618574E+002  2.9673795902226760E+002  2.9672806979306506E+002  2.9672033749171595E+002  2.9671401781406882E+002  2.9670869815744788E+002  2.9670412457658125E+002  2.9670012912414910E+002  2.9669659474784669E+002  2.9669060091731097E+002  2.9668566838525169E+002  2.9668151920415920E+002  2.9667797177356528E+002  2.9667490130700713E+002  2.9667100477761574E+002  2.9666777551116564E+002  2.9666427744820515E+002  2.9666091301544674E+002  2.9665843639657385E+002  2.9665671371027190E+002  2.9665571808999164E+002  2.9665573916943106E+002  2.9665889873817287E+002  2.9666979146762259E+002  2.9668762087601363E+002  2.9674319473583205E+002  2.9682686946866022E+002  2.9694013814671717E+002  2.9708483067793554E+002  2.9726333834137756E+002  2.9747886107519827E+002  2.9773574562906282E+002  2.9804018373408195E+002  2.9840614737025282E+002  2.9896582129454998E+002  2.9931461656523192E+002  2.9956984129680325E+002  2.9982232915482962E+002  3.0008588269941248E+002  3.0036772793547993E+002  3.0067606605541465E+002  3.0102314627496906E+002  3.0142917458911751E+002  3.0191454345578450E+002  3.0235744274503031E+002  3.0267309880787434E+002  3.0292424580516200E+002  3.0314999999999998E+002
  2.9628999999999996E+002  2.9648568060947866E+002  2.9654713866862966E+002  2.9658174559327819E+002  2.9660483457416007E+002  2.9662153169167891E+002  2.9663418274583512E+002  2.9664406228894666E+002  2.9665194265338596E+002  2.9665832838684128E+002  2.9666356755570109E+002  2.9667143316883329E+002  2.9667700715976162E+002  2.9668107033003383E+002  2.9668411681437010E+002  2.9668647259398631E+002  2.9668913780905092E+002  2.9669123108906894E+002  2.9669361418964957E+002  2.9669663795096744E+002  2.9670057371875805E+002  2.9670661918668247E+002  2.9671674827448572E+002  2.9673068606887784E+002  2.9674820785638178E+002  2.9676965620029085E+002  2.9679534580533704E+002  2.9686016074131334E+002  2.9694475217171924E+002  2.9705082829940420E+002  2.9718025529042325E+002  2.9733516133980567E+002  2.9751803153893661E+002  2.9773179831089266E+002  2.9798005968990600E+002  2.9826906384140204E+002  2.9862320998711897E+002  2.9920628389207531E+002  2.9959323998786505E+002  2.9983926975133988E+002  3.0009415942851706E+002  3.0036958873738587E+002  3.0067247756380726E+002  3.0101311604007981E+002  3.0140845231883151E+002  3.0187676247058386E+002  3.0232951866098085E+002  3.0265898331940434E+002  3.0291844009570468E+002  3.0314999999999998E+002
  2.9538999999999999E+002  2.9574912289684778E+002  2.9588981812716651E+002  2.9598552090147587E+002  2.9606106903952582E+002  2.9612477728226941E+002  2.9618045408304130E+002  2.9623017536945713E+002  2.9627520986435553E+002  2.9631640078240207E+002  2.9635434727358381E+002  2.9641838031259357E+002  2.9646931557843118E+002  2.9651077383424149E+002  2.9654509161842191E+002  2.9657387347294809E+002  2.9660897301583014E+002  2.9663697848719153E+002  2.9666639619889514E+002  2.9669494890046275E+002  2.9671863392069008E+002  2.9674035978440156E+002  2.9676206167389228E+002  2.9678501372990729E+002  2.9681005892243826E+002  2.9683777272961726E+002  2.9686857081271535E+002  2.9694021022004284E+002  2.9702751380266989E+002  2.9713218725658817E+002  2.9725585383750143E+002  2.9740024653082685E+002  2.9756740947599627E+002  2.9775992196106728E+002  2.9798115344389015E+002  2.9823578572485155E+002  2.9853240336941877E+002  2.9889808723080318E+002  2.9945589387445574E+002  2.9986411576906653E+002  3.0011606772281152E+002  3.0038105976282515E+002  3.0067504656616086E+002  3.0100704789579572E+002  3.0139094863096233E+002  3.0184259444384583E+002  3.0230009095025338E+002  3.0264355823454474E+002  3.0291202886893956E+002  3.0314999999999998E+002
  2.9470499999999998E+002  2.9515088549687442E+002  2.9533428370220412E+002  2.9546479244284399E+002  2.9557229107054354E+002  2.9566669012307386E+002  2.9575246244741493E+002  2.9583199809767683E+002  2.9590672422795222E+002  2.9597287362457001E+002  2.9603128524983509E+002  2.9613009327758704E+002  2.9621140031509128E+002  2.9627987319115255E+002  2.9633854631752149E+002  2.9638950948828881E+002  2.9645452540585836E+002  2.9650912247016618E+002  2.9656967644267024E+002  2.9663122455015991E+002  2.9668218172579640E+002  2.9672618473362979E+002  2.9676587142381595E+002  2.9680321714784787E+002  2.9683972411909730E+002  2.9687654169750618E+002  2.9691455261380889E+002  2.9699609486066782E+002  2.9708884117501367E+002  2.9719529394580354E+002  2.9731740421609368E+002  2.9745698057925961E+002  2.9761597805147846E+002  2.9779677105337555E+002  2.9800247505899404E+002  2.9823734842600459E+002  2.9850735678887315E+002  2.9882173009823504E+002  2.9920114204150764E+002  2.9972152420659074E+002  3.0012600297728380E+002  3.0039986862479185E+002  3.0068536677888466E+002  3.0100699081595388E+002  3.0137853371642240E+002  3.0181375606755148E+002  3.0227015292016699E+002  3.0262689926645328E+002  3.0290500075204136E+002  3.0314999999999998E+002
  2.9379999999999995E+002  2.9444483836820035E+002  2.9471940795821098E+002  2.9491642697002487E+002  2.9507835315992742E+002  2.9521973570893363E+002  2.9534747801926733E+002  2.9545799605623830E+002  2.9555253741223686E+002  2.9563501119528769E+002  2.9570806288852486E+002  2.9583247393345727E+002  2.9593615182319365E+002  2.9602480587355097E+002  2.9610207130363574E+002  2.9617040310579614E+002  2.9625966249266719E+002  2.9633672704271675E+002  2.9642492250317417E+002  2.9651772059178467E+002  2.9659649434259489E+002  2.9666502888783242E+002  2.9672608043504556E+002  2.9678177248109262E+002  2.9683380852129221E+002  2.9688358998900082E+002  2.9693228430594388E+002  2.9702915031596831E+002  2.9713129117983414E+002  2.9724273710034385E+002  2.9736642861153700E+002  2.9750473680615494E+002  2.9765984200883105E+002  2.9783402807032894E+002  2.9802995514420940E+002  2.9825097192697501E+002  2.9850152407480203E+002  2.9878772776250480E+002  2.9911848814696714E+002  2.9951028805196927E+002  3.0001061144234541E+002  3.0040054413319990E+002  3.0069856955508203E+002  3.0101288772891644E+002  3.0137230104514566E+002  3.0179159024538978E+002  3.0224145884228079E+002  3.0260935144312742E+002  3.0289739135349504E+002  3.0314999999999998E+002
  2.9289499999999998E+002  2.9364134485713163E+002  2.9398256842765994E+002  2.9424212724730916E+002  2.9446625956779758E+002  2.9467041117976675E+002  2.9483811062760287E+002  2.9497937798321931E+002  2.9510126861702196E+002  2.9520834106322536E+002  2.9530371055155479E+002  2.9546722847541082E+002  2.9560425314582392E+002  2.9572180771118690E+002  2.9582444497250299E+002  2.9591529081017762E+002  2.9603399736573675E+002  2.9613647228924333E+002  2.9625373338106886E+002  2.9637717772100098E+002  2.9648211639762928E+002  2.9657353164420437E+002  2.9665491314155605E+002  2.9672880988358605E+002  2.9679715054671999E+002  2.9686144356959778E+002  2.9692290972257632E+002  2.9704003381230126E+002  2.9715623790298633E+002  2.9727658508860753E+002  2.9740506362967369E+002  2.9754486004678466E+002  2.9769866263597316E+002  2.9786894986255652E+002  2.9805824818106032E+002  2.9826938452011973E+002  2.9850579035281413E+002  2.9877195263280925E+002  2.9907415512007765E+002  2.9942172587691192E+002  2.9982957361655593E+002  3.0031652870774872E+002  3.0069635472739043E+002  3.0102042494583173E+002  3.0137162558690801E+002  3.0177641270518410E+002  3.0221595882741707E+002  3.0259159258591461E+002  3.0288933678644167E+002  3.0314999999999998E+002
  2.9021499999999997E+002  2.9256006424555773E+002  2.9318489558918776E+002  2.9363989436325107E+002  2.9396424738360497E+002  2.9420857083039937E+002  2.9440382625969903E+002  2.9456622002303413E+002  2.9470520724875274E+002  2.9482674086735756E+002  2.9493478794738945E+002  2.9512009781793807E+002  2.9527625711679747E+002  2.9541136680058912E+002  2.9553050291543633E+002  2.9563705604447313E+002  2.9577813928992737E+002  2.9590173648057373E+002  2.9604540763429276E+002  2.9619920388962868E+002  2.9633167580502004E+002  2.9644799931980015E+002  2.9655186587480227E+002  2.9664602953996422E+002  2.9673261515315511E+002  2.9681330295653851E+002  2.9688944853210131E+002  2.9703076711184139E+002  2.9716499182804324E+002  2.9729782737533202E+002  2.9743415529348550E+002  2.9757802625505968E+002  2.9773277829782882E+002  2.9790127800724247E+002  2.9808617966425624E+002  2.9829016843968463E+002  2.9851620709461184E+002  2.9876784367080575E+002  2.9904970079741224E+002  2.9936839379415085E+002  2.9973422932180637E+002  3.0016247488360398E+002  3.0063889420032285E+002  3.0101807979094713E+002  3.0137351536602665E+002  3.0176744524134227E+002  3.0219508619484725E+002  3.0257453081015814E+002  3.0288109572727035E+002  3.0314999999999998E+002
