  0.0000000000000000E+000  3.3333333333333333E-002  6.6666666666666666E-002  1.0000000000000001E-001  1.3333333333333333E-001  1.6666666666666666E-001  2.0000000000000001E-001  2.3333333333333334E-001  2.6666666666666666E-001  2.9999999999999999E-001  3.3333333333333331E-001  4.0000000000000002E-001  4.6666666666666667E-001  5.3333333333333333E-001  5.9999999999999998E-001  6.6666666666666663E-001  7.6666666666666672E-001  8.6666666666666670E-001  1.0000000000000000E+000  1.1666666666666667E+000  1.3333333333333333E+000  1.5000000000000000E+000  1.6666666666666667E+000  1.8333333333333333E+000  2.0000000000000000E+000  2.1666666666666665E+000  2.3333333333333335E+000  2.6666666666666665E+000  3.0000000000000000E+000  3.3333333333333335E+000  3.6666666666666665E+000  4.0000000000000000E+000  4.3333333333333330E+000  4.6666666666666670E+000  5.0000000000000000E+000  5.3333333333333330E+000  5.6666666666666670E+000  6.0000000000000000E+000  6.3333333333333330E+000  6.6666666666666670E+000  7.0000000000000000E+000  7.3333333333333330E+000  7.6666666666666670E+000  8.0000000000000000E+000  8.3333333333333339E+000  8.6666666666666661E+000  9.0000000000000000E+000  9.3333333333333339E+000  9.6666666666666661E+000  1.0000000000000000E+001
  0.0000000000000000E+000  7.5391010170378803E-001  1.0416594453091734E+000  1.2402352112028461E+000  1.4037097867997330E+000  1.5474936242650790E+000  1.6748338088503243E+000  1.7865820778638990E+000  1.8852847087161226E+000  1.9741888013558060E+000  2.0559549565929549E+000  2.2042957685719635E+000  2.3392061138684612E+000  2.4636716047910254E+000  2.5801567039582181E+000  2.6602289632174796E+000  2.7516877278616461E+000  2.8310419811193768E+000  2.9293363726138759E+000  3.0469699682065619E+000  3.1614472683712589E+000  3.2736484409873183E+000  3.3839144688196656E+000  3.4924002550837931E+000  3.5991813297621884E+000  3.7042919368453284E+000  3.8077409436639220E+000  4.0098642299047498E+000  4.2050563277012412E+000  4.3929848298645604E+000  4.5732825176862049E+000  4.7456762632889040E+000  4.9102503882821624E+000  5.0680964095919885E+000  5.2231902793055101E+000  5.3885996784526906E+000  5.6069852554882695E+000  5.9137972591439461E+000  6.2275457390678097E+000  6.5507601829910556E+000  6.8823222342146266E+000  7.2203283930854312E+000  7.5631306117115535E+000  7.9093385936711735E+000  8.2577305863382815E+000  8.6072336716973226E+000  8.9569271418862080E+000  9.3060367786613618E+000  9.6539136706484800E+000  1.0000000000000000E+001
  0.0000000000000000E+000  1.3862222570497906E+000  2.2074573155606818E+000  2.7087388043657423E+000  3.0711295475290816E+000  3.3555148232507555E+000  3.5897692755060313E+000  3.7889731847513932E+000  3.9621789689630487E+000  4.1152041618299648E+000  4.2519544605065276E+000  4.4863139197132220E+000  4.6786098818630188E+000  4.8355554764852400E+000  4.9626758391943921E+000  5.0662850459753574E+000  5.1897255112569729E+000  5.2898022834384095E+000  5.4011327053430138E+000  5.5188522272833485E+000  5.6207128352986464E+000  5.7110087381496903E+000  5.7762645636437835E+000  5.8240835556587260E+000  5.8657466472487316E+000  5.9048737349315541E+000  5.9427012182167038E+000  6.0160121573189036E+000  6.0874117760172846E+000  6.1584659746383625E+000  6.2338013507702188E+000  6.3288284357168667E+000  6.4696866437115981E+000  6.6252022883382100E+000  6.7941662204139313E+000  6.9741045782357221E+000  7.1632080103321263E+000  7.3600914148873482E+000  7.5635782339529207E+000  7.7726294474196340E+000  7.9863165201794013E+000  8.2038023580230401E+000  8.4243253995978282E+000  8.6471869005742512E+000  8.8717408686832080E+000  9.0973857386587031E+000  9.3235570367311187E+000  9.5497205687086133E+000  9.7753658939330954E+000  1.0000000000000000E+001
  0.0000000000000000E+000  1.8384906140618105E+000  2.9059820732408204E+000  3.7336406008353569E+000  4.3315553634847666E+000  4.8002213329640480E+000  5.1856110428230062E+000  5.5126262115763227E+000  5.7962897072883299E+000  6.0463705662623610E+000  6.2695823874345118E+000  6.6527549769378993E+000  6.9725340322196407E+000  7.2442384902015045E+000  7.4777376763080881E+000  7.6796930940935892E+000  7.9328450442081904E+000  8.1355707854040169E+000  8.3376126788305118E+000  8.4988057096159988E+000  8.5921412141245614E+000  8.6477813729358797E+000  8.6840086009120565E+000  8.7100295408760502E+000  8.7302436282235654E+000  8.7467711521402354E+000  8.7607332357014318E+000  8.7834240117706486E+000  8.8066928376823856E+000  8.8355014996565764E+000  8.8700854826585758E+000  8.9097798937484427E+000  8.9538796813330812E+000  9.0017665054004272E+000  9.0529141187501523E+000  9.1068737667766033E+000  9.1632586887303820E+000  9.2217312828246492E+000  9.2819930819500485E+000  9.3437770128603646E+000  9.4068413937902946E+000  9.4709652334749119E+000  9.5359445018134519E+000  9.6015891270607145E+000  9.6677205378971447E+000  9.7341696157993987E+000  9.8007749579778629E+000  9.8673813769315721E+000  9.9338385817150741E+000  1.0000000000000000E+001
  0.0000000000000000E+000  2.2404639077998052E+000  3.3817086695347780E+000  4.3280151637596882E+000  5.1474176936817564E+000  5.7905485780026629E+000  6.3203953764064877E+000  6.7710322841243737E+000  7.1629938554520960E+000  7.5096224829652787E+000  7.8200830457320567E+000  8.3561440099159050E+000  8.8077463112901277E+000  9.1959016880852129E+000  9.5342729019301515E+000  9.8322430172191311E+000  1.0217246240802123E+001  1.0542031455638861E+001  1.0898694133349816E+001  1.1244061712953846E+001  1.1496899690018729E+001  1.1669791167302931E+001  1.1773656756825339E+001  1.1823649004895072E+001  1.1838671332271874E+001  1.1834496308780128E+001  1.1820812281902041E+001  1.1780418746113833E+001  1.1733711941630631E+001  1.1682019836899055E+001  1.1625202715256066E+001  1.1563318660665209E+001  1.1496675677984427E+001  1.1425697486446230E+001  1.1350836375194097E+001  1.1272532583888257E+001  1.1191198847690593E+001  1.1107216643390215E+001  1.1020937399498763E+001  1.0932685543368056E+001  1.0842761999972877E+001  1.0751447566647625E+001  1.0659005956095109E+001  1.0565686462063775E+001  1.0471726268967450E+001  1.0377352450242043E+001  1.0282783704675449E+001  1.0188231876609976E+001  1.0093903299990256E+001  1.0000000000000000E+001
  0.0000000000000000E+000  2.5669370957636963E+000  3.8310951605486760E+000  4.8514531883935055E+000  5.7779143690659573E+000  6.5296223556216688E+000  7.1498027334958634E+000  7.6781911809384491E+000  8.1387161464892159E+000  8.5469146504111002E+000  8.9134525884321736E+000  9.5490072106759900E+000  1.0087938256436118E+001  1.0554655253967063E+001  1.0965029185736416E+001  1.1329965007135657E+001  1.1808264003842680E+001  1.2220095564742811E+001  1.2686276666833702E+001  1.3162534920482644E+001  1.3543678396305957E+001  1.3845250330203523E+001  1.4077268255492013E+001  1.4246059146777325E+001  1.4355598668675249E+001  1.4410020580666279E+001  1.4418345931904966E+001  1.4341566157907891E+001  1.4220575714761376E+001  1.4081400554476865E+001  1.3930802574503842E+001  1.3770648694818131E+001  1.3601714944015180E+001  1.3424617865849999E+001  1.3239999482108626E+001  1.3048535281044288E+001  1.2850912130703060E+001  1.2647809339950605E+001  1.2439887322987916E+001  1.2227782212668057E+001  1.2012104246758105E+001  1.1793438320856923E+001  1.1572345686114906E+001  1.1349366183489261E+001  1.1125020667901437E+001  1.0899813433304169E+001  1.0674234542080184E+001  1.0448762015175168E+001  1.0223863868896821E+001  1.0000000000000000E+001
  0.0000000000000000E+000  2.7375591524394971E+000  4.0195326291110742E+000  5.0254492482903412E+000  5.9228612311405806E+000  6.7537158919838953E+000  7.4391660136983209E+000  8.0231983089380314E+000  8.5322962315411974E+000  8.9836532891686449E+000  9.3890712829845864E+000  1.0092443781293534E+001  1.0689533564877580E+001  1.1207350608610243E+001  1.1663464213962554E+001  1.2069955106900725E+001  1.2604482400275151E+001  1.3067071330097171E+001  1.3594777993686032E+001  1.4141382747981663E+001  1.4588715342506150E+001  1.4954828560235031E+001  1.5251864213769027E+001  1.5488107791996244E+001  1.5669067446705606E+001  1.5798024478069280E+001  1.5876425643901293E+001  1.5874686090047991E+001  1.5740315785582347E+001  1.5552793349800504E+001  1.5341304762105183E+001  1.5115061029553631E+001  1.4877554183790883E+001  1.4630447822257654E+001  1.4374777447450224E+001  1.4111361529568972E+001  1.3840945568953520E+001  1.3564249930456876E+001  1.3281983118560788E+001  1.2994843513921328E+001  1.2703518035874035E+001  1.2408680631044422E+001  1.2110991401689333E+001  1.1811096452594958E+001  1.1509628315635300E+001  1.1207206777202767E+001  1.0904439958412688E+001  1.0601925534282778E+001  1.0300252010390544E+001  1.0000000000000000E+001
  0.0000000000000000E+000  2.7530587110210636E+000  3.9913125672082836E+000  4.9422010516988717E+000  5.7797339760951383E+000  6.5609818099872799E+000  7.2680007760873124E+000  7.8694108106504457E+000  8.3928717432667774E+000  8.8563330957850930E+000  9.2721106782443972E+000  9.9922197096442371E+000  1.0602396672175171E+001  1.1130784879251785E+001  1.1595682009746115E+001  1.2009664709600870E+001  1.2553700482212800E+001  1.3024508364696620E+001  1.3562064157241309E+001  1.4120465220027917E+001  1.4580175016278023E+001  1.4960124467493085E+001  1.5273210161251759E+001  1.5528477361941043E+001  1.5732312126031980E+001  1.5889088873019906E+001  1.6001479658747069E+001  1.6089513520938706E+001  1.6006355632633174E+001  1.5820495637704569E+001  1.5597035358430134E+001  1.5355521180723258E+001  1.5101819360538320E+001  1.4838414229311960E+001  1.4566725018846165E+001  1.4287756445283065E+001  1.4002327196643435E+001  1.3711164221970735E+001  1.3414945777721265E+001  1.3114322174740030E+001  1.2809926011766869E+001  1.2502377258208375E+001  1.2192285798498782E+001  1.1880252753503118E+001  1.1566871245169219E+001  1.1252726935223667E+001  1.0938398493541394E+001  1.0624458060828918E+001  1.0311471723989607E+001  1.0000000000000000E+001
  0.0000000000000000E+000  2.6300723180790104E+000  3.7354584036240506E+000  4.5520760546446954E+000  5.2553817213565130E+000  5.9030798433234191E+000  6.5207946416678677E+000  7.1199947781819635E+000  7.6405070584817549E+000  8.1004550911333908E+000  8.5122749783606579E+000  9.2234074867745370E+000  9.8236410202629099E+000  1.0341411476122790E+001  1.0795217418024789E+001  1.1197783457218980E+001  1.1724281686464103E+001  1.2177386306082484E+001  1.2691429985518969E+001  1.3221270388605189E+001  1.3654155313398903E+001  1.4009689967612822E+001  1.4301400552841967E+001  1.4538963188169040E+001  1.4729450041891955E+001  1.4878050382005135E+001  1.4988480305216640E+001  1.5098500492906021E+001  1.5069384310803478E+001  1.4914990874722488E+001  1.4711990731439393E+001  1.4497459128021001E+001  1.4276797556101295E+001  1.4050693590384379E+001  1.3819363440387502E+001  1.3583079175152708E+001  1.3342203012263528E+001  1.3097157702146530E+001  1.2848398504582194E+001  1.2596394788206723E+001  1.2341619466180504E+001  1.2084543510874985E+001  1.1825633440287797E+001  1.1565350416675264E+001  1.1304150152916822E+001  1.1042483180576692E+001  1.0780795248054206E+001  1.0519527738276350E+001  1.0259118060087866E+001  1.0000000000000000E+001
  0.0000000000000000E+000  2.4372583929142846E+000  3.3767659601959696E+000  4.0339000564994381E+000  4.5811832639315426E+000  5.0753723072491770E+000  5.5416799285640446E+000  5.9932021667485156E+000  6.4373951199082757E+000  6.8787457715380418E+000  7.2784544486986933E+000  7.9644371281997017E+000  8.5390581895020201E+000  9.0311569104802647E+000  9.4594604992463793E+000  9.8368262445225483E+000  1.0326182121637403E+001  1.0743161742180661E+001  1.1210697496276614E+001  1.1685318876706621E+001  1.2066549421600234E+001  1.2374220631124162E+001  1.2622113065594009E+001  1.2820205725168123E+001  1.2975944290320298E+001  1.3094991979204798E+001  1.3181683789447966E+001  1.3265640397432236E+001  1.3247382713070539E+001  1.3129903613064526E+001  1.2957191059655070E+001  1.2791461192455282E+001  1.2635164461442042E+001  1.2483618725636033E+001  1.2333898303396692E+001  1.2184358794458461E+001  1.2034103610404355E+001  1.1882682218934045E+001  1.1729917365298187E+001  1.1575801295685842E+001  1.1420431369510904E+001  1.1263969495558538E+001  1.1106616502978097E+001  1.0948596036014417E+001  1.0790144548155839E+001  1.0631505187632630E+001  1.0472924142561004E+001  1.0314648519321247E+001  1.0156925157726697E+001  1.0000000000000000E+001
  0.0000000000000000E+000  2.2281194593502844E+000  3.0066423001006086E+000  3.5130663332852086E+000  3.9143336021786448E+000  4.2653673495626663E+000  4.5905821800222419E+000  4.9026727872163445E+000  5.2088727022780086E+000  5.5135326800835651E+000  5.8193452993081385E+000  6.4410546599580689E+000  6.9927293979856797E+000  7.4593632006167736E+000  7.8606951884829339E+000  8.2102848901747727E+000  8.6573335220108341E+000  9.0323932782134175E+000  9.4454985843222783E+000  9.8553864257890975E+000  1.0175969591740575E+001  1.0427069343820651E+001  1.0622445748216411E+001  1.0772148547191680E+001  1.0883810742162437E+001  1.0963401025303709E+001  1.1015680045115410E+001  1.1048332530720517E+001  1.1008615722827374E+001  1.0908376707235819E+001  1.0762806883470741E+001  1.0649392588457204E+001  1.0569874324025678E+001  1.0509320512270275E+001  1.0460219846971118E+001  1.0418416134839420E+001  1.0381372237629151E+001  1.0347454521629970E+001  1.0315584232968412E+001  1.0285043107981028E+001  1.0255354512796313E+001  1.0226206390978851E+001  1.0197399541927336E+001  1.0168812223012377E+001  1.0140375686747229E+001  1.0112057203929957E+001  1.0083848258882945E+001  1.0055756314764169E+001  1.0027799014763474E+001  1.0000000000000000E+001
  0.0000000000000000E+000  1.6686738244230797E+000  2.5937543177949771E+000  3.2515810051707397E+000  3.7490269431266721E+000  4.1541646074266350E+000  4.4985330606630329E+000  4.7993657675890979E+000  5.0671522994396092E+000  5.3087849049844333E+000  5.5290568939347562E+000  5.9183387742948925E+000  6.2544031009250265E+000  6.5489609864564731E+000  6.8098862556139377E+000  7.0427809466851095E+000  7.3483267893619644E+000  7.6102769832432973E+000  7.9039292413068454E+000  8.1983840866671329E+000  8.4278478113575517E+000  8.6041857795886987E+000  8.7363105835276667E+000  8.8312709422580564E+000  8.8948707237309357E+000  8.9320280620128294E+000  8.9469844195951040E+000  8.9203597237285344E+000  8.8441760492362729E+000  8.7367648818299539E+000  8.6115027221169420E+000  8.5385364543023989E+000  8.5326596654305362E+000  8.5602919510812061E+000  8.6088092560558707E+000  8.6717266689311856E+000  8.7450371282325818E+000  8.8260270053011567E+000  8.9127627298375689E+000  9.0038220481247020E+000  9.0981348451989330E+000  9.1948808065897474E+000  9.2934199264001975E+000  9.3932435654516961E+000  9.4939391230578920E+000  9.5951640874272606E+000  9.6966267047739745E+000  9.7980713698576682E+000  9.8992673749444933E+000  1.0000000000000000E+001
  0.0000000000000000E+000  1.6658896994590764E+000  2.5081586139886709E+000  3.2361238038923292E+000  3.8752760493232330E+000  4.3668733805131881E+000  4.7627153216751124E+000  5.0908390970296926E+000  5.3681974533579089E+000  5.6058986209132344E+000  5.8116905596009740E+000  6.1473491660249975E+000  6.4088149251200299E+000  6.6162482847032242E+000  6.7833920121931852E+000  6.9198896214182373E+000  7.0809172622961558E+000  7.2039806090591734E+000  7.3250670635511543E+000  7.4272146428849375E+000  7.4903333339133917E+000  7.5241689068695310E+000  7.5350742676614102E+000  7.5275506173407329E+000  7.5050253841775829E+000  7.4702708287244137E+000  7.4256431843795729E+000  7.3125997579164874E+000  7.1835589024148812E+000  7.0527956929653906E+000  6.9358207745329965E+000  6.8818082749340244E+000  6.9359481642835705E+000  7.0332406843570796E+000  7.1579184918003769E+000  7.3021838416729201E+000  7.4611335156648568E+000  7.6313533581163764E+000  7.8103290144354665E+000  7.9961399588510478E+000  8.1872790288449284E+000  8.3825367843843637E+000  8.5809230222092907E+000  8.7816112286162120E+000  8.9838979896413029E+000  9.1871725557219168E+000  9.3908934993700068E+000  9.5945704142989836E+000  9.7977492173276186E+000  1.0000000000000000E+001
  0.0000000000000000E+000  1.6943793386177830E+000  2.2985269192390447E+000  2.7161825310891361E+000  3.0751866534066745E+000  3.4180313825238953E+000  3.7639584082403981E+000  4.1233022561113088E+000  4.5021057375907123E+000  4.8283630881753288E+000  5.1126000925375568E+000  5.5813943530445780E+000  5.9509202340642746E+000  6.2451554656555519E+000  6.4799121682925973E+000  6.6664581526312077E+000  6.8726005290189134E+000  7.0116202720892629E+000  7.1194398677250934E+000  7.1701296937123180E+000  7.1631710892719225E+000  7.1205443615207065E+000  7.0554841326073241E+000  6.9762019651234102E+000  6.8880232543280595E+000  6.7945908682590677E+000  6.6985522136825146E+000  6.5044260745069069E+000  6.3209687084018880E+000  6.1598190007128162E+000  6.0350957997538162E+000  5.9807118639460537E+000  6.0721478280979140E+000  6.2094527478641277E+000  6.3765098430854641E+000  6.5652463599390813E+000  6.7705254056029345E+000  6.9887272727738745E+000  7.2171486126066027E+000  7.4536899444184899E+000  7.6966719273471904E+000  7.9447182380194850E+000  8.1966765079388182E+000  8.4515626030393012E+000  8.7085199802325768E+000  8.9667891633178876E+000  9.2256842028895889E+000  9.4845740465922628E+000  9.7428673919807913E+000  1.0000000000000000E+001
  0.0000000000000000E+000  1.9382789842236416E+000  2.5497182955815436E+000  2.9079267560761251E+000  3.1620771371051233E+000  3.3607114289960376E+000  3.5255082496621295E+000  3.6680586228587919E+000  3.7954044179038724E+000  3.9123442021070574E+000  4.0226329840138995E+000  4.2380191176369912E+000  4.4909766625429164E+000  4.7958241742923988E+000  5.1602499233471955E+000  5.5503429033315044E+000  6.0258430264789418E+000  6.3971134568054078E+000  6.7615709609261794E+000  7.0506562965807920E+000  7.1955326814199001E+000  7.2314151191046161E+000  7.1948772073531160E+000  7.1161893882081353E+000  7.0150792198011294E+000  6.9031881808444533E+000  6.7873840498935447E+000  6.5565930912563672E+000  6.3459900614070532E+000  6.1675480014108794E+000  6.0336556307819400E+000  5.9714116736058624E+000  6.0666869163221140E+000  6.2078760313578307E+000  6.3779807656237795E+000  6.5688516103657744E+000  6.7754677996894355E+000  6.9943703954826084E+000  7.2230122761654334E+000  7.4594291180617684E+000  7.7020515584467120E+000  7.9495888969823021E+000  8.2009527328883820E+000  8.4552045095200228E+000  8.7115181339473722E+000  8.9691524804650467E+000  9.2274305645316392E+000  9.4857233091469624E+000  9.7434365065948594E+000  1.0000000000000000E+001
  0.0000000000000000E+000  2.2477546668322410E+000  2.9493055163017403E+000  3.3512747982657762E+000  3.6287436156244492E+000  3.8389565157598602E+000  4.0074372519925001E+000  4.1476788047530295E+000  4.2676385287022027E+000  4.3723835392130512E+000  4.4653300516564522E+000  4.6244395776676450E+000  4.7581507806134837E+000  4.8738142197690966E+000  4.9761295220706838E+000  5.0683075922839000E+000  5.1923863258891565E+000  5.3046803596655732E+000  5.4443911086200494E+000  5.6314366576537989E+000  6.0905228216392100E+000  6.5796975415553467E+000  6.9607154166020493E+000  7.2415077466328146E+000  7.4259195266652611E+000  7.5138062392412408E+000  7.5108942390866531E+000  7.3465866293103375E+000  7.1604462109921982E+000  6.9947315024302723E+000  6.8664147424899369E+000  6.7986786437785476E+000  6.8647826685270843E+000  6.9758015566670455E+000  7.1119492717894293E+000  7.2652442165030440E+000  7.4311390396601009E+000  7.6066562315067481E+000  7.7896841829103654E+000  7.9786411824769834E+000  8.1722916406987629E+000  8.3696361876491565E+000  8.5698416932651433E+000  8.7721945919957030E+000  8.9760686064987141E+000  9.1809017498842458E+000  9.3861794905658069E+000  9.5914220919380693E+000  9.7961748050921660E+000  1.0000000000000000E+001
  0.0000000000000000E+000  2.2417744689519732E+000  2.9797156565384610E+000  3.4169682698509214E+000  3.7256783026565916E+000  3.9632587974912634E+000  4.1557961032874919E+000  4.3173200931245130E+000  4.4562336614132816E+000  4.5779619368069611E+000  4.6862076412637972E+000  4.8716989720340589E+000  5.0273234302625234E+000  5.1613627009630614E+000  5.2791692529166356E+000  5.3844211058339946E+000  5.5242549806574592E+000  5.6483151104044040E+000  5.7976975134309061E+000  5.9786492127281470E+000  6.2415357273626375E+000  6.6595174019171628E+000  7.0663386057811159E+000  7.4162775168878481E+000  7.7138657061329905E+000  7.9622856872818621E+000  8.1635978780284422E+000  8.4216766438824866E+000  8.4728975799484694E+000  8.3851080364533637E+000  8.2933670905427874E+000  8.2335588669417099E+000  8.2536963434474835E+000  8.3099606479513088E+000  8.3848206034662152E+000  8.4711619027048002E+000  8.5652502553919945E+000  8.6648428445276160E+000  8.7684735826315592E+000  8.8751237858449983E+000  8.9840504031676325E+000  9.0946883514936161E+000  9.2065913361234237E+000  9.3193942142704742E+000  9.4327881485643825E+000  9.5465037139278746E+000  9.6602991270173408E+000  9.7739518540293435E+000  9.8872524692817585E+000  1.0000000000000000E+001
  0.0000000000000000E+000  2.5998150564062814E+000  3.4375615044999011E+000  3.9264633544448970E+000  4.2679159847578587E+000  4.5286875859504470E+000  4.7389041251855319E+000  4.9146491132612367E+000  5.0654843556205948E+000  5.1975385453810645E+000  5.3149652396457094E+000  5.5164376287891246E+000  5.6860675121026860E+000  5.8328762049378096E+000  5.9626106577734088E+000  6.0791504631871662E+000  6.2348652388849413E+000  6.3733677132627093E+000  6.5383969629192098E+000  6.7227812231026105E+000  6.8924234100837696E+000  7.0582077354299173E+000  7.2535109500275521E+000  7.6020148947869641E+000  8.1015513540737061E+000  8.5377995890046368E+000  8.9123163891759276E+000  9.4787295481673883E+000  9.8266075742597874E+000  9.9866958109335542E+000  9.9874119417331748E+000  9.9414811956347879E+000  9.9165219746754776E+000  9.9082885666217102E+000  9.9089136598460925E+000  9.9140304524650880E+000  9.9212915615287791E+000  9.9294029786033544E+000  9.9376449985042470E+000  9.9456250142801714E+000  9.9531426537932006E+000  9.9601128121036950E+000  9.9665201849963729E+000  9.9723917061858298E+000  9.9777795277610313E+000  9.9827503937453042E+000  9.9873789813796350E+000  9.9917437432932097E+000  9.9959243310979780E+000  1.0000000000000000E+001
  0.0000000000000000E+000  2.5948657638648824E+000  3.4713029700706137E+000  4.0016294663090903E+000  4.3824938143556018E+000  4.6797138936643314E+000  4.9233485515618387E+000  5.1296675891036436E+000  5.3084868334542801E+000  5.4661938652245077E+000  5.6071842027246221E+000  5.8502838548428810E+000  6.0555139875750514E+000  6.2330474925026911E+000  6.3895459504197190E+000  6.5296353292878990E+000  6.7159193212924873E+000  6.8810947029815139E+000  7.0789896138848851E+000  7.3134430147105141E+000  7.5717033662409756E+000  7.8876082774676020E+000  8.2991370393932087E+000  8.7478794245731244E+000  9.1572961478090207E+000  9.5288481378798515E+000  9.8641260989512745E+000  1.0431130780208640E+001  1.0871108254199903E+001  1.1193062815314752E+001  1.1401352488265516E+001  1.1496115728738328E+001  1.1491588970117624E+001  1.1437013008849506E+001  1.1367405596204947E+001  1.1293125114469730E+001  1.1215808811465005E+001  1.1135397580665153E+001  1.1051804786704798E+001  1.0965131722335538E+001  1.0875618568731143E+001  1.0783582969419173E+001  1.0689379969326804E+001  1.0593379108949971E+001  1.0495951968838609E+001  1.0397465725574484E+001  1.0298280149891829E+001  1.0198746585152152E+001  1.0099208056797181E+001  1.0000000000000000E+001
  0.0000000000000000E+000  2.2792340825841926E+000  3.1131215269037300E+000  3.6507075591599580E+000  4.0575989469585663E+000  4.3896103778736819E+000  4.6724600477960783E+000  4.9202266526419542E+000  5.1415249917616110E+000  5.3420588903435631E+000  5.5258353855917974E+000  5.8532405707176691E+000  6.1413111968618068E+000  6.4005747601489658E+000  6.6384647217346124E+000  6.8605804609416694E+000  7.1728777362826923E+000  7.4714778632957914E+000  7.8637726195180599E+000  8.3719300042402409E+000  8.9198067481283356E+000  9.4138599208659386E+000  9.8591719451167528E+000  1.0259573094178339E+001  1.0618432386962967E+001  1.0939030594454735E+001  1.1224555167335135E+001  1.1699703231249231E+001  1.2065998499821221E+001  1.2336802873412266E+001  1.2519627381579193E+001  1.2617584084477036E+001  1.2633037975996208E+001  1.2576855188621632E+001  1.2472783553349696E+001  1.2343245731106709E+001  1.2200672116171962E+001  1.2050478174100883E+001  1.1894848711672081E+001  1.1734729244950751E+001  1.1570674341656559E+001  1.1403159566324344E+001  1.1232672651568372E+001  1.1059726208586950E+001  1.0884848821496167E+001  1.0708574091050561E+001  1.0531432791323365E+001  1.0353948491084163E+001  1.0176635759421790E+001  1.0000000000000000E+001
  0.0000000000000000E+000  1.9925971675674361E+000  2.8058504943869864E+000  3.3820546275484160E+000  3.8558898203900380E+000  4.2721711188535183E+000  4.6511830562622372E+000  5.0037750987646286E+000  5.3364004074904354E+000  5.6531945777723358E+000  5.9569632672174615E+000  6.5322749555169732E+000  7.0429062118802168E+000  7.4918778803385075E+000  7.8925400305971758E+000  8.2541519220313102E+000  8.7371810644593779E+000  9.1632300237245730E+000  9.6608228495588033E+000  1.0194016559727263E+001  1.0650536558387625E+001  1.1046077261861397E+001  1.1391694276582456E+001  1.1695420439724471E+001  1.1963208327310992E+001  1.2199529504685007E+001  1.2407781573763641E+001  1.2748541602804378E+001  1.3001538050222551E+001  1.3175778390356774E+001  1.3277064038221207E+001  1.3309242354344224E+001  1.3275946297582886E+001  1.3184229763084430E+001  1.3047892544680071E+001  1.2883593033181175E+001  1.2703608111236839E+001  1.2514496003863769E+001  1.2319332020603392E+001  1.2119586249965009E+001  1.1916070454562565E+001  1.1709350164770900E+001  1.1499915588663782E+001  1.1288248454763963E+001  1.1074843895471432E+001  1.0860213527986893E+001  1.0644881642505496E+001  1.0429379784360584E+001  1.0214241813521204E+001  1.0000000000000000E+001
  0.0000000000000000E+000  2.1698066989921667E+000  3.0841978910833454E+000  3.7495335749656098E+000  4.3092632281388807E+000  4.8108950428382897E+000  5.2757746111489769E+000  5.7152024961555181E+000  6.1358152412294009E+000  6.5352098891815906E+000  6.8955436516023001E+000  7.5245310428117040E+000  8.0623187814842279E+000  8.5316905059446739E+000  8.9475192088806583E+000  9.3200719780673609E+000  9.8129825943880959E+000  1.0242537246383693E+001  1.0736529862550578E+001  1.1254079013426049E+001  1.1684500290753512E+001  1.2044920692613312E+001  1.2347636327077234E+001  1.2601890675193504E+001  1.2814870962815572E+001  1.2992301632043178E+001  1.3138817810923575E+001  1.3350740453743660E+001  1.3476719585258918E+001  1.3532256287784865E+001  1.3527854299799376E+001  1.3470784426698389E+001  1.3367018027023267E+001  1.3223809747111725E+001  1.3051742462170651E+001  1.2862970993659976E+001  1.2666716097478975E+001  1.2467621085590517E+001  1.2267241518192593E+001  1.2065793411082254E+001  1.1863126046032926E+001  1.1659111181342647E+001  1.1453752259826022E+001  1.1247186604482431E+001  1.1039656802199215E+001  1.0831479674614576E+001  1.0623021104288167E+001  1.0414677579666217E+001  1.0206863128730296E+001  1.0000000000000000E+001
  0.0000000000000000E+000  2.2431297049540899E+000  3.2625860470199357E+000  4.0336645988369586E+000  4.6961669537272286E+000  5.2969290510354572E+000  5.8574544064939609E+000  6.3538172100207246E+000  6.7892124462309056E+000  7.1773121018509203E+000  7.5275379550606667E+000  8.1387955777693524E+000  8.6608106089858659E+000  9.1154985401899786E+000  9.5172123901851720E+000  9.8758894845895053E+000  1.0348008693740352E+001  1.0756358718464250E+001  1.1220992082044178E+001  1.1699589273562214E+001  1.2088276250067642E+001  1.2404120433799925E+001  1.2659526549284392E+001  1.2863979234628648E+001  1.3025015702054844E+001  1.3148796220591390E+001  1.3240453198164959E+001  1.3340383076336277E+001  1.3356291107924488E+001  1.3308073682567469E+001  1.3210284132754197E+001  1.3073866525830018E+001  1.2907927113108217E+001  1.2721625240718030E+001  1.2525219035124739E+001  1.2328522618005833E+001  1.2137869214272476E+001  1.1955277143013390E+001  1.1780018699802772E+001  1.1610361165778221E+001  1.1444543408329004E+001  1.1281148935200944E+001  1.1119177673855477E+001  1.0957999022657598E+001  1.0797271634225218E+001  1.0636864984843333E+001  1.0476794584450811E+001  1.0317172631063885E+001  1.0158171966089744E+001  1.0000000000000000E+001
  0.0000000000000000E+000  2.3063689295897207E+000  3.4169736122886780E+000  4.2915230139041256E+000  5.0660005244657356E+000  5.7493912832265721E+000  6.3138329712759118E+000  6.7949312928259777E+000  7.2141750124235529E+000  7.5855477688064115E+000  7.9186704081545392E+000  8.4949534617566496E+000  8.9816589391298187E+000  9.4010422751632330E+000  9.7676578882388174E+000  1.0091572813495407E+001  1.0512274997185079E+001  1.0870374844142672E+001  1.1269943463746667E+001  1.1670617180402751E+001  1.1985372089471275E+001  1.2231174951080096E+001  1.2420201604581615E+001  1.2561634930446278E+001  1.2662690186564902E+001  1.2729230678372241E+001  1.2766150894066193E+001  1.2763603905488774E+001  1.2686421341541646E+001  1.2555621349965838E+001  1.2387661382367920E+001  1.2195766477106529E+001  1.1991285039076088E+001  1.1784934429227883E+001  1.1587013414613677E+001  1.1405631318782865E+001  1.1244484439686412E+001  1.1102936220207567E+001  1.0977967246605166E+001  1.0865957205168820E+001  1.0763600029214707E+001  1.0668208042021091E+001  1.0577730911003181E+001  1.0490670540746208E+001  1.0405970948397691E+001  1.0322913570687321E+001  1.0241027936385235E+001  1.0160019255196453E+001  1.0079711090500936E+001  1.0000000000000000E+001
  0.0000000000000000E+000  2.3780848023222152E+000  3.6985513004431785E+000  4.7239012410506840E+000  5.4742483358293335E+000  6.0688911283981328E+000  6.5626005377760626E+000  6.9851425040814563E+000  7.3545315304209256E+000  7.6825201402768215E+000  7.9772139476881350E+000  8.4877818214926180E+000  8.9188375257241521E+000  9.2893818683643214E+000  9.6119431672991045E+000  9.8952684766265655E+000  1.0259804382041150E+001  1.0565654175027550E+001  1.0899800360666752E+001  1.1223490252986373E+001  1.1465338903047845E+001  1.1641747737560820E+001  1.1764724161852291E+001  1.1843474081978187E+001  1.1885317459684714E+001  1.1896242970654654E+001  1.1881258771695828E+001  1.1786323922596566E+001  1.1632411399004519E+001  1.1440736915933412E+001  1.1228087282855112E+001  1.1008273625120271E+001  1.0793351986520962E+001  1.0594377922081945E+001  1.0420874119312066E+001  1.0278751007944273E+001  1.0168779669985623E+001  1.0087641207561008E+001  1.0030270268918287E+001  9.9915621759938791E+000  9.9671023649487562E+000  9.9533256181582246E+000  9.9474480911608474E+000  9.9473357840687200E+000  9.9513707548456729E+000  9.9583336252837711E+000  9.9673054945581576E+000  9.9775874210724833E+000  9.9886343235332671E+000  1.0000000000000000E+001
  0.0000000000000000E+000  2.4308109492986336E+000  3.8567981625283196E+000  4.8842748632602264E+000  5.6237594301589482E+000  6.2009325723942377E+000  6.6733367132850487E+000  7.0721746867578066E+000  7.4162979357792231E+000  7.7179886934237940E+000  7.9857092367141762E+000  8.4409658080315975E+000  8.8163320933494376E+000  9.1315814125157750E+000  9.3997334310507927E+000  9.6298643580380734E+000  9.9171726466718990E+000  1.0149533286349778E+001  1.0391768372361657E+001  1.0610680200288465E+001  1.0758786528599179E+001  1.0851708061950065E+001  1.0900504208490270E+001  1.0913416310296922E+001  1.0896876136024817E+001  1.0856108585206103E+001  1.0795498518075689E+001  1.0626183107991476E+001  1.0417808764165505E+001  1.0190225637793176E+001  9.9594602619846988E+000  9.7388752315861087E+000  9.5401294474394795E+000  9.3734601393859318E+000  9.2464843766299083E+000  9.1619793818665194E+000  9.1173048342718026E+000  9.1065169326720881E+000  9.1229406456408988E+000  9.1605776365098990E+000  9.2145067869902579E+000  9.2808343328312510E+000  9.3565168023275582E+000  9.4391789891973339E+000  9.5269601125444581E+000  9.6183909561120338E+000  9.7122967318166307E+000  9.8077195196526059E+000  9.9038550837179287E+000  1.0000000000000000E+001
  0.0000000000000000E+000  2.3153284837408212E+000  3.6809118553768716E+000  4.6772714106929696E+000  5.3907935608542275E+000  5.9450253470243544E+000  6.3965038886075618E+000  6.7758723456747161E+000  7.1016354643590187E+000  7.3858437709497888E+000  7.6367953908065909E+000  8.0601478294460076E+000  8.4053084760413270E+000  8.6915888009893774E+000  8.9316746837156700E+000  9.1343915658736474E+000  9.3813561351445465E+000  9.5739833495418214E+000  9.7637310729232958E+000  9.9177456082292057E+000  1.0002474014296714E+001  1.0034549959243002E+001  1.0026122015730344E+001  9.9863817178195511E+000  9.9224702518693313E+000  9.8400586703261972E+000  9.7437395761646535E+000  9.5210012402859174E+000  9.2815647069882754E+000  9.0430718524206632E+000  8.8194523385584791E+000  8.6223141289122616E+000  8.4617253574482838E+000  8.3459340611648472E+000  8.2794751298320293E+000  8.2611128603015072E+000  8.2846236479991990E+000  8.3419089865411813E+000  8.4254199115576363E+000  8.5290056146122772E+000  8.6478957561692003E+000  8.7784318211554169E+000  8.9177929724115046E+000  9.0637770265753730E+000  9.2146372619509727E+000  9.3689625190485497E+000  9.5255882189896148E+000  9.6835288056565076E+000  9.8419248405821289E+000  1.0000000000000000E+001
  0.0000000000000000E+000  2.1865802101111278E+000  3.4792910215135011E+000  4.4198948695345335E+000  5.0957622098850690E+000  5.6219345927523197E+000  6.0511784427361217E+000  6.4121545885905906E+000  6.7222048343423486E+000  6.9926427620994414E+000  7.2312719238561911E+000  7.6331229228119089E+000  7.9594395725096483E+000  8.2285032857097988E+000  8.4523598666979911E+000  8.6394192795716886E+000  8.8633728574912585E+000  9.0331113715504436E+000  9.1920275542550627E+000  9.3069167120586265E+000  9.3526145040758486E+000  9.3467777788786197E+000  9.3026760722228605E+000  9.2305103143945093E+000  9.1382136438466777E+000  9.0320027574112700E+000  8.9167866376715939E+000  8.6715583231524924E+000  8.4290637706173115E+000  8.2050173412036234E+000  8.0110265204207707E+000  7.8563722512777847E+000  7.7487455872673996E+000  7.6934343078935559E+000  7.6908775457331240E+000  7.7353625714391683E+000  7.8175765047238803E+000  7.9282925371292690E+000  8.0600997426798298E+000  8.2075017119860760E+000  8.3664959220264112E+000  8.5341434349054008E+000  8.7082441174256893E+000  8.8871106717740549E+000  9.0694141684188097E+000  9.2540778175326164E+000  9.4402026960762235E+000  9.6270145944588457E+000  9.8138248028311281E+000  1.0000000000000000E+001
  0.0000000000000000E+000  2.0467556854106452E+000  3.2152441268042122E+000  4.1528204484816857E+000  4.8260146703551383E+000  5.3497027993989237E+000  5.7765620521765930E+000  6.1351973852601711E+000  6.4429125058130152E+000  6.7109937119409748E+000  6.9472244976625825E+000  7.3440781229585061E+000  7.6650930491154901E+000  7.9285172416547987E+000  8.1463897215034802E+000  8.3271318816505300E+000  8.5409506337777543E+000  8.6999630264637862E+000  8.8437432089462735E+000  8.9388689187318029E+000  8.9647372901616009E+000  8.9398444653605420E+000  8.8783952049182613E+000  8.7915084750945081E+000  8.6878922671333623E+000  8.5743136764833299E+000  8.4559875541774616E+000  8.2178502349907667E+000  7.9985596854564234E+000  7.8112378455628173E+000  7.6645347466920688E+000  7.5647843236961023E+000  7.5166087499007164E+000  7.5215050758976369E+000  7.5751801210737471E+000  7.6678324435813652E+000  7.7884676988236476E+000  7.9282336763580652E+000  8.0809534496233475E+000  8.2424954830626280E+000  8.4100916220321214E+000  8.5818523363334407E+000  8.7564543148660672E+000  8.9329422873611080E+000  9.1106021373043067E+000  9.2888784173735459E+000  9.4673199274541879E+000  9.6455432987837959E+000  9.8232082062742272E+000  1.0000000000000000E+001
  0.0000000000000000E+000  2.0230701814282672E+000  3.1911092716401979E+000  4.1063201257507771E+000  4.7645546746388687E+000  5.2775141574768671E+000  5.6964113812485664E+000  6.0490531489875963E+000  6.3522593993119987E+000  6.6170003604507626E+000  6.8508407538988498E+000  7.2452203549727363E+000  7.5660696880826244E+000  7.8310628645846254E+000  8.0518118094306921E+000  8.2363902335769854E+000  8.4571743657902427E+000  8.6237531379280590E+000  8.7773337008119174E+000  8.8823886118598683E+000  8.9145928811188160E+000  8.8927073660787741E+000  8.8323226499977796E+000  8.7464442218553913E+000  8.6455285519655352E+000  8.5375752032658951E+000  8.4284450237004549E+000  8.2202188676660377E+000  8.0436473665987247E+000  7.9081473415656607E+000  7.8185517361432817E+000  7.7775819710383551E+000  7.7861192359808191E+000  7.8411505257462020E+000  7.9336085036561661E+000  8.0510988486142789E+000  8.1830895799813597E+000  8.3226807801573983E+000  8.4658004986606805E+000  8.6101230516363927E+000  8.7543428107418926E+000  8.8977495524692074E+000  9.0399837391546072E+000  9.1808927693903204E+000  9.3204446087293391E+000  9.4586751329019307E+000  9.5956559727500910E+000  9.7314751582489052E+000  9.8662258367639808E+000  1.0000000000000000E+001
  0.0000000000000000E+000  1.9704897672872530E+000  3.0233505873139443E+000  3.9305493039787898E+000  4.6310697669876966E+000  5.1775841453095008E+000  5.6245208879367059E+000  6.0014059648482263E+000  6.3260816814520355E+000  6.6101729291695053E+000  6.8616872486600373E+000  7.2875466367543238E+000  7.6359998420519970E+000  7.9256844173129055E+000  8.1688353316038054E+000  8.3739581625119843E+000  8.6227061849210749E+000  8.8145174382900979E+000  8.9982290158854195E+000  9.1360852005149233E+000  9.1960981189997195E+000  9.1969182792777282E+000  9.1545062185314094E+000  9.0833504670212371E+000  8.9962243000202342E+000  8.9033131639613394E+000  8.8118183398984602E+000  8.6482828654155615E+000  8.5255445478906591E+000  8.4481273902892138E+000  8.4163494412859983E+000  8.4288943976506676E+000  8.4824322733804980E+000  8.5691001308243511E+000  8.6760969060567952E+000  8.7910533346938173E+000  8.9061496078586249E+000  9.0175291348162698E+000  9.1235920654030664E+000  9.2238813824130563E+000  9.3185086307686671E+000  9.4078661560689483E+000  9.4924789366344111E+000  9.5729258644773623E+000  9.6497973566894952E+000  9.7236730140213403E+000  9.7951108575574519E+000  9.8646434608977493E+000  9.9327782174227757E+000  1.0000000000000000E+001
  0.0000000000000000E+000  1.9642396450375443E+000  2.9124357615879588E+000  3.6906135449363138E+000  4.4182792795735413E+000  5.0168046443232575E+000  5.5066885665629126E+000  5.9203939102399881E+000  6.2775083152189550E+000  6.5907749591586970E+000  6.8689587171140865E+000  7.3425716716092131E+000  7.7335986182813858E+000  8.0622843933937123E+000  8.3418577134237122E+000  8.5814620496327390E+000  8.8792332254696422E+000  9.1174557077763350E+000  9.3597704471208747E+000  9.5658193286777404E+000  9.6876428939647621E+000  9.7424568412802586E+000  9.7443836716816694E+000  9.7069454602939853E+000  9.6447814672892793E+000  9.5728257731818243E+000  9.5026953983204550E+000  9.3893374586768807E+000  9.3225745210604885E+000  9.3005430965971847E+000  9.3186137841715588E+000  9.3713527704976034E+000  9.4510848263775937E+000  9.5455913109739043E+000  9.6409005435842978E+000  9.7277748474232624E+000  9.8025705278164246E+000  9.8646918046353242E+000  9.9147973999233656E+000  9.9540017808353660E+000  9.9835514374620509E+000  1.0004693736492342E+001  1.0018624307034356E+001  1.0026468095119226E+001  1.0029275651421150E+001  1.0028026604253773E+001  1.0023636581703347E+001  1.0016965741192895E+001  1.0008827939892301E+001  1.0000000000000000E+001
  0.0000000000000000E+000  2.0212803766856999E+000  2.8561603827791187E+000  3.4771176201665290E+000  4.0232410121920985E+000  4.5409396772950235E+000  5.0512729081862791E+000  5.5311615357735597E+000  5.9464430314479930E+000  6.3117520767882977E+000  6.6371486195585163E+000  7.1940532772001449E+000  7.6575176799270599E+000  8.0507186356989973E+000  8.3887848105366771E+000  8.6821623864563104E+000  9.0537296335900486E+000  9.3594021707379849E+000  9.6843326764311932E+000  9.9850294022503938E+000  1.0194155423683856E+001  1.0330050238117000E+001  1.0406478131595845E+001  1.0434571148041901E+001  1.0424246100421279E+001  1.0386526401471924E+001  1.0338653365931632E+001  1.0272254453097466E+001  1.0255796846825012E+001  1.0278638750102504E+001  1.0331542924102852E+001  1.0405441432029114E+001  1.0488731787138320E+001  1.0566743027697679E+001  1.0628121960189100E+001  1.0668986079943616E+001  1.0689919720593652E+001  1.0692952345748857E+001  1.0680354234343916E+001  1.0654278326608884E+001  1.0616677186270362E+001  1.0569301824858083E+001  1.0513722942464909E+001  1.0451356405637107E+001  1.0383487558347969E+001  1.0311293017341823E+001  1.0235859886415010E+001  1.0158202694264745E+001  1.0079278427240480E+001  1.0000000000000000E+001
  0.0000000000000000E+000  2.1823609138299545E+000  2.9620682836406096E+000  3.4764481849468170E+000  3.8882023880903289E+000  4.2517550171765945E+000  4.5919929877055434E+000  4.9224358179868446E+000  5.2512948747677477E+000  5.5839733608486739E+000  5.9242575995946796E+000  6.5995113482349499E+000  7.1646581706868231E+000  7.6474508148805160E+000  8.0659712484691717E+000  8.4326790381404919E+000  8.9038680395957570E+000  9.2996475868587787E+000  9.7336626440183878E+000  1.0157613040564554E+001  1.0478989664092470E+001  1.0718448151940258E+001  1.0891089363233869E+001  1.1008750764446480E+001  1.1081431058011376E+001  1.1118512838777043E+001  1.1130600423562639E+001  1.1102981207159942E+001  1.1125774388019996E+001  1.1176840010915559E+001  1.1245013689493112E+001  1.1318634064290931E+001  1.1383428757568826E+001  1.1425846093832350E+001  1.1440551088488951E+001  1.1429116830896067E+001  1.1395131817407686E+001  1.1342134651424484E+001  1.1273183261978883E+001  1.1190859493673134E+001  1.1097351914037409E+001  1.0994536702034592E+001  1.0884043248800635E+001  1.0767305411130806E+001  1.0645601598458441E+001  1.0520086555685559E+001  1.0391817022592642E+001  1.0261772867721090E+001  1.0130874867203991E+001  1.0000000000000000E+001
  0.0000000000000000E+000  2.3976075419083709E+000  3.1896662114175673E+000  3.6679589015666760E+000  4.0161229016949944E+000  4.2955294352684188E+000  4.5349043712964834E+000  4.7526442072652593E+000  4.9589111549349054E+000  5.1596359819568498E+000  5.3589287707971298E+000  5.7644243465839038E+000  6.1919942327068842E+000  6.6520255178771910E+000  7.1518920335746072E+000  7.6130014964765689E+000  8.2091501160874909E+000  8.7156675799369232E+000  9.2818108913611770E+000  9.8538705804623046E+000  1.0309976428784426E+001  1.0673971904243652E+001  1.0962630902005960E+001  1.1188560643128392E+001  1.1361880222920375E+001  1.1491276099946663E+001  1.1584729412891329E+001  1.1681843546788915E+001  1.1748377935587801E+001  1.1810843133758096E+001  1.1873616431341874E+001  1.1927135512591736E+001  1.1957135977188024E+001  1.1955336416771047E+001  1.1923194784593230E+001  1.1865811734623275E+001  1.1788036102700122E+001  1.1693766063552653E+001  1.1586076925459926E+001  1.1467427141004682E+001  1.1339820028875495E+001  1.1204919427772511E+001  1.1064132197582671E+001  1.0918668230364087E+001  1.0769585183852026E+001  1.0617822664037165E+001  1.0464228987010843E+001  1.0309582644460690E+001  1.0154609958474335E+001  1.0000000000000000E+001
  0.0000000000000000E+000  1.7758038698883389E+000  2.6244736563513777E+000  3.2443181574278506E+000  3.7443133190001565E+000  4.1661778414375332E+000  4.5325945794039084E+000  4.8584520681530288E+000  5.1546112111068698E+000  5.4265706683809531E+000  5.6791847799409618E+000  6.1390390638209382E+000  6.5529658048697641E+000  6.9310521742630691E+000  7.2796739138916440E+000  7.6031938096861298E+000  8.0482851712263201E+000  8.4516154740263438E+000  8.9339889811028783E+000  9.4607808873764672E+000  9.9150748643197453E+000  1.0306671219908626E+001  1.0643064260002573E+001  1.0930253626838297E+001  1.1173272410109364E+001  1.1376555410891029E+001  1.1544204165147598E+001  1.1782967346939135E+001  1.1929295467928441E+001  1.2019885605783244E+001  1.2080235612964357E+001  1.2109590228531744E+001  1.2101623045346043E+001  1.2060203834223094E+001  1.1993052734825651E+001  1.1906500433041392E+001  1.1805165870450404E+001  1.1692417305218299E+001  1.1570767875433040E+001  1.1442140998729650E+001  1.1308043044696866E+001  1.1169678004915546E+001  1.1028026174951654E+001  1.0883899953768749E+001  1.0737984630476500E+001  1.0590869029030571E+001  1.0443069135626338E+001  1.0295046788466038E+001  1.0147224865622418E+001  1.0000000000000000E+001
  0.0000000000000000E+000  2.0083220244626281E+000  2.8460786736338872E+000  3.4729486755086438E+000  4.0240593757881626E+000  4.5429203523311248E+000  5.0479477266537964E+000  5.5256526739031617E+000  5.9381747413157902E+000  6.3004718932347918E+000  6.6228055489813933E+000  7.1737082818616438E+000  7.6321932520415743E+000  8.0219302905857859E+000  8.3585077486054580E+000  8.6528353468055013E+000  9.0312188809506289E+000  9.3516126116746019E+000  9.7102192113665620E+000  1.0077580579755708E+001  1.0380093490052266E+001  1.0633871083241647E+001  1.0849236962405151E+001  1.1033103513050193E+001  1.1190323263869745E+001  1.1324476016998739E+001  1.1438339473624204E+001  1.1612107543796659E+001  1.1728376520553402E+001  1.1799194115307722E+001  1.1833880247229303E+001  1.1836773497862442E+001  1.1804208731111306E+001  1.1738001327599298E+001  1.1654197189214484E+001  1.1560421847787071E+001  1.1459687849258719E+001  1.1354013722550572E+001  1.1244904658133386E+001  1.1133478627608156E+001  1.1020561457187275E+001  1.0906762339396632E+001  1.0792530414925569E+001  1.0678196347364130E+001  1.0564003009391092E+001  1.0450128484045120E+001  1.0336703662197978E+001  1.0223826030057339E+001  1.0111570771636863E+001  1.0000000000000000E+001
  0.0000000000000000E+000  2.3318590382989668E+000  3.1198500575768011E+000  3.6115498667580357E+000  3.9891027152787619E+000  4.3121201717560238E+000  4.6069341806758137E+000  4.8875395982595924E+000  5.1621904765227393E+000  5.4361075893554114E+000  5.7127557744940987E+000  6.2840182475779587E+000  6.8867656834723139E+000  7.4273669799683955E+000  7.8896899839222421E+000  8.2901479652018235E+000  8.7982957205128791E+000  9.2202977876407211E+000  9.6781088907850243E+000  1.0121361947291843E+001  1.0457358401657716E+001  1.0711850978573228E+001  1.0903746773763057E+001  1.1047402850633890E+001  1.1153841413059368E+001  1.1231512811152170E+001  1.1286863481697441E+001  1.1345155746565428E+001  1.1358944382442974E+001  1.1342907998898557E+001  1.1305518963795782E+001  1.1250996363945927E+001  1.1179997190932557E+001  1.1092769029596719E+001  1.1001593773465856E+001  1.0916880547561439E+001  1.0837116887517441E+001  1.0760444883813891E+001  1.0686236433112356E+001  1.0614356465676684E+001  1.0544776336016334E+001  1.0477445866568404E+001  1.0412264212210147E+001  1.0349082116552266E+001  1.0287712014052941E+001  1.0227938591598178E+001  1.0169527890810125E+001  1.0112234756031798E+001  1.0055808907515418E+001  1.0000000000000000E+001
  0.0000000000000000E+000  2.6098348019577995E+000  3.4364861909562743E+000  3.9191631402878393E+000  4.2592518346444486E+000  4.5225292851322285E+000  4.7383551460569997E+000  4.9223028175717047E+000  5.0836173488745233E+000  5.2282549951303627E+000  5.3603132237879194E+000  5.5975586133380109E+000  5.8133763752047738E+000  6.0227609541155056E+000  6.2513697546102645E+000  6.5089784908156547E+000  6.9557724842933899E+000  7.4796846362148157E+000  8.1893828247339950E+000  8.8911996822764436E+000  9.4378909346066049E+000  9.8642932679951727E+000  1.0194137143778265E+001  1.0444242436854777E+001  1.0627406696513722E+001  1.0754334792162460E+001  1.0834708837179271E+001  1.0880820878272168E+001  1.0838367210419207E+001  1.0750179054531273E+001  1.0641387767192985E+001  1.0525351065108874E+001  1.0408852404574851E+001  1.0296480982107623E+001  1.0198178821631885E+001  1.0126734008628135E+001  1.0077517060947621E+001  1.0042062548025051E+001  1.0015704844380505E+001  9.9961513279869099E+000  9.9821519468398847E+000  9.9728853326837790E+000  9.9677034010279080E+000  9.9660288554695295E+000  9.9673153906573919E+000  9.9710330272820595E+000  9.9766632583118948E+000  9.9836978737778495E+000  9.9916390756470133E+000  1.0000000000000000E+001
  0.0000000000000000E+000  2.7465303642619587E+000  3.6044739768292531E+000  4.0965186229139166E+000  4.4364951868007880E+000  4.6943200970041792E+000  4.9011690577667153E+000  5.0735238275893009E+000  5.2211046903687190E+000  5.3501013752271858E+000  5.4646867788687317E+000  5.6611372783381730E+000  5.8265590581088524E+000  5.9699183192563785E+000  6.0969357707489200E+000  6.2115028168435718E+000  6.3657852156686223E+000  6.5051012259252525E+000  6.6763716525780632E+000  6.8864804097275956E+000  7.2105241062517553E+000  7.7579558493014504E+000  8.2953494561632066E+000  8.7463972779247605E+000  9.1205977206826763E+000  9.4254275474049862E+000  9.6670033029286078E+000  9.9721210746179612E+000  1.0085072992595881E+001  1.0056353488778360E+001  9.9449777626285094E+000  9.8009214964198907E+000  9.6548344042735490E+000  9.5235366528964427E+000  9.4208520233354545E+000  9.3621781780974889E+000  9.3436520868429778E+000  9.3503477947853320E+000  9.3728248558025395E+000  9.4061722425856633E+000  9.4476682088518764E+000  9.4956165851161476E+000  9.5488168142594922E+000  9.6063183675539623E+000  9.6673041280289684E+000  9.7310336705234448E+000  9.7968148340260015E+000  9.8639888216489506E+000  9.9319218475080220E+000  1.0000000000000000E+001
  0.0000000000000000E+000  2.4360962091223120E+000  3.2306544774486783E+000  3.6981869598689694E+000  4.0264903595975223E+000  4.2780627640518869E+000  4.4812299908542954E+000  4.6511861566380102E+000  4.7970074123559190E+000  4.9245385463325082E+000  5.0377590084246675E+000  5.2313919263986950E+000  5.3935436909468191E+000  5.5330415502420198E+000  5.6555802140316711E+000  5.7650752894792499E+000  5.9107463583319326E+000  6.0405760410561893E+000  6.1992165831796475E+000  6.4130222778061707E+000  6.7468081948248777E+000  7.2183081015252615E+000  7.6234003398129886E+000  7.9713185685903776E+000  8.2692144645463728E+000  8.5224451698521779E+000  8.7350351999911489E+000  9.0476230697637536E+000  9.2295679034575251E+000  9.2983544318562199E+000  9.2734092279881075E+000  9.1798629634984472E+000  9.0501441397829687E+000  8.9193971307639632E+000  8.8185530951321578E+000  8.7729701989856448E+000  8.7816138381408120E+000  8.8237598129802759E+000  8.8860834792517380E+000  8.9617622177097420E+000  9.0470062231162771E+000  9.1394693674278091E+000  9.2375434367101654E+000  9.3400212872424433E+000  9.4459256038350556E+000  9.5544174978053196E+000  9.6647456164317358E+000  9.7762165353185857E+000  9.8881765990328585E+000  1.0000000000000000E+001
  0.0000000000000000E+000  2.4972483101156371E+000  3.2906994161753280E+000  3.7493297943127177E+000  4.0674366438283149E+000  4.3091169792745925E+000  4.5031500594379299E+000  4.6648310761552247E+000  4.8032163923630300E+000  4.9240899505468150E+000  5.0313593011606095E+000  5.2149332110149240E+000  5.3690614948717643E+000  5.5021491055673550E+000  5.6195363640550724E+000  5.7248234544334178E+000  5.8653068187653066E+000  5.9901691356343383E+000  6.1391069583562095E+000  6.3067471360434242E+000  6.4656783759181025E+000  6.6475521452706428E+000  6.9958380815985377E+000  7.4540803159865305E+000  7.8400027796412708E+000  8.1580693068611918E+000  8.4131269050749449E+000  8.7472285531883518E+000  8.9076645170993771E+000  8.9497974872545623E+000  8.9146221419676728E+000  8.8301573448826236E+000  8.7181888075183327E+000  8.6000035443773282E+000  8.5012036988854671E+000  8.4622257711130757E+000  8.4928565492674242E+000  8.5593327752480199E+000  8.6460630723493406E+000  8.7459378251521596E+000  8.8550205904395884E+000  8.9708511000368780E+000  9.0917480463340983E+000  9.2164742825670132E+000  9.3440603027125348E+000  9.4737049913246327E+000  9.6047168479428038E+000  9.7364774393140330E+000  9.8684174520177272E+000  1.0000000000000000E+001
  0.0000000000000000E+000  2.2986077579737754E+000  3.0744602774008007E+000  3.5428179203842789E+000  3.8780578394390899E+000  4.1386566929181310E+000  4.3513785006408394E+000  4.5307417913297616E+000  4.6855238060944302E+000  4.8214462061591581E+000  4.9424515436301943E+000  5.1498099807990130E+000  5.3235424465512562E+000  5.4727849221381977E+000  5.6035185073875864E+000  5.7199015955132069E+000  5.8738145429359028E+000  6.0099182474967376E+000  6.1744812357146897E+000  6.3883080946687238E+000  6.6611123072660599E+000  7.0344127446004601E+000  7.4150231876182859E+000  7.7459928195117254E+000  8.0294294879949746E+000  8.2682388473291244E+000  8.4657459201693079E+000  8.7469158094088133E+000  8.9037357377987973E+000  8.9606373747110144E+000  8.9403268455732956E+000  8.8653722889592075E+000  8.7587901111409092E+000  8.6436276362423801E+000  8.5428566303667601E+000  8.4860601828738051E+000  8.5246695744889500E+000  8.5985663275248321E+000  8.6898526837782466E+000  8.7919465917609276E+000  8.9013176081579584E+000  9.0158013689883720E+000  9.1339546619012371E+000  9.2547482064974762E+000  9.3774042148187995E+000  9.5013045863121395E+000  9.6259360116063810E+000  9.7508552151284871E+000  9.8756655335378891E+000  1.0000000000000000E+001
  0.0000000000000000E+000  1.9163922492083074E+000  2.6343346258638221E+000  3.1041051710452741E+000  3.4631194504975475E+000  3.7578917027378145E+000  4.0099775321614617E+000  4.2312647377089307E+000  4.4290956072969596E+000  4.6083866687050445E+000  4.7726377419861548E+000  5.0647504552539973E+000  5.3215298357072980E+000  5.5527974800930116E+000  5.7657116466801295E+000  5.9658285906842643E+000  6.2507526700048910E+000  6.5294359569828275E+000  6.9075891530165263E+000  7.3934349996861419E+000  7.8133097067975914E+000  8.1717388424193409E+000  8.4733862573306258E+000  8.7231697562168353E+000  8.9264075673051977E+000  9.0885815571129331E+000  9.2149363042121895E+000  9.3743317711357115E+000  9.4388286656246070E+000  9.4309665460222227E+000  9.3696515121099964E+000  9.2721840503547401E+000  9.1551412980226097E+000  9.0346770818592734E+000  8.9267810980471527E+000  8.8488287553371396E+000  8.8628483986478077E+000  8.9218011823471315E+000  8.9961038813646610E+000  9.0785652363012925E+000  9.1657552207267319E+000  9.2557928177434050E+000  9.3475639563595365E+000  9.4403676969255041E+000  9.5337377297149235E+000  9.6273465614316720E+000  9.7209516082383320E+000  9.8143633339205660E+000  9.9074252023756735E+000  1.0000000000000000E+001
  0.0000000000000000E+000  1.7344117528803216E+000  2.4631052250189374E+000  2.9910357437025024E+000  3.4330912350022884E+000  3.8273697511141287E+000  4.1910067970324292E+000  4.5330766550122625E+000  4.8589026306867487E+000  5.1718400287359829E+000  5.4650575140509527E+000  5.9776178726688078E+000  6.4160456323823896E+000  6.7984078903384573E+000  7.1365461966420067E+000  7.4386630560117428E+000  7.8364906663978653E+000  8.1805781308481755E+000  8.5717371409098160E+000  8.9737580457121560E+000  9.2992178648667103E+000  9.5626011495937959E+000  9.7743838862887706E+000  9.9424034467136782E+000  1.0072693837937198E+001  1.0170058796630640E+001  1.0238484308270147E+001  1.0299114008396367E+001  1.0281853986240142E+001  1.0207895876557773E+001  1.0095989293183568E+001  9.9624811071240043E+000  9.8215617883581690E+000  9.6857137114845759E+000  9.5662820207404202E+000  9.4745661774908552E+000  9.4291711336353945E+000  9.4493701026593637E+000  9.4896836329929055E+000  9.5360712367213498E+000  9.5844660461104816E+000  9.6332308426806943E+000  9.6816207206025187E+000  9.7293059021940245E+000  9.7761725952815901E+000  9.8222237846527101E+000  9.8675256100136455E+000  9.9121774502651210E+000  9.9562949356190362E+000  1.0000000000000000E+001
  0.0000000000000000E+000  1.9763345206912977E+000  2.8207607333873543E+000  3.4423832237892995E+000  3.9707449173576448E+000  4.4487070510636730E+000  4.8954866456780026E+000  5.3212177023909231E+000  5.7283058738764003E+000  6.0904040115056812E+000  6.4165298730659019E+000  6.9841805487709463E+000  7.4673116070397194E+000  7.8867145387485911E+000  8.2559483466561243E+000  8.5843584448858152E+000  9.0142410603285370E+000  9.3831081798180254E+000  9.7978047829581456E+000  1.0216078684969542E+001  1.0544834165042790E+001  1.0799811568320218E+001  1.0992841540287841E+001  1.1133479949962368E+001  1.1229835952395158E+001  1.1288966994070259E+001  1.1317054891470772E+001  1.1296219912309743E+001  1.1207233499759800E+001  1.1075556387415357E+001  1.0920237776316554E+001  1.0755843781452086E+001  1.0593710892699404E+001  1.0442695200347965E+001  1.0309607319473255E+001  1.0199662389255771E+001  1.0118462993580007E+001  1.0076724829892251E+001  1.0065231527423006E+001  1.0064358617860941E+001  1.0065343734892560E+001  1.0065154619155219E+001  1.0062868156555750E+001  1.0058351388575815E+001  1.0051782773480628E+001  1.0043467377439475E+001  1.0033760236924730E+001  1.0023032641079620E+001  1.0011656950497683E+001  1.0000000000000000E+001
  0.0000000000000000E+000  2.1264501135782874E+000  3.0921098644352538E+000  3.8240171303089907E+000  4.4550093452235870E+000  5.0295580775323394E+000  5.5680504834094160E+000  6.0421991188119151E+000  6.4579828533057926E+000  6.8284558786400567E+000  7.1626140403704754E+000  7.7453432420796249E+000  8.2422340004182608E+000  8.6741952021962394E+000  9.0549069211221305E+000  9.3938261786349777E+000  9.8379029450828650E+000  1.0219280033950058E+001  1.0648436069679333E+001  1.1081633323767344E+001  1.1421946057122263E+001  1.1684945640312284E+001  1.1882025746691287E+001  1.2022245542941777E+001  1.2113405293548091E+001  1.2162649371356256E+001  1.2176726993277200E+001  1.2117933754832027E+001  1.1988446399919747E+001  1.1821377336291308E+001  1.1639295631838202E+001  1.1456943030057582E+001  1.1283755864809013E+001  1.1125489346656813E+001  1.0985102873073574E+001  1.0863342752357445E+001  1.0759848843412289E+001  1.0675659049290765E+001  1.0611234606154545E+001  1.0559336250783785E+001  1.0511628551165186E+001  1.0463463625065680E+001  1.0412956656151495E+001  1.0359620796214463E+001  1.0303599518076902E+001  1.0245303389179101E+001  1.0185247151216526E+001  1.0123978587305924E+001  1.0062048641046948E+001  1.0000000000000000E+001
  0.0000000000000000E+000  2.2649185234234164E+000  3.3346620112722238E+000  4.1700834078553743E+000  4.9076012924657082E+000  5.5920818990936665E+000  6.1595681126164994E+000  6.6438669523065252E+000  7.0664321203740013E+000  7.4412225654250701E+000  7.7778403577407911E+000  8.3613349381996382E+000  8.8553985733634235E+000  9.2822068680890109E+000  9.6562417419392972E+000  9.9875015179528948E+000  1.0418969237221111E+001  1.0787292423127763E+001  1.1199301190938627E+001  1.1612870140977192E+001  1.1936702946527035E+001  1.2186913646287515E+001  1.2374922357213434E+001  1.2509325014685446E+001  1.2597024830625248E+001  1.2643980320035263E+001  1.2655719043335129E+001  1.2588480928643712E+001  1.2446199927508760E+001  1.2267353791688901E+001  1.2078854431958046E+001  1.1896333842062711E+001  1.1727640029517959E+001  1.1575769281673017E+001  1.1440554996803709E+001  1.1319662122771382E+001  1.1209626172098401E+001  1.1107578050587723E+001  1.1012589812058559E+001  1.0923622692525383E+001  1.0837800093916279E+001  1.0752145893827715E+001  1.0664829158652907E+001  1.0575102808510485E+001  1.0482904778593317E+001  1.0388540795918660E+001  1.0292495066462005E+001  1.0195329489686053E+001  1.0097633422302376E+001  1.0000000000000000E+001
  0.0000000000000000E+000  2.3764457078649297E+000  3.6500103187808803E+000  4.6763555770839922E+000  5.4640415568986276E+000  6.0907057479328808E+000  6.6127837961806195E+000  7.0610202251973853E+000  7.4540666216625029E+000  7.8041188878172321E+000  8.1196053468365825E+000  8.6688604490697969E+000  9.1357938869477930E+000  9.5402284238436295E+000  9.8952057229837678E+000  1.0209795916498631E+001  1.0619524253632472E+001  1.0968785436294832E+001  1.1358333972255336E+001  1.1747279270164785E+001  1.2049620603700195E+001  1.2281311754537116E+001  1.2453842139209893E+001  1.2575914169481219E+001  1.2654441823154912E+001  1.2695198352540062E+001  1.2703274390545632E+001  1.2633737994825683E+001  1.2491569341360098E+001  1.2315702135721759E+001  1.2136242715658689E+001  1.1969404040956270E+001  1.1820903350138380E+001  1.1690736602094518E+001  1.1575967464568629E+001  1.1472105824392942E+001  1.1374076439276015E+001  1.1277415161025644E+001  1.1179594383336950E+001  1.1080162618331583E+001  1.0979296514897900E+001  1.0876843749343433E+001  1.0772495061951002E+001  1.0666101639327760E+001  1.0557757004172473E+001  1.0447747501489966E+001  1.0336480614404730E+001  1.0224429577075613E+001  1.0112098142166877E+001  1.0000000000000000E+001
  0.0000000000000000E+000  2.4794384092246875E+000  3.8525586644760268E+000  4.9761825468445471E+000  5.7869075348845316E+000  6.4217426991909141E+000  6.9433389474699645E+000  7.3856274722137796E+000  7.7690823779503058E+000  8.1070254627767824E+000  8.4086220691147702E+000  8.9263295445471389E+000  9.3590986254668849E+000  9.7281623786934848E+000  1.0047429101997500E+001  1.0326538681662743E+001  1.0684124191427227E+001  1.0983531530180208E+001  1.1310919705896778E+001  1.1630195392844032E+001  1.1872435791608487E+001  1.2053543427906233E+001  1.2184622395221441E+001  1.2273786678558213E+001  1.2327231985736095E+001  1.2349914575768253E+001  1.2346010871925317E+001  1.2267911857755402E+001  1.2128642353315858E+001  1.1962116277912267E+001  1.1799864615495771E+001  1.1658895952814852E+001  1.1542211578262139E+001  1.1446276350207322E+001  1.1365439009779571E+001  1.1293558029245789E+001  1.1224711085159257E+001  1.1153871238873354E+001  1.1077722706980387E+001  1.0995137483143445E+001  1.0906695637709324E+001  1.0813623266700507E+001  1.0717070127482877E+001  1.0617925035473114E+001  1.0516867434901528E+001  1.0414446529392670E+001  1.0311135044545173E+001  1.0207360215286403E+001  1.0103521327236379E+001  1.0000000000000000E+001
  0.0000000000000000E+000  2.4082049955109666E+000  3.7326540691117573E+000  4.8460601012187601E+000  5.6461618375897080E+000  6.2703038450646753E+000  6.7812610631426038E+000  7.2130167603559769E+000  7.5860677052392793E+000  7.9137447699237002E+000  8.2052154668732467E+000  8.7030295285499335E+000  9.1164276029592131E+000  9.4665871206723864E+000  9.7673556198126796E+000  1.0028312247378601E+001  1.0359164246846328E+001  1.0632325412254529E+001  1.0925245648852256E+001  1.1202160474088734E+001  1.1403130077425525E+001  1.1544609219129988E+001  1.1638460697981349E+001  1.1693627640836214E+001  1.1717093518272193E+001  1.1714475920787381E+001  1.1690422128851889E+001  1.1588508455409132E+001  1.1444394667882857E+001  1.1286058142101949E+001  1.1142795245194710E+001  1.1031986309373629E+001  1.0953285015674792E+001  1.0898911154784049E+001  1.0860458701342877E+001  1.0830488941476045E+001  1.0802697997122502E+001  1.0772028975723103E+001  1.0734965370350217E+001  1.0689815933574911E+001  1.0636620956391212E+001  1.0576567148592197E+001  1.0511256414368990E+001  1.0442204646301983E+001  1.0370639641668431E+001  1.0297483480758158E+001  1.0223407560294163E+001  1.0148901465874697E+001  1.0074333751155670E+001  1.0000000000000000E+001
  0.0000000000000000E+000  2.3002993557591433E+000  3.5727937519387538E+000  4.6247125216164573E+000  5.3821362953184018E+000  5.9736582318057536E+000  6.4581616747072079E+000  6.8675793884945735E+000  7.2212037766981689E+000  7.5316025351527838E+000  7.8074316407442810E+000  8.2776153508031758E+000  8.6667091919580734E+000  8.9948391290474543E+000  9.2752038673274608E+000  9.5169617162171694E+000  9.8206882521009025E+000  1.0068205941133721E+001  1.0328639676354333E+001  1.0567113152999935E+001  1.0731837198995439E+001  1.0839306541776349E+001  1.0901605558336518E+001  1.0927993087212087E+001  1.0925804690878765E+001  1.0901004664823002E+001  1.0858548329411645E+001  1.0732182706978326E+001  1.0580037644073915E+001  1.0427525789338613E+001  1.0301625134130264E+001  1.0220570606235720E+001  1.0180638968228001E+001  1.0169142458124224E+001  1.0174973103255168E+001  1.0189773280297567E+001  1.0207237342007765E+001  1.0222622329082883E+001  1.0232594750275979E+001  1.0235246456801853E+001  1.0230050718384035E+001  1.0217594519294099E+001  1.0199124646355461E+001  1.0176092753692830E+001  1.0149844429955436E+001  1.0121475531195509E+001  1.0091807058805655E+001  1.0061421739256749E+001  1.0030723508945350E+001  1.0000000000000000E+001
  0.0000000000000000E+000  2.1563679425775208E+000  3.3298185578778292E+000  4.3360321525882233E+000  5.0691869988322873E+000  5.6405272981338088E+000  6.1073804552896256E+000  6.5008482985447795E+000  6.8397298838249982E+000  7.1362780900393350E+000  7.3989374491574145E+000  7.8442557873133092E+000  8.2099002197534894E+000  8.5155961731820113E+000  8.7743205114807488E+000  8.9951108340152341E+000  9.2684617155705258E+000  9.4869158830545093E+000  9.7105799677175604E+000  9.9064343409863866E+000  1.0032452751544366E+001  1.0105149952535404E+001  1.0136564632440114E+001  1.0135881299777546E+001  1.0110362669492579E+001  1.0065916833962554E+001  1.0007460483316516E+001  9.8602415852230365E+000  9.7012807148805802E+000  9.5541878410175780E+000  9.4437189659314669E+000  9.3895851576345493E+000  9.3851654961487831E+000  9.4123805496705604E+000  9.4578416389850375E+000  9.5128587224367340E+000  9.5715457725850577E+000  9.6297623279790621E+000  9.6846311872196758E+000  9.7343452325586899E+000  9.7780714431563620E+000  9.8158163683924435E+000  9.8481993870253799E+000  9.8761732942650919E+000  9.9007717704055977E+000  9.9229376177325026E+000  9.9434397120393960E+000  9.9628581341452698E+000  9.9816107391542239E+000  1.0000000000000000E+001
  0.0000000000000000E+000  2.0991298553682838E+000  3.2911787605279796E+000  4.2434189488548402E+000  4.9278440516307116E+000  5.4610420276423213E+000  5.8964593174442301E+000  6.2631154363458270E+000  6.5785658912924960E+000  6.8542632215971606E+000  7.0981072985294826E+000  7.5104943828427162E+000  7.8478153467963692E+000  8.1285686192020385E+000  8.3649255171836394E+000  8.5653600012754243E+000  8.8110979784347467E+000  9.0045535955456781E+000  9.1978499528660365E+000  9.3591681768495221E+000  9.4535950889506850E+000  9.4973589903122679E+000  9.5025560228287063E+000  9.4785668848343807E+000  9.4328643865750905E+000  9.3715147992577599E+000  9.2995152282526021E+000  9.1355954892667182E+000  8.9724604583410343E+000  8.8315298061925667E+000  8.7346961036310784E+000  8.7030974815582205E+000  8.7278645069212359E+000  8.7850695114902599E+000  8.8599182295337844E+000  8.9441846278955204E+000  9.0328608419444638E+000  9.1226662978764601E+000  9.2113828590395190E+000  9.2975488508660860E+000  9.3803146868697187E+000  9.4593517016972548E+000  9.5347511865893466E+000  9.6068952303032642E+000  9.6763171851973588E+000  9.7435813984282920E+000  9.8092018992462489E+000  9.8736034614344099E+000  9.9371173139731734E+000  1.0000000000000000E+001
  0.0000000000000000E+000  1.9827056660972788E+000  3.0563841388364352E+000  3.9852762471951912E+000  4.6769929748582957E+000  5.2156814340631685E+000  5.6553554572600939E+000  6.0253323774287786E+000  6.3433403730527091E+000  6.6209396033536585E+000  6.8661012584275731E+000  7.2795438271251367E+000  7.6160468293292398E+000  7.8943106946264727E+000  8.1266838783405682E+000  8.3218126998404518E+000  8.5573794254637274E+000  8.7386669910153465E+000  8.9134410656384837E+000  9.0496744018941069E+000  9.1188985575853430E+000  9.1387281198107502E+000  9.1221756085346737E+000  9.0791714413884304E+000  9.0174742855081060E+000  8.9432550606399932E+000  8.8614928182764139E+000  8.6873680656165586E+000  8.5244713647297399E+000  8.3916025261316278E+000  8.3070811563396276E+000  8.2925944628313371E+000  8.3378411983032876E+000  8.4128330963503402E+000  8.5028130154123378E+000  8.6008945181772489E+000  8.7033420310010570E+000  8.8079157770966745E+000  8.9131809161139692E+000  9.0181802551748351E+000  9.1222757047811704E+000  9.2250728683961398E+000  9.3263784265550100E+000  9.4261606435755390E+000  9.5245026007014459E+000  9.6215522360390668E+000  9.7174786610621560E+000  9.8124419634405964E+000  9.9065785731394698E+000  1.0000000000000000E+001
  0.0000000000000000E+000  1.8999401180920490E+000  2.8409115651912664E+000  3.6273019577026298E+000  4.3527029667182262E+000  4.9178416826249745E+000  5.3794321897756401E+000  5.7682276711597016E+000  6.1028051893029440E+000  6.3952645749648633E+000  6.6539384462025550E+000  7.0912794704285176E+000  7.4485186550825908E+000  7.7450455600856989E+000  7.9935978358049722E+000  8.2030443161853270E+000  8.4568329366541288E+000  8.6526648248810929E+000  8.8412958914843056E+000  8.9866252446798924E+000  9.0574928045997911E+000  9.0735684519277910E+000  9.0500576986552872E+000  8.9988663185763240E+000  8.9292949833397621E+000  8.8485646332497314E+000  8.7622606650415804E+000  8.5860592058610870E+000  8.4291375091054750E+000  8.3073723854804484E+000  8.2347976840189414E+000  8.2318108917492179E+000  8.2873062812806495E+000  8.3659075236077083E+000  8.4549420258263837E+000  8.5495966592534636E+000  8.6476261301230206E+000  8.7478876790248865E+000  8.8497577454509209E+000  8.9528501885999745E+000  9.0568754216236904E+000  9.1615784537540801E+000  9.2667214446297983E+000  9.3720865099060617E+000  9.4774823653399203E+000  9.5827466730206616E+000  9.6877427693258582E+000  9.7923530593525392E+000  9.8964719345405197E+000  1.0000000000000000E+001
  0.0000000000000000E+000  1.8856378230240216E+000  2.6735581435685183E+000  3.2688977280989611E+000  3.8013078508505576E+000  4.3140951523538451E+000  4.8268525915265830E+000  5.2706588136664516E+000  5.6532134198872122E+000  5.9883552998593146E+000  6.2855936804754462E+000  6.7906932902508625E+000  7.2066559481472199E+000  7.5552784828844066E+000  7.8507613895125834E+000  8.1029061204990231E+000  8.4140936111598972E+000  8.6604279689978529E+000  8.9067783391028268E+000  9.1098126305800378E+000  9.2235066679519004E+000  9.2690052239803542E+000  9.2638734697615099E+000  9.2230777541552875E+000  9.1590568373058225E+000  9.0816529080344051E+000  8.9982821456438291E+000  8.8304327915089047E+000  8.6864476051726953E+000  8.5797361163624650E+000  8.5197680362822883E+000  8.5233122264341663E+000  8.5782481366120980E+000  8.6463321156287378E+000  8.7191799290944143E+000  8.7943750263758158E+000  8.8711438831555807E+000  8.9493610227752729E+000  9.0291463832804641E+000  9.1106632724116743E+000  9.1940141713607808E+000  9.2791960648301917E+000  9.3660948627205851E+000  9.4545034338113307E+000  9.5441500589027140E+000  9.6347271828577377E+000  9.7259143691734504E+000  9.8173931974900235E+000  9.9088545388075815E+000  1.0000000000000000E+001
  0.0000000000000000E+000  2.0233616132710583E+000  2.7366326018567628E+000  3.2040239432465087E+000  3.5780073040524769E+000  3.9097510419240895E+000  4.2227802810328798E+000  4.5299754867442106E+000  4.8392427671106883E+000  5.1558561855038096E+000  5.4835784305461734E+000  6.1109717852061678E+000  6.6318967453870048E+000  7.0729193677722124E+000  7.4513498943530490E+000  7.7791127577253798E+000  8.1931206729235520E+000  8.5324593143192011E+000  8.8910200134034039E+000  9.2186445425136530E+000  9.4404670233718448E+000  9.5766733398422268E+000  9.6431628512983476E+000  9.6543381413464182E+000  9.6246993044240607E+000  9.5687698097813936E+000  9.4994220328032206E+000  9.3510404261456141E+000  9.2265919935234422E+000  9.1388983273563937E+000  9.0928874081241808E+000  9.0993941958378084E+000  9.1433799303003607E+000  9.1892821115534371E+000  9.2342305890960947E+000  9.2779956910462467E+000  9.3210505873896388E+000  9.3641014172936003E+000  9.4078696552054097E+000  9.4529760195896770E+000  9.4998795387039525E+000  9.5488531942397117E+000  9.5999862766139614E+000  9.6532055825976020E+000  9.7083076269901198E+000  9.7649944025594451E+000  9.8229066631081530E+000  9.8816509544109259E+000  9.9408189999702259E+000  1.0000000000000000E+001
  0.0000000000000000E+000  2.2596563096181845E+000  2.9966197152024390E+000  3.4367247218610175E+000  3.7534822448041263E+000  4.0043616922790388E+000  4.2156194887374134E+000  4.4019070669252907E+000  4.5730826892566538E+000  4.7387198826281827E+000  4.9039665552138541E+000  5.2442085705342532E+000  5.6101918022890844E+000  6.0126471481777690E+000  6.4597444027163720E+000  6.9013090964163668E+000  7.4680944536783258E+000  7.9442513287086980E+000  8.4674650634979098E+000  8.9814025786310978E+000  9.3743633952551590E+000  9.6695992918805143E+000  9.8830312934483207E+000  1.0026362644841218E+001  1.0109056267337452E+001  1.0140055148535447E+001  1.0130046069620022E+001  1.0025936480122921E+001  9.9262110742304248E+000  9.8603554085898413E+000  9.8294942890083412E+000  9.8369237019427462E+000  9.8611904352097000E+000  9.8780281559323484E+000  9.8890266259133401E+000  9.8955707179798793E+000  9.8990477117352356E+000  9.9007544623354136E+000  9.9018293743081784E+000  9.9032132948411391E+000  9.9056306576034352E+000  9.9095862591596564E+000  9.9153752277489300E+000  9.9231038687682549E+000  9.9327182859994458E+000  9.9440369817945733E+000  9.9567836220237851E+000  9.9706169180554891E+000  9.9851558668413922E+000  1.0000000000000000E+001
  0.0000000000000000E+000  1.6669069661537204E+000  2.4604702256260809E+000  3.0377572130905137E+000  3.5010160901406131E+000  3.8891832104898434E+000  4.2233508064300214E+000  4.5174026183150895E+000  4.7815310891549236E+000  5.0229502712441860E+000  5.2472247900086249E+000  5.6570985839229300E+000  6.0295019353616786E+000  6.3728707382370118E+000  6.6920402089891882E+000  6.9901531958209437E+000  7.4028649295820950E+000  7.7786679482562349E+000  8.2294601121270627E+000  8.7216636027270553E+000  9.1438098304851056E+000  9.5036310897020204E+000  9.8070909404939730E+000  1.0058936530879743E+001  1.0263079241876028E+001  1.0422870052447740E+001  1.0541284172029023E+001  1.0653521794579852E+001  1.0631951619595489E+001  1.0590364461833918E+001  1.0575649100356122E+001  1.0582729203096578E+001  1.0582259995005165E+001  1.0569228577006346E+001  1.0546859202346100E+001  1.0517483534343770E+001  1.0483039233530407E+001  1.0445154483515118E+001  1.0405183579803158E+001  1.0364229107092610E+001  1.0323159186845785E+001  1.0282623714070098E+001  1.0243072062379703E+001  1.0204773640009639E+001  1.0167841548037504E+001  1.0132258588482367E+001  1.0097904238519359E+001  1.0064581077875671E+001  1.0032039482932140E+001  1.0000000000000000E+001
  0.0000000000000000E+000  1.9342321698675342E+000  2.7248479220159245E+000  3.3079879623375614E+000  3.8159438102984273E+000  4.2916972449770991E+000  4.7537525090588337E+000  5.2110615384813777E+000  5.6189393316296563E+000  5.9768257893718664E+000  6.2950716040842103E+000  6.8388701434957744E+000  7.2916170327568244E+000  7.6766493586483469E+000  8.0091869605103323E+000  8.2998293309109652E+000  8.6728850906728212E+000  8.9878171293203408E+000  9.3386499577977524E+000  9.6955235029806257E+000  9.9869219776076736E+000  1.0229018994678281E+001  1.0432060860436701E+001  1.0602790822786206E+001  1.0745844999737040E+001  1.0864570038486365E+001  1.0961514882246680E+001  1.1095349242407186E+001  1.1163915612921253E+001  1.1180954890160258E+001  1.1181391481102962E+001  1.1184576129370914E+001  1.1161050666675717E+001  1.1123077772466429E+001  1.1074066902121018E+001  1.1016655379723691E+001  1.0952940411948557E+001  1.0884609559827904E+001  1.0813027802899015E+001  1.0739296999091774E+001  1.0664297523244503E+001  1.0588718708834346E+001  1.0513082735945897E+001  1.0437765206310875E+001  1.0363014507749408E+001  1.0288971101982675E+001  1.0215687103548696E+001  1.0143146011961324E+001  1.0071282230183536E+001  1.0000000000000000E+001
  0.0000000000000000E+000  2.4028965314323014E+000  3.2050574574847994E+000  3.6966860757760203E+000  4.0614663052485600E+000  4.3625299376977971E+000  4.6304159071274169E+000  4.8796697556719746E+000  5.1189117187813169E+000  5.3536373523921226E+000  5.5875408739297443E+000  6.0631083866942257E+000  6.5584909452115054E+000  7.0811664612887419E+000  7.5926910499227738E+000  8.0370617032270015E+000  8.6027214482744938E+000  9.0741570649575021E+000  9.5882274669125973E+000  1.0090138921938159E+001  1.0474495480277207E+001  1.0768361582018283E+001  1.0991638424820486E+001  1.1159819270022069E+001  1.1285244391402697E+001  1.1377728145884122E+001  1.1444987532537338E+001  1.1520871579626508E+001  1.1550651676065275E+001  1.1553688962280958E+001  1.1543408655806816E+001  1.1524897740642418E+001  1.1485008683626274E+001  1.1431432039893430E+001  1.1367123668521637E+001  1.1294436849709935E+001  1.1215262191612565E+001  1.1131091200502210E+001  1.1043108578687578E+001  1.0952264984241410E+001  1.0859329005118209E+001  1.0764923893988133E+001  1.0669553918399822E+001  1.0573623955234567E+001  1.0477454989347439E+001  1.0381297399848981E+001  1.0285343263984856E+001  1.0189738369305831E+001  1.0094594214213483E+001  1.0000000000000000E+001
  0.0000000000000000E+000  2.8250275403470013E+000  3.7184013995308884E+000  4.2380684282979812E+000  4.6024068007320942E+000  4.8828066987788326E+000  5.1111291419469618E+000  5.3042475994796927E+000  5.4721395466964147E+000  5.6211822199809376E+000  5.7556976040436094E+000  5.9921829758455409E+000  6.1986239390548166E+000  6.3850142904240448E+000  6.5584623121556218E+000  6.7251462940700870E+000  6.9797484871843993E+000  7.2876346541305415E+000  7.7979548005038568E+000  8.6132822546383210E+000  9.3397337939887635E+000  9.9210186698748632E+000  1.0388380025443698E+001  1.0763060285290784E+001  1.1059732613315312E+001  1.1289316169862769E+001  1.1460833966152510E+001  1.1649049597668139E+001  1.1703150367824820E+001  1.1684619413284270E+001  1.1635530432208961E+001  1.1575886507318341E+001  1.1509960585045979E+001  1.1443001306898696E+001  1.1373953262606067E+001  1.1300204771595469E+001  1.1221559672692843E+001  1.1138637150378237E+001  1.1052155359416370E+001  1.0962757360567407E+001  1.0870990413548185E+001  1.0777320517328711E+001  1.0682150805163255E+001  1.0585836545931922E+001  1.0488696071603453E+001  1.0391018569082611E+001  1.0293069866582247E+001  1.0195097129057356E+001  1.0097333070113431E+001  1.0000000000000000E+001
  0.0000000000000000E+000  3.0171850884376381E+000  3.9598983938305850E+000  4.5005414749489256E+000  4.8740236402805763E+000  5.1571689594593098E+000  5.3842380341105196E+000  5.5733447146771873E+000  5.7351716337247280E+000  5.8765205248728174E+000  6.0019757585208433E+000  6.2167498696451968E+000  6.3971612414468808E+000  6.5530210266824618E+000  6.6905578025102459E+000  6.8139689943456192E+000  6.9787128522709505E+000  7.1251929240297445E+000  7.2999170190818550E+000  7.4961908270835078E+000  7.6799800188876439E+000  7.8708326818765286E+000  8.1936811434842305E+000  8.7324578188273918E+000  9.2541133557822359E+000  9.7063657468547735E+000  1.0095162253194122E+001  1.0695872896319354E+001  1.1092358762817280E+001  1.1311157425277910E+001  1.1382741331785887E+001  1.1350527537823695E+001  1.1268469786246207E+001  1.1181490543789662E+001  1.1108249040423024E+001  1.1042641782836482E+001  1.0978053482362764E+001  1.0911999105110906E+001  1.0843839054474895E+001  1.0773544833003134E+001  1.0701272051039281E+001  1.0627229173849944E+001  1.0551641345027518E+001  1.0474742760442556E+001  1.0396776306115470E+001  1.0317993925426476E+001  1.0238656027123071E+001  1.0159029808771571E+001  1.0079386803708248E+001  1.0000000000000000E+001
  0.0000000000000000E+000  2.7269325490146974E+000  3.6092691177860554E+000  4.1256916901125180E+000  4.4869829057843011E+000  4.7631010099589437E+000  4.9856630397690349E+000  5.1715810907277477E+000  5.3309303455592492E+000  5.4701822046610928E+000  5.5937317494125693E+000  5.8048739405908085E+000  5.9815291815090417E+000  6.1333297226795613E+000  6.2664368973258453E+000  6.3850287238946528E+000  6.5418139768000199E+000  6.6795145948574914E+000  6.8413889616635819E+000  7.0203100734884005E+000  7.1878098964505792E+000  7.3942832245887837E+000  7.7374230096734768E+000  8.1921656496839823E+000  8.5962679957822097E+000  8.9549920321268193E+000  9.2726784736155832E+000  9.7964970530385980E+000  1.0191912062745663E+001  1.0474457136695358E+001  1.0656649003187392E+001  1.0750174726644108E+001  1.0767358187785595E+001  1.0722650877564506E+001  1.0643997876695725E+001  1.0585850523560916E+001  1.0542698604961076E+001  1.0504234249681371E+001  1.0466708588567327E+001  1.0428752072462284E+001  1.0389863910450780E+001  1.0349878990488479E+001  1.0308777680688289E+001  1.0266617883601718E+001  1.0223509553559568E+001  1.0179603098952192E+001  1.0135081685946703E+001  1.0090154156673597E+001  1.0045047669125157E+001  1.0000000000000000E+001
  0.0000000000000000E+000  2.7232716228777782E+000  3.5854062243352076E+000  4.0827086073005949E+000  4.4271624678360100E+000  4.6885865657535675E+000  4.8982880038371048E+000  5.0728880055627936E+000  5.2222198341308461E+000  5.3525593232843720E+000  5.4681439164027896E+000  5.6657232066742491E+000  5.8313385256447479E+000  5.9740853079274014E+000  6.0997349250435082E+000  6.2121699881700776E+000  6.3616732712194288E+000  6.4938600747688753E+000  6.6501998686308310E+000  6.8229976308823392E+000  6.9795358178290181E+000  7.1284611249161847E+000  7.2861056478375339E+000  7.5615570312684861E+000  8.0093709132794739E+000  8.4301168389816326E+000  8.7930879394828985E+000  9.3556063892471943E+000  9.7369878448960669E+000  9.9780346960724291E+000  1.0116218278010930E+001  1.0180673479134603E+001  1.0192200209747051E+001  1.0165956910935138E+001  1.0114087772726030E+001  1.0046491865009379E+001  1.0014316575422207E+001  1.0005066679506605E+001  1.0002940830123091E+001  1.0003400424840139E+001  1.0004665340989147E+001  1.0005948448400261E+001  1.0006886565538190E+001  1.0007317191777281E+001  1.0007185835233757E+001  1.0006505846008158E+001  1.0005338648048697E+001  1.0003781223701157E+001  1.0001955794620024E+001  1.0000000000000000E+001
  0.0000000000000000E+000  2.4904116790337918E+000  3.3225209779169824E+000  3.8205441510922920E+000  4.1745205264454306E+000  4.4481206384052632E+000  4.6704355311749870E+000  4.8572054894865140E+000  5.0179148301119447E+000  5.1587221059521626E+000  5.2838527222512468E+000  5.4978771162452684E+000  5.6768704425152210E+000  5.8304197049194908E+000  5.9647287077504165E+000  6.0840447108980928E+000  6.2411477230816814E+000  6.3785103757215387E+000  6.5393307650451931E+000  6.7174203824612508E+000  6.8924668980977239E+000  7.1307646094352073E+000  7.4687044444456880E+000  7.8535594604087278E+000  8.1935372794143682E+000  8.4911622156116788E+000  8.7493792184162693E+000  9.1574598324501615E+000  9.4447572039843575E+000  9.6324684505808005E+000  9.7386724250115542E+000  9.7795850646053033E+000  9.7705566593133426E+000  9.7265896286028646E+000  9.6625028412064058E+000  9.5928554219067284E+000  9.5308145060939289E+000  9.5308883682612127E+000  9.5561655888807771E+000  9.5902904101586834E+000  9.6286188190940116E+000  9.6690362023183631E+000  9.7104421203463929E+000  9.7522353127829060E+000  9.7940806513742320E+000  9.8357918335599628E+000  9.8772698138377883E+000  9.9184689780559321E+000  9.9593768273418490E+000  1.0000000000000000E+001
  0.0000000000000000E+000  2.0253870955421975E+000  2.7752432044147031E+000  3.2609125681134725E+000  3.6286798270777201E+000  3.9280694970908856E+000  4.1820288466791755E+000  4.4032048033617661E+000  4.5993979949594772E+000  4.7758206461942390E+000  4.9361719775515223E+000  5.2178844729215736E+000  5.4613608339660153E+000  5.6767720246081188E+000  5.8714460332397751E+000  6.0510036996703658E+000  6.3007498342127919E+000  6.5388908529258121E+000  6.8544417732169807E+000  7.2736268498361385E+000  7.7084349320426027E+000  8.0891845139037439E+000  8.4173865746621583E+000  8.6965333303829322E+000  8.9310838554663903E+000  9.1258674555901251E+000  9.2856479034124355E+000  9.5140270938318476E+000  9.6483519366118937E+000  9.7095556334934194E+000  9.7138631048210353E+000  9.6749102519690382E+000  9.6049275524793387E+000  9.5153742379484409E+000  9.4173838770603613E+000  9.3223327131333598E+000  9.2429247792037792E+000  9.1960305606506338E+000  9.2288861890006881E+000  9.2817810504199141E+000  9.3441286437437157E+000  9.4118333535508700E+000  9.4826867683287102E+000  9.5553791816301850E+000  9.6291019244239031E+000  9.7033404139148569E+000  9.7777555152190239E+000  9.8521129919816115E+000  9.9262404586685662E+000  1.0000000000000000E+001
  0.0000000000000000E+000  1.7088322265972677E+000  2.4304859163581667E+000  2.9547846235434090E+000  3.3943966851025711E+000  3.7866346728035345E+000  4.1482437416152225E+000  4.4880651004799859E+000  4.8112685094570118E+000  5.1211046271694460E+000  5.4078117799056171E+000  5.9085044123592034E+000  6.3361683366615704E+000  6.7085692576486142E+000  7.0373690761772059E+000  7.3306565209726768E+000  7.7160138202122015E+000  8.0484550293520538E+000  8.4252064263655004E+000  8.8110043852405866E+000  9.1224315153886533E+000  9.3742614649668496E+000  9.5772391285919181E+000  9.7393636807533142E+000  9.8666987948935567E+000  9.9639531987701560E+000  1.0034908141139121E+001  1.0108233813429944E+001  1.0109553103520851E+001  1.0056002411545379E+001  9.9623680043246594E+000  9.8414894299538798E+000  9.7045437357802840E+000  9.5613651755728863E+000  9.4208100818679679E+000  9.2912023139732156E+000  9.1810944430465220E+000  9.1015066198845727E+000  9.0926082789685676E+000  9.1440082885907596E+000  9.2117772597584242E+000  9.2888573343651721E+000  9.3716470760687223E+000  9.4580241058056362E+000  9.5466492830615639E+000  9.6366350969113164E+000  9.7273658257321660E+000  9.8183923239989728E+000  9.9093668006104618E+000  1.0000000000000000E+001
  0.0000000000000000E+000  1.9268735273414910E+000  2.7560556860047778E+000  3.3695799439171696E+000  3.8930629494265987E+000  4.3680078558075355E+000  4.8129732096095772E+000  5.2377054211573562E+000  5.6331020147417625E+000  5.9846412190137599E+000  6.3010814871493999E+000  6.8513113526101499E+000  7.3188208930946015E+000  7.7238142222762081E+000  8.0794681888867164E+000  8.3948652879150298E+000  8.8058786974894865E+000  9.1562980475623021E+000  9.5465601366934898E+000  9.9341223794510274E+000  1.0232007595748623E+001  1.0456393171802995E+001  1.0619860227198062E+001  1.0732792086174088E+001  1.0803976730303992E+001  1.0840860306464375E+001  1.0849691722597957E+001  1.0799480921235551E+001  1.0688815097008057E+001  1.0539006750468387E+001  1.0365342264624827E+001  1.0179385220962272E+001  9.9903436260552585E+000  9.8058842198240352E+000  9.6326565974147282E+000  9.4766941769706428E+000  9.3438327549036231E+000  9.2404227701528043E+000  9.1758149762630641E+000  9.1975574544373444E+000  9.2529409156950422E+000  9.3214206247443467E+000  9.3974865966359040E+000  9.4783726430023201E+000  9.5624126726439584E+000  9.6484980741814734E+000  9.7358393151139246E+000  9.8238413056568401E+000  9.9120292937359533E+000  1.0000000000000000E+001
  0.0000000000000000E+000  2.0664960615176948E+000  3.0136546586248381E+000  3.7357497102047832E+000  4.3609271937762983E+000  4.9320946690804686E+000  5.4670187092146039E+000  5.9255489758028759E+000  6.3272996134008217E+000  6.6850117968471601E+000  7.0074337510313764E+000  7.5690473100275621E+000  8.0470220439774280E+000  8.4615516777973312E+000  8.8258446302459408E+000  9.1490297655128909E+000  9.5702799486124182E+000  9.9292586800177833E+000  1.0328507584164315E+001  1.0723351622154308E+001  1.1023636678293537E+001  1.1244765768343857E+001  1.1398546698667831E+001  1.1495015062896837E+001  1.1543326853178568E+001  1.1552013927025504E+001  1.1528872443777816E+001  1.1408482785554252E+001  1.1230305939870922E+001  1.1021687050468277E+001  1.0800127586387127E+001  1.0577142789183243E+001  1.0360694807621199E+001  1.0156602803948660E+001  9.9693627260173052E+000  9.8026630837532878E+000  9.6597873162258683E+000  9.5441008107241174E+000  9.4601862829771370E+000  9.4229607478514712E+000  9.4489373393533143E+000  9.4941293045944679E+000  9.5480086110834694E+000  9.6069965961020625E+000  9.6692694166794073E+000  9.7337040941643860E+000  9.7995254752230849E+000  9.8661512653338672E+000  9.9331113324279947E+000  1.0000000000000000E+001
  0.0000000000000000E+000  2.2079022132224444E+000  3.2596171470822224E+000  4.0857704042284944E+000  4.8183780588204010E+000  5.4849123189334836E+000  6.0357112636819696E+000  6.5053869724286395E+000  6.9148280637946860E+000  7.2776264253290179E+000  7.6031318212734842E+000  8.1663859753731689E+000  8.6420619958234166E+000  9.0517477915030540E+000  9.4095368269303208E+000  9.7251544323993517E+000  1.0133856013705298E+001  1.0479824823702428E+001  1.0862033453180288E+001  1.1237491783446746E+001  1.1521505398374480E+001  1.1729624604418113E+001  1.1873043205786997E+001  1.1960577368915670E+001  1.1999917520509097E+001  1.1998392163546487E+001  1.1963270407569812E+001  1.1814307581458198E+001  1.1608586016643780E+001  1.1378987542743804E+001  1.1144955024783640E+001  1.0917603831497058E+001  1.0703418181111781E+001  1.0506317677506109E+001  1.0328741310755083E+001  1.0172219129648878E+001  1.0037683589654398E+001  9.9256601408291925E+000  9.8365193058689151E+000  9.7720433294322468E+000  9.7513222384702516E+000  9.7622614011681339E+000  9.7840038105303613E+000  9.8105928931743964E+000  9.8398077173746579E+000  9.8705985428943848E+000  9.9023689318217301E+000  9.9347209505574714E+000  9.9673506151501083E+000  1.0000000000000000E+001
  0.0000000000000000E+000  2.3277784089231037E+000  3.5840383683667509E+000  4.6005983885747703E+000  5.3683281816634389E+000  5.9792469700176794E+000  6.4881958980137755E+000  6.9250693454679730E+000  7.3080134194355733E+000  7.6488995942556990E+000  7.9559357828162396E+000  8.4898848616606291E+000  8.9429484949397420E+000  9.3344606879301306E+000  9.6771461102494776E+000  9.9798555942275762E+000  1.0372193377507401E+001  1.0704240848317820E+001  1.1070612608107963E+001  1.1429515917462165E+001  1.1699976499835881E+001  1.1897381524580963E+001  1.2032827844601778E+001  1.2114864923044827E+001  1.2150623530897819E+001  1.2146632853558922E+001  1.2109396699325421E+001  1.1955679349107379E+001  1.1749026984785052E+001  1.1526959913493444E+001  1.1309708296374939E+001  1.1106647112195020E+001  1.0921783563719734E+001  1.0756571086928696E+001  1.0611172476513739E+001  1.0485009213381632E+001  1.0376984128835554E+001  1.0285532026075918E+001  1.0208543532297741E+001  1.0143327749837878E+001  1.0091309650413177E+001  1.0064750918467285E+001  1.0051040431829380E+001  1.0041828811407351E+001  1.0034225682737095E+001  1.0027186521464275E+001  1.0020329938480110E+001  1.0013527828526113E+001  1.0006749512638244E+001  1.0000000000000000E+001
  0.0000000000000000E+000  2.4428101261245838E+000  3.7985725179930765E+000  4.9071565522308829E+000  5.7071442655056410E+000  6.3335926552967106E+000  6.8482697152269845E+000  7.2846328282105679E+000  7.6628722725884746E+000  7.9961261381513653E+000  8.2934337792026387E+000  8.8034470599463894E+000  9.2292899306794496E+000  9.5919019412079614E+000  9.9049967895682727E+000  1.0178077579288312E+001  1.0526671874978719E+001  1.0816940396848738E+001  1.1131603443508318E+001  1.1433692623145930E+001  1.1656975924361884E+001  1.1817020274202447E+001  1.1924644375018168E+001  1.1987740764681131E+001  1.2012409122502044E+001  1.2003757608182088E+001  1.1966556279464035E+001  1.1820965874232119E+001  1.1629425500487036E+001  1.1432918221341051E+001  1.1252064645567575E+001  1.1093203145310163E+001  1.0956821854382120E+001  1.0841384529053258E+001  1.0744645426190612E+001  1.0664046647185872E+001  1.0596777852262699E+001  1.0539663604643879E+001  1.0488875808317312E+001  1.0439433790070845E+001  1.0385983845374867E+001  1.0334677370621062E+001  1.0291107885841189E+001  1.0250507955189359E+001  1.0210180442907117E+001  1.0169234719863255E+001  1.0127536746767328E+001  1.0085247357428457E+001  1.0042634777582318E+001  1.0000000000000000E+001
  0.0000000000000000E+000  2.3873624853399140E+000  3.6937605474431283E+000  4.8071666087686680E+000  5.6076659514567861E+000  6.2324083731432847E+000  6.7440816457875474E+000  7.1766221901951415E+000  7.5504982976207655E+000  7.8790218808213366E+000  8.1713468998311249E+000  8.6708681346508971E+000  9.0859023814338062E+000  9.4375847111078901E+000  9.7397288719037949E+000  1.0001885293181425E+001  1.0334152348698131E+001  1.0608197134572393E+001  1.0901340250533938E+001  1.1176789921109195E+001  1.1374187897514748E+001  1.1509829037286753E+001  1.1595468535234220E+001  1.1639997112243456E+001  1.1650415523992308E+001  1.1632468487344555E+001  1.1591129048379804E+001  1.1451081632166195E+001  1.1278319099227465E+001  1.1114386802799356E+001  1.0979334329363859E+001  1.0874653994027582E+001  1.0796141512067987E+001  1.0738913056151770E+001  1.0698411714914673E+001  1.0670423041175646E+001  1.0650884202780448E+001  1.0635618806998183E+001  1.0619954244143496E+001  1.0598111795244973E+001  1.0562808930359999E+001  1.0511230191847270E+001  1.0453392974457717E+001  1.0393535631320436E+001  1.0331641099927497E+001  1.0267705699028300E+001  1.0202055793566181E+001  1.0135184877611575E+001  1.0067645375538390E+001  1.0000000000000000E+001
  0.0000000000000000E+000  2.2951412467055712E+000  3.5495191425031773E+000  4.6150488810497219E+000  5.3831081839709451E+000  5.9837355118639621E+000  6.4763859660152860E+000  6.8932779896820291E+000  7.2538709728007253E+000  7.5708400739374069E+000  7.8529147422974077E+000  8.3348283624539068E+000  8.7348251461497970E+000  9.0731912735354801E+000  9.3632239738218406E+000  9.6141441036788180E+000  9.9307590176468192E+000  1.0190192418315705E+001  1.0465061295055794E+001  1.0719257371010865E+001  1.0897135712912837E+001  1.1015176717667082E+001  1.1085472551978695E+001  1.1117333860427749E+001  1.1118206566270819E+001  1.1094241189825093E+001  1.1050690245156980E+001  1.0917360656003778E+001  1.0763269717298583E+001  1.0631378623639398E+001  1.0542917588391305E+001  1.0493084340234287E+001  1.0472078909973577E+001  1.0471737299635862E+001  1.0485627684758256E+001  1.0508428921467562E+001  1.0535424514298498E+001  1.0562089564854430E+001  1.0583651048881734E+001  1.0594473409101552E+001  1.0587358960440593E+001  1.0555821708397630E+001  1.0504503069257282E+001  1.0442943493313429E+001  1.0375544929552358E+001  1.0304191963541836E+001  1.0230065296220397E+001  1.0154111240884149E+001  1.0077165737722783E+001  1.0000000000000000E+001
  0.0000000000000000E+000  2.1826811503505734E+000  3.3458099351634480E+000  4.3326586580365039E+000  5.0904705147853635E+000  5.6817472503526671E+000  6.1655710591202944E+000  6.5739822112618631E+000  6.9263385054147477E+000  7.2352511746325261E+000  7.5094074365514070E+000  7.9757525517499666E+000  8.3604982801861745E+000  8.6838827846461104E+000  8.9592003304412913E+000  9.1956946600262288E+000  9.4912343572073592E+000  9.7304819677725014E+000  9.9800049316392698E+000  1.0205494700117979E+001  1.0358398613442638E+001  1.0455356237358433E+001  1.0508479291106751E+001  1.0527025393707099E+001  1.0518365946918266E+001  1.0488579372642603E+001  1.0442838099626792E+001  1.0315529085880783E+001  1.0177563881839282E+001  1.0071707196763199E+001  1.0024454448405718E+001  1.0023024666427773E+001  1.0051217255467487E+001  1.0098220014216873E+001  1.0156546358913648E+001  1.0220512559171704E+001  1.0285415147256428E+001  1.0347009953974677E+001  1.0401061566780925E+001  1.0442790414956448E+001  1.0466165482243399E+001  1.0464438297099537E+001  1.0436825447029493E+001  1.0391507464699187E+001  1.0335855391504307E+001  1.0273928187302534E+001  1.0208035632845588E+001  1.0139694367155084E+001  1.0070036864393103E+001  1.0000000000000000E+001
  0.0000000000000000E+000  2.1252308494523349E+000  3.3055996316149110E+000  4.2905468920182166E+000  4.9992550685358657E+000  5.5521608840168808E+000  6.0044450165858008E+000  6.3860522990274422E+000  6.7150879971521462E+000  7.0033565696911904E+000  7.2589958177685565E+000  7.6932692774454035E+000  8.0508842589395062E+000  8.3508374674046255E+000  8.6056050336616963E+000  8.8238536641648224E+000  9.0954769077159590E+000  9.3139803864302735E+000  9.5395727714466716E+000  9.7394988625924181E+000  9.8703710445280475E+000  9.9481987269888901E+000  9.9849053434616621E+000  9.9897991100164969E+000  9.9703990859549716E+000  9.9329357942878840E+000  9.8826811987974139E+000  9.7560890460684604E+000  9.6285842473993668E+000  9.5378938021020367E+000  9.5211280347522091E+000  9.5561653091674792E+000  9.6192891656975856E+000  9.6981457401793882E+000  9.7851940446225072E+000  9.8751487271114655E+000  9.9639275460903018E+000  1.0048089010349644E+001  1.0124413640152195E+001  1.0189440457107928E+001  1.0238838917195695E+001  1.0267170286858649E+001  1.0271109590203732E+001  1.0254560379590574E+001  1.0224536779547238E+001  1.0186247717059418E+001  1.0142909037618612E+001  1.0096551410960513E+001  1.0048564091980717E+001  1.0000000000000000E+001
  0.0000000000000000E+000  2.0286220190106889E+000  3.1035291032386843E+000  4.0206752317500003E+000  4.7396243241347564E+000  5.3001806237877656E+000  5.7583625140225161E+000  6.1445650781445682E+000  6.4771620971495025E+000  6.7681306273478974E+000  7.0257263182277674E+000  7.4619798637682946E+000  7.8193944233629527E+000  8.1172920439076410E+000  8.3684099107321384E+000  8.5816462790373116E+000  8.8435610686543189E+000  9.0504619592077429E+000  9.2585567872586747E+000  9.4351943437565513E+000  9.5432099805480082E+000  9.5999152564722969E+000  9.6180198320750492E+000  9.6072351044247348E+000  9.5752239044164451E+000  9.5281975738800870E+000  9.4713106755018153E+000  9.3400713320343414E+000  9.2161714454995050E+000  9.1290742840002217E+000  9.1274070271470507E+000  9.1832538161753128E+000  9.2634038213036707E+000  9.3554363866470780E+000  9.4526567849265870E+000  9.5507564978887292E+000  9.6466938748489444E+000  9.7381568883423828E+000  9.8232034918801538E+000  9.8998932562775366E+000  9.9657603855586530E+000  1.0017257233778288E+001  1.0050792394649102E+001  1.0066586352548807E+001  1.0068919754988046E+001  1.0062404657916538E+001  1.0050381636860541E+001  1.0035056015597416E+001  1.0017906372493572E+001  1.0000000000000000E+001
  0.0000000000000000E+000  1.9390341255873911E+000  2.8872691893415197E+000  3.6721718457531738E+000  4.4096686813831454E+000  4.9920963434630226E+000  5.4677360330367533E+000  5.8684863435578496E+000  6.2135899026752908E+000  6.5155612483188943E+000  6.7830054135054336E+000  7.2363225584513007E+000  7.6082291298759106E+000  7.9186451738009254E+000  8.1806438502648184E+000  8.4033197070721339E+000  8.6769157240983183E+000  8.8927458540095987E+000  9.1086834850016860E+000  9.2891576270868992E+000  9.3955770905989944E+000  9.4466780390737526E+000  9.4566910510625881E+000  9.4367393392548156E+000  9.3956458026531511E+000  9.3404666506827390E+000  9.2768861629546411E+000  9.1377218156559294E+000  9.0116585208362086E+000  8.9217277418968788E+000  8.9158317951749009E+000  8.9755096539469186E+000  9.0540806323153937E+000  9.1406255249616581E+000  9.2298398427187731E+000  9.3186752443450001E+000  9.4053039406214562E+000  9.4886433627104907E+000  9.5680629021791521E+000  9.6431027936579348E+000  9.7130466372904802E+000  9.7762686724714349E+000  9.8300949927272949E+000  9.8728049661546855E+000  9.9055305378159684E+000  9.9309356204560242E+000  9.9515142345684602E+000  9.9691005951790146E+000  9.9849617606475896E+000  1.0000000000000000E+001
  0.0000000000000000E+000  1.9164839164619538E+000  2.7124660351071888E+000  3.3106340754516523E+000  3.8429280400970858E+000  4.3532556296378244E+000  4.8613695174916556E+000  5.3134476859340145E+000  5.7032839082488920E+000  6.0449238383377093E+000  6.3480247413113684E+000  6.8633476013131434E+000  7.2880983349593134E+000  7.6445454569945896E+000  7.9472353998575205E+000  8.2062272832834058E+000  8.5274238411994112E+000  8.7838792616191768E+000  9.0445391063569751E+000  9.2675926529503112E+000  9.4039633672486378E+000  9.4744512981724220E+000  9.4954843918531431E+000  9.4804337594373447E+000  9.4402162686642370E+000  9.3836434891196561E+000  9.3177218515787938E+000  9.1739515028378023E+000  9.0452705830124280E+000  8.9519876183373679E+000  8.9220985505706398E+000  8.9696470685685554E+000  9.0308204611083145E+000  9.0965427609203946E+000  9.1630087533943723E+000  9.2284668454586711E+000  9.2922734993139038E+000  9.3544836689339643E+000  9.4156210464243451E+000  9.4764731497595118E+000  9.5377571314360967E+000  9.5994885280996645E+000  9.6603076629243088E+000  9.7180573383836979E+000  9.7716082870026497E+000  9.8213254225201752E+000  9.8681927326237080E+000  9.9131531276289966E+000  9.9569188912359223E+000  1.0000000000000000E+001
  0.0000000000000000E+000  2.0350353924513951E+000  2.7486701561206535E+000  3.2143093021144069E+000  3.5856348645653071E+000  3.9141802739010307E+000  4.2236015187520852E+000  4.5268164198847218E+000  4.8317215902939399E+000  5.1435535566251129E+000  5.4660176144723289E+000  6.0967533037599777E+000  6.6202034091504602E+000  7.0631426874410721E+000  7.4430208845475923E+000  7.7718649103688993E+000  8.1869610148600760E+000  8.5269850683529089E+000  8.8861838514649829E+000  9.2149331395133594E+000  9.4392732590158985E+000  9.5805065135329492E+000  9.6554717048361418E+000  9.6787623409067258E+000  9.6636605806071856E+000  9.6221720538079349E+000  9.5646168974614589E+000  9.4258789032439143E+000  9.2975566510749008E+000  9.2001853471941519E+000  9.1451767253057081E+000  9.1625655713867538E+000  9.1952437995834053E+000  9.2303882401468194E+000  9.2649863092599922E+000  9.2983405985585925E+000  9.3307919322541295E+000  9.3632983481615621E+000  9.3972475045318227E+000  9.4343150366395783E+000  9.4762185871161773E+000  9.5241751345679777E+000  9.5780735278039337E+000  9.6362168437196090E+000  9.6964529471053229E+000  9.7573618275574141E+000  9.8183294276122464E+000  9.8791475578506347E+000  9.9397299744287384E+000  1.0000000000000000E+001
  0.0000000000000000E+000  2.2512269043911624E+000  2.9824336407633294E+000  3.4177126378127367E+000  3.7300699748218893E+000  3.9766822782211491E+000  4.1835572880916168E+000  4.3650456356208425E+000  4.5305036963067868E+000  4.6877570772687633E+000  4.8447760245342906E+000  5.1688776184006535E+000  5.5188496872555861E+000  5.9051036238588033E+000  6.3354939781044433E+000  6.7758540001783194E+000  7.3402075204362651E+000  7.8132000067051273E+000  8.3310464480750319E+000  8.8366111623940604E+000  9.2198761945739758E+000  9.5046195012503283E+000  9.7073296712370478E+000  9.8404709884779766E+000  9.9146384949746480E+000  9.9401908702352859E+000  9.9284252339548651E+000  9.8257689922478040E+000  9.7054135810928255E+000  9.6065114251048094E+000  9.5391019323521320E+000  9.5132231834859553E+000  9.5119743616597177E+000  9.5133473177787948E+000  9.5135308109736911E+000  9.5124036006915560E+000  9.5109689709600254E+000  9.5107628109445574E+000  9.5136730212789828E+000  9.5218474552999250E+000  9.5375317543537825E+000  9.5626519388214124E+000  9.5980456550286206E+000  9.6428356864637248E+000  9.6948592191589373E+000  9.7518120729671818E+000  9.8119060664816455E+000  9.8738827806504688E+000  9.9368254569792231E+000  1.0000000000000000E+001
  0.0000000000000000E+000  1.6323312980989333E+000  2.4150626333698626E+000  2.9842176230748256E+000  3.4395421331437448E+000  3.8194667333276811E+000  4.1451092554460542E+000  4.4299042746197195E+000  4.6835802940380784E+000  4.9147756514380347E+000  5.1292066419500806E+000  5.5208663976999279E+000  5.8775122561947981E+000  6.2071899395715961E+000  6.5142637074421961E+000  6.8015004439700988E+000  7.1996121476556825E+000  7.5622571933033393E+000  7.9970127790612153E+000  8.4706372703557840E+000  8.8750366923271660E+000  9.2174021049938712E+000  9.5033068650711865E+000  9.7371913539847075E+000  9.9227154873714980E+000  1.0063027336124357E+001  1.0160955825010374E+001  1.0229126596695563E+001  1.0175201097703734E+001  1.0084464850710754E+001  1.0009975731664971E+001  9.9545189947008783E+000  9.9181252754886895E+000  9.8876100318842397E+000  9.8567523219430146E+000  9.8248395167943094E+000  9.7929361210557797E+000  9.7627287677383183E+000  9.7362102398826522E+000  9.7155888601352700E+000  9.7031935869671955E+000  9.7011929879509342E+000  9.7109893212596123E+000  9.7325247313497769E+000  9.7642243047803365E+000  9.8037583231566980E+000  9.8488411988778424E+000  9.8975615479104526E+000  9.9483767827573324E+000  1.0000000000000000E+001
  0.0000000000000000E+000  1.8823081444175764E+000  2.6537074027031400E+000  3.2247253434226946E+000  3.7240349637518206E+000  4.1934705631145919E+000  4.6510769255938671E+000  5.1055593866884230E+000  5.5004821967287381E+000  5.8468133155932458E+000  6.1547008034724939E+000  6.6804553802201889E+000  7.1172643560935303E+000  7.4876102218682155E+000  7.8062896001875730E+000  8.0836888108412399E+000  8.4377732128148164E+000  8.7347098486758483E+000  9.0628874071221528E+000  9.3933306378735910E+000  9.6599301999363796E+000  9.8783287197992315E+000  1.0058302129416273E+001  1.0206198763291903E+001  1.0326320379886164E+001  1.0421715564768952E+001  1.0494647381370930E+001  1.0577084651910651E+001  1.0587838100825566E+001  1.0539355334816122E+001  1.0463261017566840E+001  1.0394382152889245E+001  1.0334246756611760E+001  1.0279045077152604E+001  1.0224868266627073E+001  1.0170398460366201E+001  1.0116161644618842E+001  1.0063482948564438E+001  1.0014036631693131E+001  9.9697058760353183E+000  9.9325206971221380E+000  9.9044970131326675E+000  9.8872237921609205E+000  9.8812650187772686E+000  9.8858501404728418E+000  9.8992111000235283E+000  9.9192232154199491E+000  9.9438514770585389E+000  9.9713017663704733E+000  1.0000000000000000E+001
  0.0000000000000000E+000  2.3588397840535444E+000  3.1436724745126621E+000  3.6231399089706344E+000  3.9775380995846241E+000  4.2677356297563227E+000  4.5249894171096381E+000  4.7642045067118417E+000  4.9938582066518826E+000  5.2193684017554105E+000  5.4443892293861067E+000  5.9031536886475786E+000  6.3830397574839139E+000  6.8917234919094623E+000  7.3954104549823549E+000  7.8319468630868760E+000  8.3856643315380968E+000  8.8447689403095620E+000  9.3415218490679717E+000  9.8201469465997402E+000  1.0179455837540319E+001  1.0446745383334614E+001  1.0642400755862807E+001  1.0782492241853047E+001  1.0879835346273408E+001  1.0944496803340028E+001  1.0984207249717512E+001  1.1005039347048818E+001  1.0977241007773991E+001  1.0916794653845049E+001  1.0835896422933031E+001  1.0752368728614341E+001  1.0678297333359378E+001  1.0610081453136763E+001  1.0543831039692225E+001  1.0478041332188425E+001  1.0412612317790847E+001  1.0348198606650961E+001  1.0285832878563550E+001  1.0226774610271388E+001  1.0172469481920412E+001  1.0124484534886236E+001  1.0084275711950632E+001  1.0052752385563053E+001  1.0029892803675230E+001  1.0014754237688468E+001  1.0005836094762202E+001  1.0001466905156079E+001  1.0000024503360443E+001  1.0000000000000000E+001
  0.0000000000000000E+000  2.7904833913655591E+000  3.6705656032784031E+000  4.1814648250232480E+000  4.5390247159640404E+000  4.8137538081213185E+000  5.0370992019887577E+000  5.2257051330445279E+000  5.3894074218400663E+000  5.5344882078484812E+000  5.6652009756371360E+000  5.8943602947426958E+000  6.0935723581278189E+000  6.2725213644660629E+000  6.4379102652800890E+000  6.5951858223402615E+000  6.8285587742857716E+000  7.1010845971287955E+000  7.5678020951077700E+000  8.3338588181653019E+000  9.0615021862074556E+000  9.6418392001727025E+000  1.0104472259475344E+001  1.0470599543082871E+001  1.0755290008772274E+001  1.0969609143502469E+001  1.1122514035258213E+001  1.1261194271791018E+001  1.1258055436176418E+001  1.1183062933193918E+001  1.1082176967388277E+001  1.0980405535674546E+001  1.0891948336189866E+001  1.0817560488221512E+001  1.0750199744402900E+001  1.0685165644613235E+001  1.0620763440974388E+001  1.0556662959871412E+001  1.0493072892426236E+001  1.0430476190054145E+001  1.0369585774802681E+001  1.0311348907631407E+001  1.0256862559586827E+001  1.0207109495429870E+001  1.0162609180056986E+001  1.0123237075779338E+001  1.0088321822306552E+001  1.0056878410747903E+001  1.0027806974442930E+001  1.0000000000000000E+001
  0.0000000000000000E+000  2.9969216348390013E+000  3.9317874507797499E+000  4.4674415012405211E+000  4.8372627876245291E+000  5.1175215882500185E+000  5.3422119786768230E+000  5.5292983767962243E+000  5.6893710786811917E+000  5.8291707288371786E+000  5.9532391583661788E+000  6.1656155652583973E+000  6.3439940336141687E+000  6.4980833222539944E+000  6.6340429643992618E+000  6.7560200466892661E+000  6.9187975902246412E+000  7.0634313131280484E+000  7.2356909809609693E+000  7.4283774848570232E+000  7.6065910625837123E+000  7.7834104278798044E+000  8.0141113041255529E+000  8.4546301891721036E+000  8.9903955939712521E+000  9.4546691429247804E+000  9.8532790351423696E+000  1.0466117498885474E+001  1.0863406316861306E+001  1.1069190409825749E+001  1.1110752191428778E+001  1.1040582240314755E+001  1.0944489008435344E+001  1.0866363589876730E+001  1.0804449274928826E+001  1.0750030896296925E+001  1.0697808451289861E+001  1.0645477825840532E+001  1.0592143400247279E+001  1.0537476205005776E+001  1.0481464661809797E+001  1.0424411251532733E+001  1.0366947238163350E+001  1.0309919048425945E+001  1.0254131010484208E+001  1.0200094948572463E+001  1.0147940039516499E+001  1.0097478223749937E+001  1.0048324681632749E+001  1.0000000000000000E+001
  0.0000000000000000E+000  2.7627779563503694E+000  3.6552955353903323E+000  4.1771460187896903E+000  4.5419890869657804E+000  4.8206965169080149E+000  5.0452790282153925E+000  5.2328493929458597E+000  5.3935967770037667E+000  5.5340624318663991E+000  5.6586867131818996E+000  5.8716699583201653E+000  6.0498772853608749E+000  6.2030191597564253E+000  6.3372987312677820E+000  6.4569143226864911E+000  6.6149666421573521E+000  6.7535770355976954E+000  6.9159273412262996E+000  7.0933710261832132E+000  7.2532706793332000E+000  7.4091657412465626E+000  7.6259185380725434E+000  7.9849295738993042E+000  8.4140532060830768E+000  8.7968974603292889E+000  9.1376465176943515E+000  9.7038415290026681E+000  1.0135621790180069E+001  1.0448399869809279E+001  1.0654790029261584E+001  1.0766257895246577E+001  1.0794337626566373E+001  1.0749531883883614E+001  1.0695769614269107E+001  1.0659204637749884E+001  1.0627656529401690E+001  1.0596278009608348E+001  1.0562785838675556E+001  1.0526007649502757E+001  1.0485317401327048E+001  1.0440487314215538E+001  1.0391711009581632E+001  1.0339592034879191E+001  1.0284994862688176E+001  1.0228812475936707E+001  1.0171784893764164E+001  1.0114436601693404E+001  1.0057104349869393E+001  1.0000000000000000E+001
  0.0000000000000000E+000  2.7962130757987569E+000  3.6814031805538012E+000  4.1920463793127301E+000  4.5457757387650135E+000  4.8142635035531871E+000  5.0296465933386019E+000  5.2089866983380935E+000  5.3623777937909303E+000  5.4962622277758753E+000  5.6149899440271458E+000  5.8179338835801664E+000  5.9880245632548590E+000  6.1345973765928585E+000  6.2635738702683286E+000  6.3789349237390374E+000  6.5322099396033719E+000  6.6675464103442970E+000  6.8272141433142295E+000  7.0027150255558448E+000  7.1597544782215037E+000  7.3049176997731449E+000  7.4449254704622856E+000  7.5930782249120670E+000  7.8429416326452897E+000  8.2562537834236682E+000  8.6716726058221845E+000  9.3383943868883144E+000  9.8133784285888712E+000  1.0131715944649486E+001  1.0330718691218694E+001  1.0442959547206991E+001  1.0493063870252275E+001  1.0498775329639020E+001  1.0474242391534572E+001  1.0436827160774655E+001  1.0426456498079515E+001  1.0420073520474519E+001  1.0411993020755016E+001  1.0399761973124203E+001  1.0382034696756730E+001  1.0358114032239808E+001  1.0327836994701826E+001  1.0291552455591589E+001  1.0250038352875718E+001  1.0204325135258099E+001  1.0155502096066781E+001  1.0104588412647509E+001  1.0052487665160276E+001  1.0000000000000000E+001
  0.0000000000000000E+000  2.6081727504418257E+000  3.4761347019279127E+000  3.9941166490532720E+000  4.3615140771446868E+000  4.6450705286409519E+000  4.8752433427559643E+000  5.0684878068794497E+000  5.2347030624534163E+000  5.3803062348842401E+000  5.5096926939403481E+000  5.7310314214685958E+000  5.9162049588823846E+000  6.0751142858965874E+000  6.2141428308036817E+000  6.3376404420552772E+000  6.5001216330872849E+000  6.6417857297266085E+000  6.8063755641695813E+000  6.9840141701087148E+000  7.1411983897035212E+000  7.2902353942668752E+000  7.4754838640028067E+000  7.7503451891418429E+000  8.1295406573039148E+000  8.4677514981641462E+000  8.7680934079238018E+000  9.2636792448981460E+000  9.6363142163974462E+000  9.9041271830450412E+000  1.0083986216872848E+001  1.0191364357913793E+001  1.0240891450642936E+001  1.0246992900990367E+001  1.0224428414926088E+001  1.0188877951190854E+001  1.0155465374128264E+001  1.0162451031127022E+001  1.0176214081280312E+001  1.0188472640176759E+001  1.0196078202859157E+001  1.0197350239152597E+001  1.0191519175447297E+001  1.0178538477581343E+001  1.0158946462957898E+001  1.0133692790189167E+001  1.0103947907651467E+001  1.0070949275850996E+001  1.0035912460313886E+001  1.0000000000000000E+001
  0.0000000000000000E+000  2.1627213731716228E+000  2.9530215382575031E+000  3.4599520083491861E+000  3.8408740115868119E+000  4.1489841752412895E+000  4.4088795508695737E+000  4.6340767321047016E+000  4.8328803086904610E+000  5.0108117049516947E+000  5.1717657874162901E+000  5.4524796600790584E+000  5.6923465946116210E+000  5.9016916652252727E+000  6.0877935688378058E+000  6.2560993442398916E+000  6.4834643005577677E+000  6.6914837081509813E+000  6.9527781515112110E+000  7.2776218386360227E+000  7.6291610663343974E+000  8.0291609433640385E+000  8.3883524497048310E+000  8.7067793622366185E+000  8.9847273551561173E+000  9.2241083217305633E+000  9.4279967205962283E+000  9.7404816660234737E+000  9.9526205504889251E+000  1.0085829533341508E+001  1.0156437592021026E+001  1.0177750327156911E+001  1.0161497067545852E+001  1.0118646466508805E+001  1.0059882780321487E+001  9.9960051306016382E+000  9.9384672059352930E+000  9.9004532621485222E+000  9.9165672738606716E+000  9.9439759021254090E+000  9.9717948274529515E+000  9.9961020828653684E+000  1.0014931518260184E+001  1.0027447112162475E+001  1.0033637391931261E+001  1.0034086537648125E+001  1.0029757164277036E+001  1.0021809057436787E+001  1.0011476259520528E+001  1.0000000000000000E+001
  0.0000000000000000E+000  1.7357089952363391E+000  2.4638302523424018E+000  2.9897858536026547E+000  3.4285007371533327E+000  3.8180607363494787E+000  4.1755825747192885E+000  4.5101258571059732E+000  4.8270062163148415E+000  5.1295785868278312E+000  5.4192545464546535E+000  5.9248347546527302E+000  6.3566476608511140E+000  6.7328375193070258E+000  7.0652835801587841E+000  7.3622216638424547E+000  7.7532963859534307E+000  8.0919751871508367E+000  8.4781378163125769E+000  8.8777211642488183E+000  9.2052694259982726E+000  9.4755632132800294E+000  9.6993196658627792E+000  9.8844592400966462E+000  1.0036881411735404E+001  1.0161033251921559E+001  1.0260350225624350E+001  1.0393646984017227E+001  1.0455573534618519E+001  1.0460182574024847E+001  1.0420073657520202E+001  1.0346786500036904E+001  1.0250862285195192E+001  1.0141903319932922E+001  1.0028726646622037E+001  9.9196273679658233E+000  9.8227948749618363E+000  9.7471091599056958E+000  9.7046470336240152E+000  9.7268466622990974E+000  9.7630355883692204E+000  9.8019226375838375E+000  9.8394227508324690E+000  9.8735181820956104E+000  9.9033352648289874E+000  9.9287857322748483E+000  9.9503183758915679E+000  9.9687138628968714E+000  9.9849300574360349E+000  1.0000000000000000E+001
  0.0000000000000000E+000  1.9380379629151083E+000  2.7682201978785379E+000  3.3802327009193167E+000  3.9007544573383091E+000  4.3716192792973647E+000  4.8115174294788527E+000  5.2302508147205398E+000  5.6291894495320101E+000  5.9839768405026765E+000  6.3034435210557689E+000  6.8592429670929080E+000  7.3319235631572468E+000  7.7418703947626586E+000  8.1023867979671280E+000  8.4226499986750394E+000  8.8411266926924412E+000  9.1993810503900413E+000  9.6009279754490642E+000  1.0004276136539842E+001  1.0319954154512837E+001  1.0564070384344172E+001  1.0748917130238111E+001  1.0884450931713817E+001  1.0978990124024625E+001  1.1039543278276465E+001  1.1071991928569551E+001  1.1067950283663084E+001  1.1000436027418187E+001  1.0889710723754886E+001  1.0750321175141947E+001  1.0593326880103040E+001  1.0427634205484875E+001  1.0260766973769321E+001  1.0099325196418818E+001  9.9492996308006347E+000  9.8163674187650098E+000  9.7063305798330486E+000  9.6261685922315525E+000  9.5892521072698589E+000  9.6177286461352622E+000  9.6594048001800594E+000  9.7053740551824692E+000  9.7521692564919125E+000  9.7979928866801149E+000  9.8419742498279206E+000  9.8838680536321188E+000  9.9238523403336547E+000  9.9623686600003243E+000  1.0000000000000000E+001
  0.0000000000000000E+000  2.0731975784538799E+000  3.0198740934569299E+000  3.7395317166751121E+000  4.3610298220327666E+000  4.9274850750048840E+000  5.4586535897565573E+000  5.9194968235221967E+000  6.3235874255482232E+000  6.6835699092482406E+000  7.0081615990387744E+000  7.5738208271394170E+000  8.0555337298965490E+000  8.4735902444427946E+000  8.8412701421464437E+000  9.1677558409817408E+000  9.5938821152970757E+000  9.9577548135718494E+000  1.0363729227974327E+001  1.0767613619391149E+001  1.1077989396672471E+001  1.1310578541861664E+001  1.1477371254760534E+001  1.1588360359637992E+001  1.1652394361798283E+001  1.1677487519115727E+001  1.1670835942659840E+001  1.1581876676994900E+001  1.1430420074264196E+001  1.1242875404134020E+001  1.1036719644332329E+001  1.0823765360255825E+001  1.0612356963318650E+001  1.0408708767715300E+001  1.0217700874106747E+001  1.0043366103307600E+001  9.8892230539876245E+000  9.7585826815625811E+000  9.6550346858320761E+000  9.5838752035108890E+000  9.5656052202101396E+000  9.5981459551855846E+000  9.6414955650777259E+000  9.6899922514826766E+000  9.7410201265187393E+000  9.7930878194961579E+000  9.8453346474846892E+000  9.8973167777040114E+000  9.9488699502455802E+000  1.0000000000000000E+001
  0.0000000000000000E+000  2.2063318900353965E+000  3.2552022813205270E+000  4.0778544475658967E+000  4.8063637696189652E+000  5.4733495793384730E+000  6.0245491862741654E+000  6.4945888670748522E+000  6.9043657506481830E+000  7.2674771882811964E+000  7.5932766388386765E+000  8.1570669625663825E+000  8.6332270808203422E+000  9.0433529970284141E+000  9.4015438561344542E+000  9.7175296972137328E+000  1.0126728152874417E+001  1.0473146836775303E+001  1.0855921832780631E+001  1.1232149704450205E+001  1.1517194124685302E+001  1.1726872376848881E+001  1.1872686150225977E+001  1.1963738506448392E+001  1.2007877898166111E+001  1.2012342555593690E+001  1.1984011836015664E+001  1.1849077612842866E+001  1.1653309604405667E+001  1.1427619097989126E+001  1.1191565102487381E+001  1.0957120567218819E+001  1.0731718520947863E+001  1.0520148616601949E+001  1.0325645595014853E+001  1.0150512642822580E+001  9.9964980488951110E+000  9.8650536263363477E+000  9.7575629816894693E+000  9.6756727789041559E+000  9.6224273322147145E+000  9.6267293520900825E+000  9.6579828593689960E+000  9.6981280272632802E+000  9.7434229709978926E+000  9.7920214489961399E+000  9.8427383756826750E+000  9.8947180914483486E+000  9.9473108702386472E+000  1.0000000000000000E+001
  0.0000000000000000E+000  2.3191303188775887E+000  3.5716122988993475E+000  4.5845381950147575E+000  5.3481660950908401E+000  5.9559213005056373E+000  6.4622738882170712E+000  6.8969237849462308E+000  7.2779032415234175E+000  7.6170116565901820E+000  7.9224085876155232E+000  8.4533730723052134E+000  8.9036999067417266E+000  9.2926212942744009E+000  9.6327978954279754E+000  9.9330381561878873E+000  1.0321683500006905E+001  1.0650001234948865E+001  1.1011279648197426E+001  1.1363586553386385E+001  1.1627234820296167E+001  1.1817732040616564E+001  1.1946390152947131E+001  1.2022065054891200E+001  1.2052246955490718E+001  1.2043774435764785E+001  1.2003246499766918E+001  1.1845930453022596E+001  1.1633860789787501E+001  1.1400923262222758E+001  1.1167212117101073E+001  1.0943423120685004E+001  1.0735007195348356E+001  1.0544664186194973E+001  1.0373645856068315E+001  1.0222421211903841E+001  1.0091030985587754E+001  9.9793052731615770E+000  9.8870516489147455E+000  9.8143134083700456E+000  9.7618246014643706E+000  9.7321322093388130E+000  9.7454694251440284E+000  9.7704908665275845E+000  9.8015669981176732E+000  9.8368697507896279E+000  9.8752629946906918E+000  9.9158108831556557E+000  9.9576588523803888E+000  1.0000000000000000E+001
  0.0000000000000000E+000  2.4289399273184080E+000  3.7802440389271355E+000  4.8798030965630490E+000  5.6731430800413163E+000  6.2942338276938754E+000  6.8043528841006626E+000  7.2366953570589390E+000  7.6112951679858574E+000  7.9411898633446905E+000  8.2353504414161876E+000  8.7395275201201450E+000  9.1599424479881879E+000  9.5173864648479611E+000  9.8254800856533162E+000  1.0093665054167174E+001  1.0435018939570059E+001  1.0718100014479262E+001  1.1023158022490271E+001  1.1313102194143028E+001  1.1524018762133380E+001  1.1671443621398602E+001  1.1766229745279944E+001  1.1816392166893145E+001  1.1828267388385425E+001  1.1807320108934626E+001  1.1758735486097546E+001  1.1594737896100233E+001  1.1386284905769733E+001  1.1168696840263067E+001  1.0961657846078802E+001  1.0773347580766725E+001  1.0606210765106033E+001  1.0460230000814148E+001  1.0334381128556542E+001  1.0227243472925874E+001  1.0137255655694739E+001  1.0062822894201361E+001  1.0002356763778634E+001  9.9542752809035626E+000  9.9169916722577902E+000  9.8891437833297537E+000  9.8795131182196094E+000  9.8866013519055258E+000  9.8989740666234276E+000  9.9149593720421176E+000  9.9337600307724028E+000  9.9546906088341025E+000  9.9770275096723484E+000  1.0000000000000000E+001
  0.0000000000000000E+000  2.3678033767460636E+000  3.6669995155838202E+000  4.7691974084121602E+000  5.5614441094560041E+000  6.1795433562544675E+000  6.6855750485149059E+000  7.1131502275673224E+000  7.4825430129217843E+000  7.8069402988342320E+000  8.0954108937074576E+000  8.5878171669429477E+000  8.9962717940063985E+000  9.3417206194015936E+000  9.6378557579886692E+000  9.8941450696542983E+000  1.0217747568568381E+001  1.0483183411597203E+001  1.0764776172624131E+001  1.1025507813191894E+001  1.1207789242795080E+001  1.1327880798244584E+001  1.1397570076736848E+001  1.1425846156455993E+001  1.1419888731162182E+001  1.1385726449252223E+001  1.1328736006164718E+001  1.1161603278566540E+001  1.0966139566516519E+001  1.0777101572957809E+001  1.0612019000951962E+001  1.0474881923689431E+001  1.0364049315206314E+001  1.0276317233769509E+001  1.0208297548720205E+001  1.0156792381540221E+001  1.0118854823843016E+001  1.0091760168051946E+001  1.0072957174362141E+001  1.0060020506797528E+001  1.0050588303964016E+001  1.0042013682146303E+001  1.0026009870182623E+001  1.0017282808662969E+001  1.0011259977170399E+001  1.0006694752898053E+001  1.0003502387291684E+001  1.0001546013451922E+001  1.0000523124047637E+001  1.0000000000000000E+001
  0.0000000000000000E+000  2.2730041295278429E+000  3.5175776971836252E+000  4.5730565978417852E+000  5.3336494606798759E+000  5.9281501076721419E+000  6.4155194129525537E+000  6.8277223100214979E+000  7.1840639051695252E+000  7.4971156166670436E+000  7.7755329318042943E+000  8.2507099499095808E+000  8.6444970633267797E+000  8.9769941742228188E+000  9.2613763854317366E+000  9.5067807117649537E+000  9.8152413018592508E+000  1.0066551887062317E+001  1.0330470882885434E+001  1.0570606307894469E+001  1.0733913538275734E+001  1.0836826391473895E+001  1.0891458121099751E+001  1.0907200703463131E+001  1.0891647424404862E+001  1.0851182466246692E+001  1.0791412760899872E+001  1.0629214080002841E+001  1.0453148388291732E+001  1.0299404388543818E+001  1.0183442549051870E+001  1.0103861844958537E+001  1.0054283919102474E+001  1.0028299779120649E+001  1.0020432914735524E+001  1.0026088395390429E+001  1.0041344824640980E+001  1.0062763107591266E+001  1.0087226015515412E+001  1.0111779179950863E+001  1.0133398083484304E+001  1.0148448897120927E+001  1.0150662059582805E+001  1.0132729789466184E+001  1.0112590117909939E+001  1.0090763429815144E+001  1.0068152233309346E+001  1.0045331846722039E+001  1.0022585649032427E+001  1.0000000000000000E+001
  0.0000000000000000E+000  2.1616408575151933E+000  3.3121759224853653E+000  4.2887136951873481E+000  5.0414934466577153E+000  5.6287883825010843E+000  6.1092779220615263E+000  6.5147868183799691E+000  6.8645442124007490E+000  7.1710784077071912E+000  7.4430200351894076E+000  7.9052822481371754E+000  8.2862310387479390E+000  8.6059777014040861E+000  8.8777347124929307E+000  9.1106903519457223E+000  9.4008721734450944E+000  9.6346356179497921E+000  9.8765381942558790E+000  1.0091904220200810E+001  1.0233995306913197E+001  1.0319445372174968E+001  1.0360406244768882E+001  1.0366219093513777E+001  1.0344387852107499E+001  1.0301187243717379E+001  1.0242079879465640E+001  1.0090416860370155E+001  9.9363894369526964E+000  9.8191705191663665E+000  9.7529324200229173E+000  9.7293498921226043E+000  9.7369788152601906E+000  9.7667337191025556E+000  9.8117424406104430E+000  9.8666540263428093E+000  9.9271307732048850E+000  9.9895102256542767E+000  1.0050565992242570E+001  1.0107310009161955E+001  1.0156778484039052E+001  1.0195686138097068E+001  1.0219380646814368E+001  1.0208162976480425E+001  1.0181467859403822E+001  1.0149216618885848E+001  1.0113770556030669E+001  1.0076525867728741E+001  1.0038389995379497E+001  1.0000000000000000E+001
  0.0000000000000000E+000  2.1066150853674199E+000  3.2719245890175856E+000  4.2543869415528395E+000  4.9614724518860207E+000  5.5132206329923124E+000  5.9646317108149161E+000  6.3455531456044403E+000  6.6740315171129705E+000  6.9618330579147143E+000  7.2170691861202725E+000  7.6506636755938500E+000  8.0076779167435994E+000  8.3070454060141081E+000  8.5611994161613989E+000  8.7787756793948120E+000  9.0492263619571247E+000  9.2663124651162185E+000  9.4895503837323538E+000  9.6856941481091035E+000  9.8118355185112609E+000  9.8840056582627742E+000  9.9142097773667128E+000  9.9118891117984944E+000  9.8847401274903888E+000  9.8392135616538372E+000  9.7808541183350037E+000  9.6394444105247441E+000  9.5047934033966701E+000  9.4188608713910398E+000  9.3965978958981680E+000  9.4202999382226231E+000  9.4734079293554245E+000  9.5451547813660831E+000  9.6282131966957394E+000  9.7172256305159763E+000  9.8080373408234749E+000  9.8972618121191136E+000  9.9820018498648135E+000  1.0059636277208444E+001  1.0127602392104713E+001  1.0183051122324345E+001  1.0221874537885322E+001  1.0230944267522444E+001  1.0205906671696104E+001  1.0171448215187270E+001  1.0131853299169046E+001  1.0089213045587805E+001  1.0044910554061408E+001  1.0000000000000000E+001
  0.0000000000000000E+000  2.0212507569237013E+000  3.0823839719620585E+000  3.9838596189161763E+000  4.7071158997701810E+000  5.2712629009057208E+000  5.7325810491857991E+000  6.1216055014287036E+000  6.4567931040630873E+000  6.7501737331603167E+000  7.0100383016220018E+000  7.4504968600238168E+000  7.8117563869318332E+000  8.1132023062192786E+000  8.3676053842913358E+000  8.5838812537336917E+000  8.8499111968205852E+000  9.0604025582292245E+000  9.2724643861733469E+000  9.4527589605173041E+000  9.5630933947756791E+000  9.6209042156790510E+000  9.6390609924423796E+000  9.6274654504956487E+000  9.5939997042398044E+000  9.5451249021607154E+000  9.4862822013448458E+000  9.3519170975758090E+000  9.2310331506879528E+000  9.1654795000689475E+000  9.1762159636654879E+000  9.2326908223033506E+000  9.3138629716874846E+000  9.4086823281663410E+000  9.5103262622030726E+000  9.6140895263225925E+000  9.7164881738249935E+000  9.8147978474038435E+000  9.9067744267011992E+000  9.9904540681732552E+000  1.0063972650975876E+001  1.0125335062387693E+001  1.0171927054811730E+001  1.0198110399705588E+001  1.0184211565334472E+001  1.0155729179730395E+001  1.0120780054004943E+001  1.0082141287553151E+001  1.0041468467481572E+001  1.0000000000000000E+001
  0.0000000000000000E+000  1.9468886688781391E+000  2.8865480455787189E+000  3.6580481763424535E+000  4.3792239269632063E+000  4.9703501977917970E+000  5.4533788549694364E+000  5.8605677732330657E+000  6.2113877338889436E+000  6.5185114501424559E+000  6.7906601155518267E+000  7.2523670959664468E+000  7.6317174535140841E+000  7.9489418423445732E+000  8.2173056177291901E+000  8.4460210240498981E+000  8.7282148135750131E+000  8.9521753435507865E+000  9.1782760317568748E+000  9.3702809763155699E+000  9.4867914855959405E+000  9.5464636816545454E+000  9.5635664944300647E+000  9.5493886078421646E+000  9.5130233719674067E+000  9.4618701268230048E+000  9.4020025943300976E+000  9.2704977887347937E+000  9.1570580996974442E+000  9.0977435091485734E+000  9.1271297624914691E+000  9.1982663538148373E+000  9.2873467922839872E+000  9.3845189291767817E+000  9.4841904232581005E+000  9.5827424195098985E+000  9.6776661869160190E+000  9.7671371125842104E+000  9.8497676694157281E+000  9.9244446815153395E+000  9.9902044950589186E+000  1.0046106147767762E+001  1.0091008568840490E+001  1.0122712443859902E+001  1.0125238191064422E+001  1.0108684740466513E+001  1.0085370058657274E+001  1.0058467581959377E+001  1.0029624857541366E+001  1.0000000000000000E+001
  0.0000000000000000E+000  1.9388130089101752E+000  2.7336457493522635E+000  3.3244390497779768E+000  3.8456229108505759E+000  4.3419907276008676E+000  4.8337734510424681E+000  5.2949106012289153E+000  5.6929347108640664E+000  6.0420859623217247E+000  6.3521560410796960E+000  6.8801620934719274E+000  7.3163266495588237E+000  7.6832481787477906E+000  7.9956994425011700E+000  8.2639038361018198E+000  8.5981604768517350E+000  8.8670031493127652E+000  9.1434395789243617E+000  9.3852227801610866E+000  9.5391091477836696E+000  9.6256401650609380E+000  9.6609894945019406E+000  9.6584215053864195E+000  9.6289613180506155E+000  9.5817329279802532E+000  9.5241991702479876E+000  9.3956317607868645E+000  9.2849358198170648E+000  9.2200918239265590E+000  9.2514262173903408E+000  9.3181113452860789E+000  9.3957611771831111E+000  9.4764868859023075E+000  9.5561910598249451E+000  9.6324911841239338E+000  9.7039525394706860E+000  9.7697167605566371E+000  9.8292949501479274E+000  9.8824413002145359E+000  9.9290680594869922E+000  9.9691759867389571E+000  1.0002771567675412E+001  1.0029724054105539E+001  1.0045615742716276E+001  1.0043387879568968E+001  1.0035370432805305E+001  1.0024681968402687E+001  1.0012622491907029E+001  1.0000000000000000E+001
  0.0000000000000000E+000  2.0730702874930835E+000  2.7927679353394037E+000  3.2573885710757708E+000  3.6238948932395498E+000  3.9448863412389050E+000  4.2444932069009349E+000  4.5358903590644770E+000  4.8271386610836169E+000  5.1235965672492814E+000  5.4290715450087648E+000  6.0753580398807507E+000  6.6130396850577595E+000  7.0692136918099653E+000  7.4615433098720336E+000  7.8022052326260143E+000  8.2341011909878024E+000  8.5900197689246021E+000  8.9693872313119822E+000  9.3222019421841686E+000  9.5697100745587544E+000  9.7333645740621915E+000  9.8298041072765638E+000  9.8731243297669771E+000  9.8760083051576562E+000  9.8500698208284607E+000  9.8056879495460194E+000  9.6868449251664419E+000  9.5770669236212616E+000  9.5035116850842485E+000  9.5172667165028848E+000  9.5627529551310069E+000  9.6140467016513078E+000  9.6647324978107179E+000  9.7120426489481790E+000  9.7547455994225398E+000  9.7924059872659939E+000  9.8250487091938439E+000  9.8529856312285347E+000  9.8767211059201454E+000  9.8969032826484664E+000  9.9143152909206673E+000  9.9299482784314996E+000  9.9454268784055664E+000  9.9645367929735968E+000  9.9754872870619149E+000  9.9827536796640644E+000  9.9888678472701216E+000  9.9945272605380033E+000  1.0000000000000000E+001
  0.0000000000000000E+000  2.2989352712902607E+000  3.0434303699729659E+000  3.4852338465584305E+000  3.8011286472304442E+000  4.0494311964493539E+000  4.2565352533512728E+000  4.4368045621610630E+000  4.5992514225435031E+000  4.7504721713944678E+000  4.8969782407975710E+000  5.1970149813292483E+000  5.5190056317769516E+000  5.8733561640042113E+000  6.2677093221655200E+000  6.7082207202371213E+000  7.2975753653450273E+000  7.7920125654109995E+000  8.3355113691040454E+000  8.8705655623050070E+000  9.2813122209651571E+000  9.5922067243270828E+000  9.8203579123588209E+000  9.9786605322026922E+000  1.0077798226190865E+001  1.0127698893790564E+001  1.0138591844700608E+001  1.0069222151337035E+001  9.9691465342682992E+000  9.8907575153430116E+000  9.8629888310368425E+000  9.8779984734440749E+000  9.8957245811639112E+000  9.9102915170783223E+000  9.9201903466278107E+000  9.9252235023395610E+000  9.9257999696775734E+000  9.9226552404479555E+000  9.9167184715615058E+000  9.9090520996234623E+000  9.9008405658329259E+000  9.8934373077447813E+000  9.8885426543585595E+000  9.8888434134328342E+000  9.9007603695070472E+000  9.9197978866668457E+000  9.9388976950208985E+000  9.9587629614713880E+000  9.9792505312423199E+000  1.0000000000000000E+001
  0.0000000000000000E+000  1.6583294033467399E+000  2.4454532406635869E+000  3.0149201090814244E+000  3.4688974116068434E+000  3.8463686489379012E+000  4.1684185175338184E+000  4.4488968858103268E+000  4.6975449672400948E+000  4.9224648627663061E+000  5.1300359105512108E+000  5.5083756195187359E+000  5.8558351620060414E+000  6.1793839114212608E+000  6.4826297462779436E+000  6.7678695551373238E+000  7.1656770308707900E+000  7.5304029777193575E+000  7.9706492902702060E+000  8.4542118037748324E+000  8.8708836694012341E+000  9.2272352687084904E+000  9.5284925524628026E+000  9.7789050845119050E+000  9.9820297520266532E+000  1.0140959798534146E+001  1.0258506168706313E+001  1.0371430895495894E+001  1.0360834962065626E+001  1.0291369835339237E+001  1.0231227411316773E+001  1.0202507005392745E+001  1.0184201724389604E+001  1.0163763128643339E+001  1.0138756012942325E+001  1.0109420845673634E+001  1.0076723422844513E+001  1.0041871730794018E+001  1.0006177540877522E+001  9.9710206051856183E+000  9.9378643462899916E+000  9.9083288464858938E+000  9.8843847753939968E+000  9.8689309144059614E+000  9.8681565549122077E+000  9.8874030841925613E+000  9.9123485266832496E+000  9.9402000445687690E+000  9.9697482478677006E+000  1.0000000000000000E+001
  0.0000000000000000E+000  1.8812448890281412E+000  2.6490451674261384E+000  3.2157829312556721E+000  3.7103665788370201E+000  4.1746396165681849E+000  4.6265524745362301E+000  5.0746913760324235E+000  5.4718958443781771E+000  5.8199771669340716E+000  6.1291267537699188E+000  6.6563591187613085E+000  7.0940689897401512E+000  7.4650722274454600E+000  7.7842903817613784E+000  8.0621731799998440E+000  8.4169676325871094E+000  8.7147199291050228E+000  9.0442912672378046E+000  9.3771182021426203E+000  9.6468435864748763E+000  9.8690769135639673E+000  1.0053545786249762E+001  1.0206555229990068E+001  1.0332373739992143E+001  1.0434027967474556E+001  1.0513772574442482E+001  1.0612046420855016E+001  1.0641315768020322E+001  1.0614253925896547E+001  1.0552126735485018E+001  1.0486266738585272E+001  1.0429917569363774E+001  1.0378015058554547E+001  1.0325302134477093E+001  1.0270397306591818E+001  1.0213829650945696E+001  1.0156763334699658E+001  1.0100546758420217E+001  1.0046584599492864E+001  9.9963293492939567E+000  9.9513413346418407E+000  9.9134463356602858E+000  9.8851735620883971E+000  9.8715221572406477E+000  9.8833327778257569E+000  9.9072229314855367E+000  9.9360663598787049E+000  9.9675020853957061E+000  1.0000000000000000E+001
  0.0000000000000000E+000  2.3692155232354253E+000  3.1548756666900961E+000  3.6331497821550847E+000  3.9851051650254044E+000  4.2714810582544755E+000  4.5222925458305845E+000  4.7545829960383372E+000  4.9768474526044164E+000  5.1945089153795827E+000  5.4112219774032351E+000  5.8519678726914801E+000  6.3120310486177456E+000  6.7992025119149373E+000  7.3085441481393572E+000  7.7502951015623909E+000  8.3109090020569099E+000  8.7756466234818067E+000  9.2779360271309201E+000  9.7607087283979084E+000  1.0122016180715363E+001  1.0389972945456162E+001  1.0585570765653392E+001  1.0725289160210858E+001  1.0822179555589051E+001  1.0886408487807659E+001  1.0925717392033246E+001  1.0946093875192501E+001  1.0917829006080298E+001  1.0857148093924009E+001  1.0775919048164726E+001  1.0686286988427931E+001  1.0599863581826089E+001  1.0521141652941107E+001  1.0448098915307510E+001  1.0377905950425868E+001  1.0309292285317984E+001  1.0242305991268855E+001  1.0177665501819700E+001  1.0116367250990018E+001  1.0059524347456698E+001  1.0008340817309593E+001  9.9641917946378573E+000  9.9289044949006104E+000  9.9059269111590922E+000  9.9059219588678875E+000  9.9226705134516795E+000  9.9459331955923318E+000  9.9723331658059671E+000  1.0000000000000000E+001
  0.0000000000000000E+000  2.7958515175961778E+000  3.6753833248486383E+000  4.1850164836026655E+000  4.5411353589023529E+000  4.8143735281766542E+000  5.0362142078652310E+000  5.2233111585729395E+000  5.3854999968872157E+000  5.5290583930057782E+000  5.6582329844114128E+000  5.8842273672854590E+000  6.0800819669624024E+000  6.2553356819480159E+000  6.4164455428164651E+000  6.5683845607171758E+000  6.7891154765427997E+000  7.0251928221554181E+000  7.4408036264887691E+000  8.1370501436351006E+000  8.8781168019412160E+000  9.4710741069516420E+000  9.9440249637471840E+000  1.0317472557870968E+001  1.0606644896149080E+001  1.0823117485975102E+001  1.0976286477066390E+001  1.1111011087137260E+001  1.1099661452621094E+001  1.1013878735645386E+001  1.0900100366622867E+001  1.0782032570736373E+001  1.0671690868495665E+001  1.0574427097862126E+001  1.0489804601395170E+001  1.0414404296463797E+001  1.0345143607169740E+001  1.0280351226384921E+001  1.0219476628438645E+001  1.0162611383565462E+001  1.0110169715040826E+001  1.0062730472612650E+001  1.0020998592014871E+001  9.9859019012489121E+000  9.9591609710556064E+000  9.9477300555009620E+000  9.9534987028912010E+000  9.9664374815927825E+000  9.9825836926972720E+000  1.0000000000000000E+001
  0.0000000000000000E+000  2.9856059110941580E+000  3.9144268323399336E+000  4.4458027270587444E+000  4.8122986389590992E+000  5.0898304601003339E+000  5.3122025285488705E+000  5.4972653154646478E+000  5.6555352328788651E+000  5.7937022474631883E+000  5.9162718759100281E+000  6.1259560894802725E+000  6.3019240793894404E+000  6.4537892050271033E+000  6.5876444799348972E+000  6.7075869548772999E+000  6.8673608313561108E+000  7.0089395986899774E+000  7.1768576121835714E+000  7.3632196221973327E+000  7.5330300311009664E+000  7.6960457365819535E+000  7.8728538266681580E+000  8.2137839223346152E+000  8.7483902951775523E+000  9.2127528875151032E+000  9.6120113515414918E+000  1.0226108404374568E+001  1.0621001732436554E+001  1.0818200209564999E+001  1.0844613138861943E+001  1.0757500169460901E+001  1.0639056056316793E+001  1.0532273008869922E+001  1.0444914382368991E+001  1.0373904767767788E+001  1.0314298754968970E+001  1.0262273367648561E+001  1.0215605539908188E+001  1.0173203728971595E+001  1.0134594057989462E+001  1.0099594796572324E+001  1.0068142534780796E+001  1.0040204870223070E+001  1.0015830190607005E+001  9.9974714774821116E+000  9.9916212891584344E+000  9.9922435462602408E+000  9.9955948300347188E+000  1.0000000000000000E+001
  0.0000000000000000E+000  2.7652386775843647E+000  3.6557811183322166E+000  4.1753560936163820E+000  4.5380346709268906E+000  4.8147535621529629E+000  5.0375198149764229E+000  5.2234273651558070E+000  5.3826448121715238E+000  5.5216946680226080E+000  5.6450010990797539E+000  5.8555922191515162E+000  6.0316584653913186E+000  6.1828461801556545E+000  6.3153091371698444E+000  6.4332055996621209E+000  6.5887904029027906E+000  6.7249681482367709E+000  6.8839403817526463E+000  7.0564358871517250E+000  7.2092496673163815E+000  7.3511911361315407E+000  7.4978083514096818E+000  7.7431579649985673E+000  8.1430554967454434E+000  8.5282891713793418E+000  8.8703864732746300E+000  9.4365661578717273E+000  9.8654176168677168E+000  1.0171908896933889E+001  1.0367614966385386E+001  1.0462749948163973E+001  1.0467916393790254E+001  1.0399552038165083E+001  1.0318612528802333E+001  1.0261252372153036E+001  1.0220198290451261E+001  1.0189188007955739E+001  1.0164428666985255E+001  1.0143635861977321E+001  1.0125447100187797E+001  1.0108970123366090E+001  1.0093462199465652E+001  1.0078075349621848E+001  1.0061540429793109E+001  1.0042720203337549E+001  1.0027967456322797E+001  1.0017314558943509E+001  1.0008343691434616E+001  1.0000000000000000E+001
  0.0000000000000000E+000  2.8039373032775776E+000  3.6893759301197409E+000  4.1993907514826674E+000  4.5523191376661467E+000  4.8199916660772306E+000  5.0345876064440533E+000  5.2131782931998085E+000  5.3658569976596890E+000  5.4990621295602145E+000  5.6171389295096521E+000  5.8188501071497196E+000  5.9877714848141190E+000  6.1332132308684360E+000  6.2610765936110981E+000  6.3753254325582400E+000  6.5269031778016418E+000  6.6604635112130959E+000  6.8175600105007614E+000  6.9893266194878665E+000  7.1416734365449361E+000  7.2804297800919135E+000  7.4104221718100751E+000  7.5372875403007704E+000  7.6741183251209009E+000  7.9210779121032324E+000  8.3325685569412169E+000  9.0353854043293396E+000  9.5396797949696932E+000  9.8762281773483842E+000  1.0080646054681736E+001  1.0187303653192860E+001  1.0223858014212770E+001  1.0210438675566849E+001  1.0162562668464689E+001  1.0103164508834618E+001  1.0079822718735230E+001  1.0073316033570942E+001  1.0073987168250671E+001  1.0077966818971676E+001  1.0083056222129080E+001  1.0087767573169012E+001  1.0090863896983768E+001  1.0090977226715109E+001  1.0086079293694384E+001  1.0072922467117102E+001  1.0054499207487453E+001  1.0036233025881115E+001  1.0018101637731572E+001  1.0000000000000000E+001
  0.0000000000000000E+000  2.6476183808095151E+000  3.5252895172952559E+000  4.0474743019835788E+000  4.4169700659843603E+000  4.7016128584412753E+000  4.9323284020683449E+000  5.1258051522591304E+000  5.2920692525540547E+000  5.4376111753819680E+000  5.5668703441769161E+000  5.7878562956361197E+000  5.9726296434917341E+000  6.1311344101330825E+000  6.2697664441456880E+000  6.3928733092706880E+000  6.5547605362639914E+000  6.6957612907061748E+000  6.8592142585121678E+000  7.0345262371284027E+000  7.1869303078624283E+000  7.3237866786812287E+000  7.4529889792917183E+000  7.5974824164814860E+000  7.8286597865071048E+000  8.1689208427367408E+000  8.4866534391216089E+000  9.0158512625204565E+000  9.4163767780177832E+000  9.7054303628460570E+000  9.8999013154802018E+000  1.0015497848381722E+001  1.0067098048685908E+001  1.0069470779199449E+001  1.0038017576356497E+001  9.9895860325200836E+000  9.9417854797624141E+000  9.9454788889404266E+000  9.9657760863186322E+000  9.9908634590423464E+000  1.0016685811039146E+001  1.0040849500059508E+001  1.0061572375923795E+001  1.0077135695575485E+001  1.0085238376421678E+001  1.0081875537590648E+001  1.0065915095546034E+001  1.0045312955185022E+001  1.0022987489666843E+001  1.0000000000000000E+001
  0.0000000000000000E+000  2.2491292082843652E+000  3.0631606409795307E+000  3.5814977688111957E+000  3.9686631737426463E+000  4.2802202849629065E+000  4.5418254606696813E+000  4.7675513168211721E+000  4.9660232231816162E+000  5.1429585817942760E+000  5.3023758304650661E+000  5.5787196396211014E+000  5.8126910804123328E+000  6.0147173563927518E+000  6.1920583049651770E+000  6.3500727261271459E+000  6.5588863146252132E+000  6.7440402251656195E+000  6.9670060153422559E+000  7.2285289381544908E+000  7.4953098241488734E+000  7.7905395363022087E+000  8.1360492923712453E+000  8.4693073523762177E+000  8.7672476412532134E+000  9.0285355920276302E+000  9.2541529831497087E+000  9.6055759475122606E+000  9.8487317163816108E+000  1.0005983296414552E+001  1.0094780724136092E+001  1.0129154038840261E+001  1.0121301550646148E+001  1.0082610344300221E+001  1.0024286100253432E+001  9.9578819608766871E+000  9.8959639250850024E+000  9.8531204321703036E+000  9.8722297471154778E+000  9.9065562501890287E+000  9.9442822255734580E+000  9.9810755540762646E+000  1.0014296491616536E+001  1.0041838282711332E+001  1.0061363143772384E+001  1.0069016964525323E+001  1.0060670524080496E+001  1.0043280922066646E+001  1.0022309708317493E+001  1.0000000000000000E+001
  0.0000000000000000E+000  1.7435386348707334E+000  2.4707362886699902E+000  2.9935504348347384E+000  3.4278763613118888E+000  3.8121501006493372E+000  4.1636705560438445E+000  4.4916153307660895E+000  4.8013871182945902E+000  5.0964086288073336E+000  5.3789773764566684E+000  5.8839100206301538E+000  6.3147094196427123E+000  6.6895799685544990E+000  7.0205194069898154E+000  7.3158811109325130E+000  7.7046686846098460E+000  8.0413894751536397E+000  8.4257307594189008E+000  8.8245631528462347E+000  9.1531076075802726E+000  9.4260714154021947E+000  9.6541294053787912E+000  9.8451878451242578E+000  1.0005091967528985E+001  1.0138150016614640E+001  1.0247573106221436E+001  1.0403848820112122E+001  1.0489690125222563E+001  1.0516839527421721E+001  1.0496358459308350E+001  1.0439031405438392E+001  1.0355255993822198E+001  1.0254885622790320E+001  1.0147204456308884E+001  1.0041084674856929E+001  9.9453809729858555E+000  9.8698347603249914E+000  9.8281263183846530E+000  9.8499017956312542E+000  9.8864676617107463E+000  9.9255864589736653E+000  9.9629965687072009E+000  9.9960867591492253E+000  1.0022599119667868E+001  1.0039346704322689E+001  1.0041151508052623E+001  1.0031407386169747E+001  1.0016637792593491E+001  1.0000000000000000E+001
  0.0000000000000000E+000  1.9406169128711153E+000  2.7671418496548843E+000  3.3738451111737811E+000  3.8880647084548663E+000  4.3518585658980733E+000  4.7840226000951951E+000  5.1944177186358491E+000  5.5887559194021339E+000  5.9452808849179553E+000  6.2664268839791717E+000  6.8254853963041935E+000  7.3013812162557823E+000  7.7145780242229929E+000  8.0784380507313021E+000  8.4021844796002760E+000  8.8262335511548482E+000  9.1905456214547208E+000  9.6010316294279505E+000  1.0016969011676171E+001  1.0346599237453511E+001  1.0605647586460821E+001  1.0805915927718424E+001  1.0956883256027671E+001  1.1066496344028510E+001  1.1141534300846864E+001  1.1187775179512307E+001  1.1209098941115089E+001  1.1164251025413904E+001  1.1073607049886544E+001  1.0951694861155470E+001  1.0809530828699929E+001  1.0656047963417976E+001  1.0498901210094452E+001  1.0344914491606845E+001  1.0200354478688826E+001  1.0071160188098769E+001  9.9632677394347890E+000  9.8833941942037900E+000  9.8425094445802728E+000  9.8584702320843594E+000  9.8892447638661949E+000  9.9219688873750798E+000  9.9530723352635402E+000  9.9804711307691800E+000  1.0001935808327596E+001  1.0013024993636282E+001  1.0013100658223584E+001  1.0007605389733580E+001  1.0000000000000000E+001
  0.0000000000000000E+000  2.0821294065045568E+000  3.0260808122114611E+000  3.7403488279123591E+000  4.3550665871858332E+000  4.9137585647474848E+000  5.4363453337380907E+000  5.9019886575263776E+000  6.3103932255210218E+000  6.6743347702379108E+000  7.0026196886214231E+000  7.5750927187944148E+000  8.0631327782770565E+000  8.4872278446154574E+000  8.8607864866298254E+000  9.1930802310041813E+000  9.6279262750970851E+000  1.0000656883956719E+001  1.0418844518118521E+001  1.0838845957524207E+001  1.1166342005059381E+001  1.1416963185496567E+001  1.1602411824412947E+001  1.1732229839056480E+001  1.1814739169266137E+001  1.1857468205050738E+001  1.1867261641509637E+001  1.1806838833064612E+001  1.1678572262989427E+001  1.1509873331801522E+001  1.1319168962455542E+001  1.1118948931148871E+001  1.0918009745299022E+001  1.0722876459143253E+001  1.0538651382957328E+001  1.0369515935975963E+001  1.0219043082028763E+001  1.0090434840463361E+001  9.9868146294307305E+000  9.9119195717095536E+000  9.8736465032051974E+000  9.8807170858911348E+000  9.9011754033154045E+000  9.9238788584342110E+000  9.9462899444830430E+000  9.9671712877781893E+000  9.9838272919355475E+000  9.9930681860712287E+000  9.9975014684398076E+000  1.0000000000000000E+001
  0.0000000000000000E+000  2.2181116514457280E+000  3.2641492210891654E+000  4.0804278464856090E+000  4.8006636595508860E+000  5.4687729682840871E+000  6.0260209680578756E+000  6.5015230285791867E+000  6.9163265143989241E+000  7.2841280485722963E+000  7.6143504674675064E+000  8.1863754923007939E+000  8.6701725145254684E+000  9.0875108697772724E+000  9.4526077431457800E+000  9.7752785971819076E+000  1.0194233922999798E+001  1.0550221511579918E+001  1.0945681345981168E+001  1.1337939292861190E+001  1.1639438861553586E+001  1.1866137259848886E+001  1.2029527862013097E+001  1.2138534185970414E+001  1.2200648947268858E+001  1.2222622225479459E+001  1.2210813559087756E+001  1.2104283426356202E+001  1.1930121877883483E+001  1.1720376946977062E+001  1.1496227305188642E+001  1.1270900484330674E+001  1.1052628524779324E+001  1.0846664454198619E+001  1.0656477753299862E+001  1.0484431098143496E+001  1.0332163559338788E+001  1.0200820008933350E+001  1.0091223046443041E+001  1.0004105106076825E+001  9.9407486179076159E+000  9.9065553714519652E+000  9.9051199492142921E+000  9.9147920639672726E+000  9.9280083100680319E+000  9.9436945761743782E+000  9.9609697747638748E+000  9.9761976006294546E+000  9.9887375082774472E+000  1.0000000000000000E+001
  0.0000000000000000E+000  2.3274833449564771E+000  3.5761162615080178E+000  4.5822121995771763E+000  5.3540987945116223E+000  5.9684612961548966E+000  6.4804045792753335E+000  6.9199645144226896E+000  7.3053715210178369E+000  7.6485510958235814E+000  7.9577476512804237E+000  8.4957089482401269E+000  8.9524840122859288E+000  9.3474823495348556E+000  9.6934756517880061E+000  9.9993464399255689E+000  1.0396204420342119E+001  1.0732555993594152E+001  1.1104430740166405E+001  1.1470016477722698E+001  1.1747173696762367E+001  1.1951572354757287E+001  1.2094603960927602E+001  1.2185090699649196E+001  1.2230337172284717E+001  1.2236820391782500E+001  1.2210628150562714E+001  1.2077925171982979E+001  1.1883069003877992E+001  1.1660823486783727E+001  1.1433497984356737E+001  1.1213581031210289E+001  1.1007586070469332E+001  1.0818749602077023E+001  1.0648537404443626E+001  1.0497422971922036E+001  1.0365282788929694E+001  1.0251599603148700E+001  1.0155574681068968E+001  1.0076212486487886E+001  1.0012469283845361E+001  9.9638689064551968E+000  9.9345755583330018E+000  9.9270191406700388E+000  9.9287663032779889E+000  9.9363064847851330E+000  9.9497306350575734E+000  9.9663770964762382E+000  9.9832959344529435E+000  1.0000000000000000E+001
