  0.0000000000000000E+000  0.0000000000000000E+000  0.0000000000000000E+000  0.0000000000000000E+000  0.0000000000000000E+000  0.0000000000000000E+000  0.0000000000000000E+000  0.0000000000000000E+000  0.0000000000000000E+000  0.0000000000000000E+000  0.0000000000000000E+000  0.0000000000000000E+000  0.0000000000000000E+000  0.0000000000000000E+000  0.0000000000000000E+000  0.0000000000000000E+000  0.0000000000000000E+000  0.0000000000000000E+000  0.0000000000000000E+000  0.0000000000000000E+000  0.0000000000000000E+000  0.0000000000000000E+000  0.0000000000000000E+000  0.0000000000000000E+000  0.0000000000000000E+000  0.0000000000000000E+000  0.0000000000000000E+000  0.0000000000000000E+000  0.0000000000000000E+000  0.0000000000000000E+000  0.0000000000000000E+000  0.0000000000000000E+000  0.0000000000000000E+000  0.0000000000000000E+000  0.0000000000000000E+000  0.0000000000000000E+000  0.0000000000000000E+000  0.0000000000000000E+000  0.0000000000000000E+000  0.0000000000000000E+000  0.0000000000000000E+000  0.0000000000000000E+000  0.0000000000000000E+000  0.0000000000000000E+000  0.0000000000000000E+000  0.0000000000000000E+000  0.0000000000000000E+000  0.0000000000000000E+000  0.0000000000000000E+000  0.0000000000000000E+000
  0.0000000000000000E+000  2.5841296143850734E+000  3.3086289538601070E+000  3.6631726339360013E+000  3.8560161466149458E+000  3.9555127417138300E+000  3.9958387444488506E+000  4.0006406213374044E+000  3.9862278632812811E+000  3.9621593101055304E+000  3.9334967946150772E+000  3.8706411165178056E+000  3.8079142849284335E+000  3.7478752770821604E+000  3.6907666687150398E+000  3.6512265213417643E+000  3.6058920143706810E+000  3.5664883144112030E+000  3.5176366377695691E+000  3.4591444056334018E+000  3.4022073564159565E+000  3.3463951873574156E+000  3.2915415855649228E+000  3.2375711576491644E+000  3.1844472468209220E+000  3.1321533570718092E+000  3.0806854112792537E+000  2.9801235252813241E+000  2.8830089223457707E+000  2.7895074771788488E+000  2.6998021916846962E+000  2.6140291817666168E+000  2.5321467123054844E+000  2.4536119834340067E+000  2.3764472458089125E+000  2.2941518020964424E+000  2.1855031585257749E+000  2.0328643770667973E+000  1.8767750096535096E+000  1.7159765355896537E+000  1.5510254594232249E+000  1.3828686982550047E+000  1.2123260993466025E+000  1.0400893283333643E+000  8.6676622495246836E-001  6.9289058762658107E-001  5.1892047708326317E-001  3.4524104787812615E-001  1.7217507932469683E-001  0.0000000000000000E+000
  0.0000000000000000E+000  2.5386675652877946E+000  3.8926239908666713E+000  4.6456510433184244E+000  5.1426936455785173E+000  5.4978559582426820E+000  5.7625911867656612E+000  5.9643700190413851E+000  6.1195274172932805E+000  6.2385418076961567E+000  6.3285400939421628E+000  6.4380324961663291E+000  6.4794669881419820E+000  6.4733244782672941E+000  6.4368403702039600E+000  6.3835105709223425E+000  6.2889027739852921E+000  6.1912150469743867E+000  6.0649659761295780E+000  5.9193278488525252E+000  5.7883703613713688E+000  5.6703958025986871E+000  5.5845667784994548E+000  5.5214952091334339E+000  5.4664809536050205E+000  5.4147879320982693E+000  5.3647973850381652E+000  5.2678893221772061E+000  5.1734925147279176E+000  5.0795445161364414E+000  4.9799318719788390E+000  4.8542807114700706E+000  4.6680287305814057E+000  4.4623933707328414E+000  4.2389753078509536E+000  4.0010461852459391E+000  3.7509986276854352E+000  3.4906641986445583E+000  3.2215986498114821E+000  2.9451758386955489E+000  2.6626235222727979E+000  2.3750485484891271E+000  2.0834578927297409E+000  1.7887754692554407E+000  1.4918554359693226E+000  1.1934931986205184E+000  8.9443510765578937E-001  5.9538746449153213E-001  2.9702515177242123E-001  0.0000000000000000E+000
  0.0000000000000000E+000  2.2931010167181141E+000  3.5263897939538582E+000  4.4210280826514774E+000  5.0297705797749845E+000  5.4808002867535146E+000  5.8320212703820618E+000  6.1144242560539110E+000  6.3464934705529616E+000  6.5401194308476480E+000  6.7033907625025586E+000  6.9587904905112747E+000  7.1450862267964590E+000  7.2800913421705733E+000  7.3752371899915259E+000  7.4383274287085017E+000  7.4834510496730440E+000  7.4830531349411409E+000  7.4289034690195237E+000  7.3115610386885024E+000  7.1797908139328390E+000  7.0530528826901495E+000  6.9372634384621854E+000  6.8334766686371307E+000  6.7413817543579055E+000  6.6602601460609128E+000  6.5889982887694609E+000  6.4697350105067306E+000  6.3462636591568646E+000  6.1931431198822375E+000  6.0092594186665496E+000  5.7981744885957394E+000  5.5636476169983515E+000  5.3089725464287945E+000  5.0369512102285281E+000  4.7499722248197465E+000  4.4500937585098121E+000  4.1391120611842176E+000  3.8186149488805214E+000  3.4900230823614753E+000  3.1546219596044889E+000  2.8135869603447872E+000  2.4680032058325603E+000  2.1188815438786190E+000  1.7671716297058078E+000  1.4137728213478526E+000  1.0595434219704323E+000  7.0530866358404432E-001  3.5186772474246836E-001  0.0000000000000000E+000
  0.0000000000000000E+000  2.0211928564724908E+000  2.9824432286556033E+000  3.7316344580362935E+000  4.3444433894820040E+000  4.8006506855559854E+000  5.1580650988455217E+000  5.4476135406915605E+000  5.6877366244093119E+000  5.8902948266098889E+000  6.0633561883826843E+000  6.3409958081249158E+000  6.5528590574108172E+000  6.7167338433117587E+000  6.8440266325215831E+000  6.9424790428277205E+000  7.0468686191029226E+000  7.1113871863689431E+000  7.1487816462065403E+000  7.1361634100831575E+000  7.0761239376426071E+000  6.9834127562620285E+000  6.8732315277813996E+000  6.7607037204245160E+000  6.6551095468701664E+000  6.5582372554972768E+000  6.4681189258699270E+000  6.2994681037438456E+000  6.1282488013431689E+000  5.9440851667480903E+000  5.7429202003486326E+000  5.5241304659373700E+000  5.2886028019571620E+000  5.0377813658727604E+000  4.7732488064346219E+000  4.4965555124779906E+000  4.2091578235188214E+000  3.9124027150106575E+000  3.6075314308973008E+000  3.2956900231280768E+000  2.9779416212161465E+000  2.6552783117882792E+000  2.3286318659514698E+000  1.9988831429360436E+000  1.6668702408078078E+000  1.3333955503985226E+000  9.9923188524372097E-001  6.6512784900301092E-001  3.3181258116554579E-001  0.0000000000000000E+000
  0.0000000000000000E+000  1.7061418155860597E+000  2.4829007828596681E+000  3.0658967407177564E+000  3.5601513539438692E+000  3.9360095403097035E+000  4.2273574148890782E+000  4.4609219386680241E+000  4.6526125764768604E+000  4.8126447758461843E+000  4.9479559884042592E+000  5.1615432129011314E+000  5.3210165617235052E+000  5.4415503435554573E+000  5.5328376943269326E+000  5.6014297184089132E+000  5.6708937871831315E+000  5.7103026261856185E+000  5.7273118288370046E+000  5.7067112960205213E+000  5.6531684845094299E+000  5.5754566007035207E+000  5.4796643595076686E+000  5.3705838348681851E+000  5.2531118357101203E+000  5.1339426523135119E+000  5.0211022000368564E+000  4.8302438856580734E+000  4.6627210691502281E+000  4.4984938337356439E+000  4.3290899021293034E+000  4.1515565024765735E+000  3.9651539595339380E+000  3.7700397837675137E+000  3.5667444478206622E+000  3.3559497362864459E+000  3.1383892970007392E+000  2.9148024541741795E+000  2.6859128865212361E+000  2.4524195069126553E+000  2.2149934978585941E+000  1.9742784639204098E+000  1.7308921197292049E+000  1.4854286751888652E+000  1.2384614721159439E+000  9.9054563924575578E-001  7.4222064928104559E-001  4.9401272587670919E-001  2.4643708333147377E-001  0.0000000000000000E+000
  0.0000000000000000E+000  1.3145370739435223E+000  1.8729825347064348E+000  2.2720923974056966E+000  2.5969276434838764E+000  2.8715501391561973E+000  3.0785836130711526E+000  3.2396579399449870E+000  3.3676094613335064E+000  3.4706562470779523E+000  3.5543636515765495E+000  3.6773735287762848E+000  3.7587894043618411E+000  3.8106536216119045E+000  3.8406320280077755E+000  3.8538920870873321E+000  3.8495611511912711E+000  3.8241613596578570E+000  3.7662826021866964E+000  3.6674281861875979E+000  3.5499299279471237E+000  3.4207073867203022E+000  3.2844710084546791E+000  3.1446030672100984E+000  3.0037066192516981E+000  2.8640937365198309E+000  2.7285086458919703E+000  2.4877307081001794E+000  2.3200250797022846E+000  2.1991379370020918E+000  2.0968915382251976E+000  2.0003546218500685E+000  1.9042028357721923E+000  1.8063292856840558E+000  1.7059834643827969E+000  1.6029943847533892E+000  1.4974419319844128E+000  1.3895151619250261E+000  1.2794498117879458E+000  1.1675000721783939E+000  1.0539255656658120E+000  9.3898528567225148E-001  8.2293483262004574E-001  7.0602526793895504E-001  5.8850278727511374E-001  4.7060881745287375E-001  3.5258033297487962E-001  2.3465028212459382E-001  1.1704806106943928E-001  0.0000000000000000E+000
  0.0000000000000000E+000  9.3236815785980187E-001  1.2974618195843806E+000  1.5410712491564280E+000  1.7262630289941212E+000  1.8738735029807103E+000  1.9865079822828480E+000  2.0658049662607119E+000  2.1213561777778360E+000  2.1592691674646800E+000  2.1836578470307142E+000  2.2017137926127770E+000  2.1918786078904531E+000  2.1628407736148931E+000  2.1200737431514276E+000  2.0672291655656392E+000  1.9739396072930069E+000  1.8694928582974291E+000  1.7187131285634993E+000  1.5199146514666899E+000  1.3169868027439431E+000  1.1144745531371563E+000  9.1549008281676092E-001  7.2230401367796360E-001  5.3668437293018634E-001  3.6013134634216670E-001  1.9411286786393661E-001 -1.0013633570844242E-001 -3.0900158103531461E-001 -4.1034145950327011E-001 -4.4750087802767896E-001 -4.5395107664246526E-001 -4.4525660003584255E-001 -4.2871459839034942E-001 -4.0790508180136104E-001 -3.8464480690908204E-001 -3.5988243407815851E-001 -3.3413020903071139E-001 -3.0767838889737847E-001 -2.8070345831146298E-001 -2.5332321278534531E-001 -2.2562493456327939E-001 -1.9767985215910369E-001 -1.6955058256182520E-001 -1.4129497617901279E-001 -1.1296811593266379E-001 -8.4623368977911007E-002 -5.6312952358877275E-002 -2.8088249572422889E-002  0.0000000000000000E+000
  0.0000000000000000E+000  6.1445472725789041E-001  8.2334533636929408E-001  9.4515745740612023E-001  1.0243086875724499E+000  1.0750845946327006E+000  1.1037117153252676E+000  1.1133956766531101E+000  1.1070160775875955E+000  1.0889638676774747E+000  1.0621684463360446E+000  9.8911254308837193E-001  8.9945334245555253E-001  7.9911665511231189E-001  6.9176865288003220E-001  5.7981300047442774E-001  4.0625163275158105E-001  2.2972426064054208E-001 -6.8113236757302020E-003 -2.9930159641831500E-001 -5.8366877498383907E-001 -8.5730400180814470E-001 -1.1184382290821171E+000 -1.3657690673657237E+000 -1.5982482586074866E+000 -1.8149395806284314E+000 -2.0148956096592507E+000 -2.3612346988525017E+000 -2.6180068959420399E+000 -2.7422413859056260E+000 -2.7430075553994597E+000 -2.6788554702775107E+000 -2.5808192316431544E+000 -2.4631509267059064E+000 -2.3331483619824862E+000 -2.1948902361754876E+000 -2.0508040798057787E+000 -1.9024141913259740E+000 -1.7507316689974439E+000 -1.5964694062627736E+000 -1.4401645690782761E+000 -1.2822497090380625E+000 -1.1230945057824226E+000 -9.6303042601611033E-001 -8.0236535157981514E-001 -6.4139228878488719E-001 -4.8039457868483848E-001 -3.1964904007467249E-001 -1.5942789675634805E-001  0.0000000000000000E+000
  0.0000000000000000E+000  4.1989802098386475E-001  5.3774567978836763E-001  5.9248271547362419E-001  6.1660359630062256E-001  6.2006236111244672E-001  6.0684306339358240E-001  5.7874649429763270E-001  5.3663803978804026E-001  4.8095393271383913E-001  4.1844004793268719E-001  2.8057534360492536E-001  1.3300892554190921E-001 -1.9839177395897949E-002 -1.7530039675093051E-001 -3.3167452686006593E-001 -5.6603465420851184E-001 -7.9747121213117933E-001 -1.0995709234837472E+000 -1.4637980359223957E+000 -1.8105033236011294E+000 -2.1385474179378456E+000 -2.4472421399783766E+000 -2.7361102620852824E+000 -3.0047551101185648E+000 -3.2527768638660546E+000 -3.4797030519161263E+000 -3.8685080279802708E+000 -4.1603324656656229E+000 -4.3270750851825692E+000 -4.3281203769338266E+000 -4.2240953466485704E+000 -4.0689131608834561E+000 -3.8843260269103541E+000 -3.6807142823986188E+000 -3.4638940885306195E+000 -3.2374670268878143E+000 -3.0038212585226995E+000 -2.7646284877629967E+000 -2.5211171950600511E+000 -2.2742333812957609E+000 -2.0247394466380721E+000 -1.7732768211305465E+000 -1.5204064093519067E+000 -1.2666350536210855E+000 -1.0124330195825808E+000 -7.5824565441248970E-001 -5.0450124778335759E-001 -2.5161642962233854E-001  0.0000000000000000E+000
  0.0000000000000000E+000  3.8320317637899937E-001  4.7804610183884694E-001  5.1676252156946234E-001  5.3037300618539351E-001  5.2804327460590972E-001  5.1317654391222234E-001  4.8707458544344262E-001  4.5013793021848225E-001  4.0235025839789507E-001  3.4350195663689864E-001  1.9071122171771940E-001  1.7590798868379196E-002 -1.6009543789035066E-001 -3.3953353530929142E-001 -5.1891928306222967E-001 -7.8592049918788798E-001 -1.0476225584763301E+000 -1.3865258119073547E+000 -1.7914834792324759E+000 -2.1737433350764324E+000 -2.5327920242759832E+000 -2.8684501302644887E+000 -3.1806652401322060E+000 -3.4694180670133239E+000 -3.7346696336515399E+000 -3.9763187076262558E+000 -4.3883380269101240E+000 -4.7002536535162491E+000 -4.8979458099325779E+000 -4.9329274519499524E+000 -4.8199167242645364E+000 -4.6440748182675504E+000 -4.4348200345775508E+000 -4.2040105595112864E+000 -3.9579900863466104E+000 -3.7006888681288475E+000 -3.4347661091891344E+000 -3.1621359991162241E+000 -2.8842455641255542E+000 -2.6022353179377982E+000 -2.3170382004372549E+000 -2.0294433703336652E+000 -1.7401387741281666E+000 -1.4497403173875620E+000 -1.1588122935683394E+000 -8.6788197311060344E-001 -5.7745023763576586E-001 -2.8799952895938180E-001  0.0000000000000000E+000
  0.0000000000000000E+000  8.0625031187210972E-001  1.0665727281971145E+000  1.1562401420090911E+000  1.1691937875388858E+000  1.1435229764887531E+000  1.0957225804162167E+000  1.0342023539469321E+000  9.6372836414189089E-001  8.8721174242927692E-001  8.0653232063990077E-001  6.3701126651105333E-001  4.6193529270130196E-001  2.8460768355826527E-001  1.0695545740775853E-001 -6.9825877426702196E-002 -3.3199922719682107E-001 -5.8880662388978444E-001 -9.2160212105748018E-001 -1.3202177154728914E+000 -1.6977350377526657E+000 -2.0533866509609888E+000 -2.3866582218523842E+000 -2.6971618422328136E+000 -2.9845922199685959E+000 -3.2487092254085903E+000 -3.4893204130020474E+000 -3.8997144765793159E+000 -4.2131937310303336E+000 -4.4237660692960707E+000 -4.5058193367496955E+000 -4.4120927909169723E+000 -4.2499749724472462E+000 -4.0574657855403746E+000 -3.8458198046428480E+000 -3.6206786878314752E+000 -3.3854642029710185E+000 -3.1424762652600382E+000 -2.8933746659936697E+000 -2.6394257009430007E+000 -2.3816408156210800E+000 -2.1208597292239086E+000 -1.8578027737917089E+000 -1.5931052122560334E+000 -1.3273405612707612E+000 -1.0610369809295268E+000 -7.9468917532976258E-001 -5.2876732696816997E-001 -2.6372404715867115E-001  0.0000000000000000E+000
  0.0000000000000000E+000  9.4070497490551352E-001  1.3178602777062927E+000  1.5677418861560626E+000  1.7247527873129218E+000  1.7995563295152475E+000  1.8235198146859402E+000  1.8134998024606239E+000  1.7796912219143834E+000  1.7288010927817181E+000  1.6655159960930308E+000  1.5128024552082349E+000  1.3420960929210519E+000  1.1638091874346956E+000  9.8393400556022237E-001  8.0583002208207977E-001  5.4527350794276763E-001  2.9537486889005543E-001 -2.0595347291126095E-002 -3.8862859377550496E-001 -7.2872651084238105E-001 -1.0431952054289526E+000 -1.3338469371495412E+000 -1.6020339961994665E+000 -1.8487450205972618E+000 -2.0746932065783730E+000 -2.2803823163413766E+000 -2.6324743941664539E+000 -2.9058022231127860E+000 -3.0988008923791748E+000 -3.2024328858074598E+000 -3.1507376265067264E+000 -3.0310137319707242E+000 -2.8897562881231011E+000 -2.7355491744850400E+000 -2.5725720652223303E+000 -2.4032393396183025E+000 -2.2290887675206754E+000 -2.0511784566705900E+000 -1.8702882170570965E+000 -1.6870296378157983E+000 -1.5019092792811479E+000 -1.3153662272610489E+000 -1.1277950193608470E+000 -9.3955998072605584E-001 -7.5100441702914800E-001 -5.6245669099956697E-001 -3.7423439712533058E-001 -1.8664737275992521E-001  0.0000000000000000E+000
  0.0000000000000000E+000  1.0668102064750171E+000  1.4029821669122280E+000  1.6079216359079456E+000  1.7620471477602078E+000  1.8891315524364072E+000  1.9976059985586270E+000  2.0899303444650483E+000  2.1655129574200038E+000  2.2115975757322963E+000  2.2347761638260315E+000  2.2276645133305775E+000  2.1723929720280863E+000  2.0845463693394191E+000  1.9747830185652535E+000  1.8508487187111149E+000  1.6493718896277347E+000  1.4426206218611037E+000  1.1717013793834665E+000  8.5400054636059675E-001  5.6478863245715838E-001  3.0329048047208101E-001  6.7121805732119746E-002 -1.4617856808126586E-001 -3.3871984244831493E-001 -5.1220395977329369E-001 -6.6797748471573948E-001 -9.3001931354757317E-001 -1.1312362903191804E+000 -1.2748277832729682E+000 -1.3598060590557721E+000 -1.3528856526092243E+000 -1.2921092920392445E+000 -1.2225227812975989E+000 -1.1488413866129805E+000 -1.0732046664773005E+000 -9.9665068328753481E-001 -9.1969194997247194E-001 -8.4257737320714554E-001 -7.6542352425560567E-001 -6.8828390577993748E-001 -6.1118621583720367E-001 -5.3415219399612601E-001 -4.5720768754972585E-001 -3.8038715064968714E-001 -3.0373498237446406E-001 -2.2730510646076449E-001 -1.5115961668676819E-001 -7.5366969416946331E-002  0.0000000000000000E+000
  0.0000000000000000E+000  1.3125110848717563E+000  1.6974058348103245E+000  1.9076477865366992E+000  2.0467801612821264E+000  2.1481162698116960E+000  2.2263296805615509E+000  2.2891149823512191E+000  2.3410013878525184E+000  2.3849038338700974E+000  2.4228690540029318E+000  2.4871188827773061E+000  2.5475352271353371E+000  2.6022074826226111E+000  2.6450813550776995E+000  2.6649369346785790E+000  2.6431660247137687E+000  2.5769753039775254E+000  2.4389771596344736E+000  2.2192173798195918E+000  1.9822991067471027E+000  1.7561945569305242E+000  1.5569247663239418E+000  1.3872607602145708E+000  1.2436933726120174E+000  1.1217332685256483E+000  1.0176292722613680E+000  8.5416669931118638E-001  7.3660097720287709E-001  6.5630926962871605E-001  6.0750367241324799E-001  5.8462735041954772E-001  5.8050355900468387E-001  5.7377040060208784E-001  5.6161884011890417E-001  5.4395334485023639E-001  5.2123178235760026E-001  4.9405436373376838E-001  4.6303670607326347E-001  4.2876259095035946E-001  3.9176610428336278E-001  3.5252657032278994E-001  3.1146961303311516E-001  2.6897125587062021E-001  2.2536348232600498E-001  1.8094040304754069E-001  1.3596455620731235E-001  9.0673082162055926E-002  4.5283639027345980E-002  0.0000000000000000E+000
  0.0000000000000000E+000  1.5232738114562743E+000  1.9775312736108765E+000  2.2276994232867477E+000  2.3941483451970771E+000  2.5158871337740343E+000  2.6101616075216612E+000  2.6860143731013113E+000  2.7487360640056355E+000  2.8016695553531483E+000  2.8470512312099423E+000  2.9207047485027884E+000  2.9782211858900212E+000  3.0242336325878889E+000  3.0616375602918917E+000  3.0923498771562508E+000  3.1285689210699292E+000  3.1556702240421535E+000  3.1807376538355583E+000  3.1983335817361804E+000  3.1933296177678594E+000  3.1334982016790947E+000  3.0363583517323058E+000  2.9136807342111419E+000  2.7755638057795453E+000  2.6341167547649005E+000  2.5111890725259718E+000  2.3855481305641986E+000  2.3330615895739535E+000  2.3102212002208371E+000  2.2972422625563662E+000  2.2663038147324683E+000  2.2044062828489093E+000  2.1309572805629431E+000  2.0442372560584046E+000  1.9456506005864271E+000  1.8368772438609067E+000  1.7194653116253489E+000  1.5947743859004953E+000  1.4639880865640025E+000  1.3281393031851287E+000  1.1881348882886458E+000  1.0447770626221049E+000  8.9878146114743340E-001  7.5079235761750551E-001  6.0139564815834434E-001  4.5113008011801731E-001  3.0049710512014793E-001  1.4996964602097962E-001  0.0000000000000000E+000
  0.0000000000000000E+000  1.7202592510804939E+000  2.2641473047665950E+000  2.5757016761394933E+000  2.7890837077531119E+000  2.9487300873707092E+000  3.0746912509042348E+000  3.1776760979945200E+000  3.2640542119100506E+000  3.3379096514878830E+000  3.4020106385921811E+000  3.5078958661250117E+000  3.5925338819131256E+000  3.6619167326544568E+000  3.7198497432723796E+000  3.7688910336776447E+000  3.8294407999508149E+000  3.8781503723509054E+000  3.9292974332260173E+000  3.9783623114275195E+000  4.0258211829507129E+000  4.0591620634708789E+000  4.0510828185250913E+000  4.0103436514085580E+000  3.9469715325133437E+000  3.8688713908184060E+000  3.7824584081832562E+000  3.5975732969991561E+000  3.4451608421678022E+000  3.4093461233366669E+000  3.4062192840655232E+000  3.3655281569003237E+000  3.2711716593915714E+000  3.1534927634261893E+000  3.0168440791065607E+000  2.8642778784523171E+000  2.6983645413022139E+000  2.5212661752687251E+000  2.3348072673177169E+000  2.1405413013644798E+000  1.9398063179916356E+000  1.7337691088105038E+000  1.5234599160941273E+000  1.3097997541644602E+000  1.0936221538816344E+000  8.7569073092362371E-001  6.5671363060553145E-001  4.3735563231690000E-001  2.1824849734100682E-001  0.0000000000000000E+000
  0.0000000000000000E+000  1.9044624040256442E+000  2.4979811637796359E+000  2.8344302199455784E+000  3.0631860658068546E+000  3.2334955123211464E+000  3.3674549636485041E+000  3.4767962730230413E+000  3.5684565609982122E+000  3.6468587874052609E+000  3.7149850408306682E+000  3.8278673132779946E+000  3.9186242663392390E+000  3.9935902819477436E+000  4.0567600927378100E+000  4.1108016666725433E+000  4.1785526179372390E+000  4.2341672571953373E+000  4.2940126624178090E+000  4.3516839232741917E+000  4.3952841021172553E+000  4.4283573733405541E+000  4.4554909597578893E+000  4.4812826251447042E+000  4.4844008524292800E+000  4.4574125809097831E+000  4.4070930312736181E+000  4.2495844653617585E+000  4.0663085705511346E+000  3.9000551640610306E+000  3.7907166947017159E+000  3.7112950380485921E+000  3.6041252369899945E+000  3.4709491564211707E+000  3.3169296305514395E+000  3.1459260898618973E+000  2.9609236825546454E+000  2.7643100597656978E+000  2.5580424754455575E+000  2.3437585105531094E+000  2.1228533887556451E+000  1.8965358001556420E+000  1.6658692420797319E+000  1.4318033028177186E+000  1.1951978098024956E+000  9.5684183222732377E-001  7.1746892800341533E-001  4.7776962769060055E-001  2.3840187995938358E-001  0.0000000000000000E+000
  0.0000000000000000E+000  1.8034922261638278E+000  2.3910354792026336E+000  2.7359090894638123E+000  2.9769058606164642E+000  3.1602599660462709E+000  3.3069869039943107E+000  3.4284072312190679E+000  3.5313172853725714E+000  3.6201172754462059E+000  3.6978191570266508E+000  3.8275406058483807E+000  3.9325447826640385E+000  4.0196150299123774E+000  4.0931268932301812E+000  4.1560627996072128E+000  4.2349419428398756E+000  4.2997359976495906E+000  4.3698265630451250E+000  4.4404758699391946E+000  4.5014809604901096E+000  4.5532561758563821E+000  4.5888533758261199E+000  4.5932492147548203E+000  4.5674039787651832E+000  4.5175264180241630E+000  4.4488050057444308E+000  4.2671102796582137E+000  4.0558881347556994E+000  3.8349979768642912E+000  3.6176347037446197E+000  3.4138949463445623E+000  3.2371263019254979E+000  3.0833431877597106E+000  2.9328251639656622E+000  2.7754834568426934E+000  2.6089685598834302E+000  2.4336351006966082E+000  2.2505570217746391E+000  2.0609118384778951E+000  1.8658051791530337E+000  1.6662322332857207E+000  1.4630813304356955E+000  1.2571490395147709E+000  1.0491567699097799E+000  8.3976581387574278E-001  6.2959017249167792E-001  4.1920730737669398E-001  2.0916718454103950E-001  0.0000000000000000E+000
  0.0000000000000000E+000  1.6344044379129001E+000  2.2031251749217171E+000  2.5542234493137057E+000  2.8095483027541155E+000  3.0100951716290139E+000  3.1747361628135580E+000  3.3137949607572517E+000  3.4335818290137241E+000  3.5382661121928187E+000  3.6307660797097028E+000  3.7864847653724145E+000  3.9133872888865064E+000  4.0187610495640884E+000  4.1075089256142743E+000  4.1830718557681843E+000  4.2765026372417916E+000  4.3513426602101459E+000  4.4272493142281908E+000  4.4878992936554916E+000  4.5085070863118482E+000  4.4877838460790409E+000  4.4341874279418612E+000  4.3544745655968340E+000  4.2542722631078789E+000  4.1384054462534490E+000  4.0110011403193173E+000  3.7312726273996577E+000  3.4398685878611284E+000  3.1503703815312760E+000  2.8722025204300965E+000  2.6131162335795746E+000  2.3817059801829923E+000  2.1865453855664239E+000  2.0263693378160790E+000  1.8885516076418976E+000  1.7604833169821548E+000  1.6346672974695753E+000  1.5076865470469039E+000  1.3783341639633655E+000  1.2464154633612692E+000  1.1121514287150289E+000  9.7591326048337612E-001  8.3811188857761532E-001  6.9915497414952099E-001  5.5943230787842868E-001  4.1931289646704001E-001  2.7914670981421408E-001  1.3926814688592265E-001  0.0000000000000000E+000
  0.0000000000000000E+000  1.5328636498326023E+000  2.1110384213299000E+000  2.4913524476457036E+000  2.7821093665795336E+000  3.0195800467172407E+000  3.2203956127285469E+000  3.3936383804945192E+000  3.5448736941751817E+000  3.6778112144139961E+000  3.7950924859698474E+000  3.9892599932465749E+000  4.1314379449171872E+000  4.2318660181683123E+000  4.3008424255242668E+000  4.3453553473253903E+000  4.3761117142118007E+000  4.3745191640373156E+000  4.3346041419031369E+000  4.2413407208700233E+000  4.1155291904035973E+000  3.9676330405478901E+000  3.8047960673955550E+000  3.6320352370912916E+000  3.4529595796541366E+000  3.2702353908909356E+000  3.0858979720254949E+000  2.7167573253678450E+000  2.3575335002923730E+000  2.0159989752283587E+000  1.6990586470816391E+000  1.4135451903241232E+000  1.1668992110235796E+000  9.6642126255691474E-001  8.1452915887126875E-001  7.0422122250090136E-001  6.2297975362093660E-001  5.5933950735547477E-001  5.0535853468456327E-001  4.5626118171375246E-001  4.0942392448833759E-001  3.6351226045040036E-001  3.1790468792693377E-001  2.7235019280579936E-001  2.2677933558169130E-001  1.8120599526217235E-001  1.3567895262083621E-001  9.0259463572130549E-002  4.5011802690212731E-002  0.0000000000000000E+000
  0.0000000000000000E+000  1.4015647823248338E+000  1.9401750032843563E+000  2.2984274258944981E+000  2.5737464098765197E+000  2.7986390161599513E+000  2.9879599134091350E+000  3.1498146864218963E+000  3.2891935578176628E+000  3.4075122514785332E+000  3.5022109917294939E+000  3.6370415724884184E+000  3.7202269860145218E+000  3.7663288590575457E+000  3.7846910594501169E+000  3.7816665884482887E+000  3.7459156183196134E+000  3.6827058658939587E+000  3.5669856250169878E+000  3.3875582201180157E+000  3.1837301278949059E+000  2.9649742274646402E+000  2.7378597160032414E+000  2.5071040963152900E+000  2.2761730490357381E+000  2.0476511634749381E+000  1.8234872329382315E+000  1.3922066600358920E+000  9.9252116812891300E-001  6.2969640071253674E-001  3.0791973433913133E-001  3.1420187700554957E-002 -1.9495036859517748E-001 -3.6644480980446364E-001 -4.8160876059815033E-001 -5.4586080558303973E-001 -5.7021250631250076E-001 -5.6644526648970184E-001 -5.4405494521527042E-001 -5.0973501953872835E-001 -4.6790396911640969E-001 -4.2137575128148719E-001 -3.7190620623426379E-001 -3.2058361379797456E-001 -2.6809048511046274E-001 -2.1487118419476084E-001 -1.6123500886686276E-001 -1.0741717784748837E-001 -5.3613584841216172E-002  0.0000000000000000E+000
  0.0000000000000000E+000  1.2057090016309786E+000  1.6893305930273166E+000  2.0122790119000662E+000  2.2562687316059074E+000  2.4495679469115466E+000  2.6058155374063006E+000  2.7244570881668566E+000  2.8124275354938981E+000  2.8773310538536152E+000  2.9243125959742624E+000  2.9770599189398803E+000  2.9911661519899613E+000  2.9777611442940204E+000  2.9439485247488801E+000  2.8945390576780312E+000  2.7978439405408593E+000  2.6816750418938033E+000  2.5049586232828931E+000  2.2610636697478905E+000  2.0027971166029235E+000  1.7376881525640440E+000  1.4711013730778855E+000  1.2069938669097722E+000  9.4833747954526282E-001  6.9737669990847639E-001  4.5580163676401619E-001  4.3145163019350169E-003 -3.9798820924797906E-001 -7.4769210727498003E-001 -1.0426062078440219E+000 -1.2806684986126160E+000 -1.4595171541123819E+000 -1.5772593427110646E+000 -1.6349195117993613E+000 -1.6388907395893832E+000 -1.5999328070008139E+000 -1.5294384366768945E+000 -1.4368233290225867E+000 -1.3289908577010028E+000 -1.2107599090646741E+000 -1.0854423789824663E+000 -9.5531379787700188E-001 -8.2195140552402579E-001 -6.8646802684371533E-001 -5.4967180311902686E-001 -4.1217430687512419E-001 -2.7446295832056550E-001 -1.3694909684843135E-001  0.0000000000000000E+000
  0.0000000000000000E+000  1.0380672428233051E+000  1.4622518872479655E+000  1.7440378473700675E+000  1.9519346946326726E+000  2.1020403888087866E+000  2.2008154061417731E+000  2.2649962506396832E+000  2.3044720510279273E+000  2.3255485270567862E+000  2.3324802699807479E+000  2.3140900400447215E+000  2.2663426671961591E+000  2.1983289134955468E+000  2.1158197436071675E+000  2.0226997485357514E+000  1.8683584321957476E+000  1.7026087199935294E+000  1.4703530576258934E+000  1.1711978152087570E+000  8.7055434112688512E-001  5.7368084260213459E-001  2.8417292555308821E-001  4.5969240626420969E-003 -2.6316354652129537E-001 -5.1770751092352241E-001 -7.5799453125839467E-001 -1.1936171420282631E+000 -1.5654694395788569E+000 -1.8724181211676039E+000 -2.1144668988729407E+000 -2.2919364928276313E+000 -2.4052078264014174E+000 -2.4555120526671987E+000 -2.4468849283646290E+000 -2.3876431844059400E+000 -2.2889792762257195E+000 -2.1617539408897835E+000 -2.0145340499758855E+000 -1.8534158189021877E+000 -1.6825892533432905E+000 -1.5049401103362063E+000 -1.3224955679629411E+000 -1.1367203375557005E+000 -9.4870799961869334E-001 -7.5930519158990584E-001 -5.6919363106443333E-001 -3.7894550201082600E-001 -1.8906182737924926E-001  0.0000000000000000E+000
  0.0000000000000000E+000  9.7044319323294292E-001  1.3845404675090109E+000  1.6279134476919659E+000  1.7587710820807330E+000  1.8299815101466190E+000  1.8649297360488868E+000  1.8758604802894883E+000  1.8699150559065012E+000  1.8515866866887984E+000  1.8238686478390840E+000  1.7472999008204304E+000  1.6519838439459322E+000  1.5440974277528694E+000  1.4275540230330142E+000  1.3049990394166271E+000  1.1134184723014506E+000  9.1695976766822374E-001  6.5193743194235199E-001  3.2245660772411333E-001  1.1872041047313927E-003 -3.0805944283330627E-001 -6.0273750795855385E-001 -8.8111679333940196E-001 -1.1420294205698174E+000 -1.3847157970800603E+000 -1.6087230177873340E+000 -1.9999768126082038E+000 -2.3158094970936771E+000 -2.5583491090488431E+000 -2.7304557565324683E+000 -2.8351901586507031E+000 -2.8758478881689715E+000 -2.8568809605365275E+000 -2.7854780939669661E+000 -2.6720765533918609E+000 -2.5282902647462904E+000 -2.3640610073563044E+000 -2.1864856804522224E+000 -2.0001770751336840E+000 -1.8080469523416538E+000 -1.6119557747980906E+000 -1.4131403370810234E+000 -1.2124724479480837E+000 -1.0106105837673203E+000 -8.0808790490704041E-001 -6.0536331733417093E-001 -4.0285128984156532E-001 -2.0093955486864873E-001  0.0000000000000000E+000
  0.0000000000000000E+000  8.9843914605347308E-001  1.2953816969767231E+000  1.5040937239410912E+000  1.6061780014808520E+000  1.6518833249203864E+000  1.6634470476713985E+000  1.6525416642020618E+000  1.6260039424102690E+000  1.5881589336620010E+000  1.5419044129335422E+000  1.4307988803767338E+000  1.3044487789096775E+000  1.1688935502988489E+000  1.0279286160554160E+000  8.8407356030284601E-001  6.6603906437624294E-001  4.4930097815782333E-001  1.6586933982405713E-001 -1.7467913424923798E-001 -4.9626777555756663E-001 -7.9729577208355196E-001 -1.0770077213909479E+000 -1.3350761049571989E+000 -1.5714110497547120E+000 -1.7860786861153757E+000 -1.9792680895482726E+000 -2.3019955927970579E+000 -2.5435959999045425E+000 -2.7090959533600008E+000 -2.8041001780910886E+000 -2.8344239160225637E+000 -2.8062888777598878E+000 -2.7273036676223179E+000 -2.6076109374969403E+000 -2.4593396829810992E+000 -2.2938538915678612E+000 -2.1194397953874331E+000 -1.9411032543971900E+000 -1.7615092902240594E+000 -1.5819415260516700E+000 -1.4029486736072507E+000 -1.2247204313286075E+000 -1.0472923420625400E+000 -8.7065246176909306E-001 -6.9479335524339181E-001 -5.1973398932568393E-001 -3.4552526395093897E-001 -1.7224689506335114E-001  0.0000000000000000E+000
  0.0000000000000000E+000  8.6741901077397188E-001  1.2488606470670982E+000  1.4485643897307146E+000  1.5426143496141220E+000  1.5811127105383513E+000  1.5862023338518227E+000  1.5694877499383637E+000  1.5377519005006373E+000  1.4952740344434023E+000  1.4449110963301517E+000  1.3269492125485618E+000  1.1954303868489224E+000  1.0561604353034266E+000  9.1274694101678566E-001  7.6756548327015606E-001  5.4941842439505151E-001  3.3465099855429309E-001  5.6940302068438330E-002 -2.7148921030738266E-001 -5.7541168867034531E-001 -8.5336511340252541E-001 -1.1049921306548303E+000 -1.3305880239583883E+000 -1.5308272510160548E+000 -1.7065947999864886E+000 -1.8588834551932121E+000 -2.0960316323682004E+000 -2.2519630174228316E+000 -2.3352620515192251E+000 -2.3542803244805914E+000 -2.3172848349745432E+000 -2.2330402031416083E+000 -2.1118767689265474E+000 -1.9662240092992731E+000 -1.8088221921441430E+000 -1.6495419680815679E+000 -1.4940644158294816E+000 -1.3447815774644563E+000 -1.2021888364690672E+000 -1.0658724836242031E+000 -9.3505857344266741E-001 -8.0888813032067453E-001 -6.8654579389621884E-001 -5.6731323811136336E-001 -4.5058417133824924E-001 -3.3585969489371564E-001 -2.2273375701205239E-001 -1.1087388142315958E-001  0.0000000000000000E+000
  0.0000000000000000E+000  9.2195107351406269E-001  1.3311145996163227E+000  1.5484869307288334E+000  1.6553911792840010E+000  1.7042196545459349E+000  1.7181112828975225E+000  1.7091809627093566E+000  1.6845026111841670E+000  1.6485350093343052E+000  1.6042532729538781E+000  1.4974432869387364E+000  1.3761178571257571E+000  1.2463621288601188E+000  1.1119899110872409E+000  9.7554483438744666E-001  7.7020027533406032E-001  5.6831442082316574E-001  3.0849762676257475E-001  4.6385497508933064E-003 -2.7134868859505284E-001 -5.1757581914034168E-001 -7.3373799237998227E-001 -9.2055226075617769E-001 -1.0793513585364307E+000 -1.2117950566479425E+000 -1.3196771105202250E+000 -1.4670987819085857E+000 -1.5374680768409565E+000 -1.5433857352147007E+000 -1.4961750038714048E+000 -1.4064790908581082E+000 -1.2852793166024585E+000 -1.1450351571044695E+000 -9.9936793983571226E-001 -8.5998385018007162E-001 -7.3373259505395239E-001 -6.2286244948151148E-001 -5.2693760824525870E-001 -4.4438031294311986E-001 -3.7328444947173672E-001 -3.1177347256589788E-001 -2.5813825902175547E-001 -2.1087721407053242E-001 -1.6869415864273660E-001 -1.3047838010408339E-001 -9.5277568272298926E-002 -6.2268408766027183E-002 -3.0726988108122653E-002  0.0000000000000000E+000
  0.0000000000000000E+000  9.9582463678489974E-001  1.4431427795436171E+000  1.7216476758379917E+000  1.8723445186803496E+000  1.9552154270120856E+000  1.9968712212589814E+000  2.0113114693651455E+000  2.0067523610512930E+000  1.9884009317352496E+000  1.9597517745616764E+000  1.8795128405825308E+000  1.7803357997130895E+000  1.6695862788829297E+000  1.5519465170021454E+000  1.4305819765814991E+000  1.2456324844340549E+000  1.0625894701838745E+000  8.2671854758635643E-001  5.5270881091423851E-001  3.0797492527612735E-001  9.5265246169562209E-002 -8.4800924872366998E-002 -2.3309274737881294E-001 -3.5145207348240598E-001 -4.4226808623012315E-001 -5.0815421818274176E-001 -5.7306071582581852E-001 -5.6847489432948672E-001 -5.1107323458429643E-001 -4.1500026501486920E-001 -2.9298870162425283E-001 -1.5780100563137431E-001 -2.3229402650821452E-002  9.7453267800283627E-002  1.9555671764351285E-001  2.6855234280103557E-001  3.1789857995216642E-001  3.4656996776376919E-001  3.5776876048404843E-001  3.5445241590871146E-001  3.3921211098844722E-001  3.1427641795282890E-001  2.8155322201014205E-001  2.4267940760841583E-001  1.9906852683827658E-001  1.5195393605374391E-001  1.0242731205582813E-001  5.1473156628106538E-002  0.0000000000000000E+000
  0.0000000000000000E+000  1.1270036942666293E+000  1.6537021165779306E+000  1.9866234807080458E+000  2.1772813079601017E+000  2.2919807717341136E+000  2.3602613451309500E+000  2.3977250149497249E+000  2.4135604538752209E+000  2.4136072528240633E+000  2.4017918688095325E+000  2.3515891145260301E+000  2.2789247598435485E+000  2.1920348860259757E+000  2.0961174530321194E+000  1.9946623130024175E+000  1.8365987376031552E+000  1.6774029144898754E+000  1.4693468866086703E+000  1.2254730161380891E+000  1.0083701727880312E+000  8.2324246885981955E-001  6.7243657948530566E-001  5.5576528395676494E-001  4.7111171147297481E-001  4.1521570519945772E-001  3.8437823311672958E-001  3.8649921704043644E-001  4.4790135082399357E-001  5.4811766435174647E-001  6.7083392844143608E-001  8.0192907181196549E-001  9.2761562148121801E-001  1.0339708895413646E+000  1.1101010387068033E+000  1.1522088946933802E+000  1.1625554054511014E+000  1.1457399766657881E+000  1.1064626932496786E+000  1.0488224413406890E+000  9.7623914456745420E-001  8.9154532644535867E-001  7.9710033153508886E-001  6.9489024399726484E-001  5.8660843636014792E-001  4.7371950955594994E-001  3.5751048365100530E-001  2.3913255793585772E-001  1.1963599070244868E-001  0.0000000000000000E+000
  0.0000000000000000E+000  1.1759618305867308E+000  1.7058178237070092E+000  2.0910390184073604E+000  2.3413183831302207E+000  2.5038510346717011E+000  2.6122636558089134E+000  2.6843649968316630E+000  2.7306742430135698E+000  2.7578989299265375E+000  2.7705666847809662E+000  2.7628019782060775E+000  2.7258607750250818E+000  2.6694970284035588E+000  2.5999583969492281E+000  2.5215028631509915E+000  2.3926982971253490E+000  2.2579048653166134E+000  2.0763744885843169E+000  1.8584045618701377E+000  1.6617773182976872E+000  1.4941513775900832E+000  1.3604748370942077E+000  1.2627249332556689E+000  1.1996708783018601E+000  1.1674907537234105E+000  1.1610914075074388E+000  1.2091602088806528E+000  1.3049835274088721E+000  1.4246113920844432E+000  1.5505616871991470E+000  1.6683627788226234E+000  1.7643092192343466E+000  1.8260894213393508E+000  1.8475068915907800E+000  1.8306767741657641E+000  1.7818448106592588E+000  1.7074157663506504E+000  1.6126900156249884E+000  1.5018365092990018E+000  1.3781308738455544E+000  1.2441833217934508E+000  1.1021120446678403E+000  9.5366906989654365E-001  8.0033170002601051E-001  6.4337007747068153E-001  4.8389826466119301E-001  3.2291387859749060E-001  1.6132974341786804E-001  0.0000000000000000E+000
  0.0000000000000000E+000  1.1956934855214829E+000  1.6977984514357420E+000  2.0568034235515307E+000  2.3485359468150211E+000  2.5562267617976757E+000  2.7020744425768135E+000  2.8062515568655031E+000  2.8806971307685409E+000  2.9330370896663682E+000  2.9684257874170723E+000  3.0005265486521933E+000  2.9978989643967129E+000  2.9716338352264291E+000  2.9287995950250507E+000  2.8741798317517744E+000  2.7764604371423274E+000  2.6678004879879937E+000  2.5140914170824753E+000  2.3205000234061908E+000  2.1380430258009597E+000  1.9759733259483794E+000  1.8419370371883541E+000  1.7422241135275589E+000  1.6804059183535356E+000  1.6548604093965735E+000  1.6588995236204385E+000  1.7290576946886946E+000  1.8358472331844382E+000  1.9519961787989044E+000  2.0601348887324558E+000  2.1466677083658103E+000  2.1993889113378962E+000  2.2098270037098220E+000  2.1783239574047695E+000  2.1122162488974858E+000  2.0197475257117254E+000  1.9074683150380194E+000  1.7801828593235038E+000  1.6414124212257075E+000  1.4937914179095317E+000  1.3393395861979651E+000  1.1796432537402390E+000  1.0159777969545853E+000  8.4939251982458164E-001  6.8077112143763441E-001  5.1087595133226948E-001  3.4038129549734014E-001  1.6989916706193089E-001  0.0000000000000000E+000
  0.0000000000000000E+000  1.1885483053825725E+000  1.6283480600507267E+000  1.9220281338255207E+000  2.1535058881567055E+000  2.3494002265465235E+000  2.5208592307647826E+000  2.6630310082520858E+000  2.7705444935039303E+000  2.8521388778464249E+000  2.9137265689136100E+000  2.9910375930529640E+000  3.0263196044916980E+000  3.0323728872550575E+000  3.0173810839704589E+000  2.9868988981165363E+000  2.9195868315710714E+000  2.8355376265894354E+000  2.7070192369961044E+000  2.5343193065234697E+000  2.3622065465443214E+000  2.2002895707110035E+000  2.0560542767520831E+000  1.9359460554157866E+000  1.8463027323246568E+000  1.7941676224406917E+000  1.7834304334763542E+000  1.8490640594434560E+000  1.9445995362113340E+000  2.0377097711983803E+000  2.1123416103490626E+000  2.1568980407441054E+000  2.1623050884024693E+000  2.1261755757800707E+000  2.0554651102913399E+000  1.9601386337383870E+000  1.8480392392558243E+000  1.7244594107524518E+000  1.5929283297603909E+000  1.4558546864335995E+000  1.3149268738129440E+000  1.1713563572739221E+000  1.0260300180146293E+000  8.7960920236725715E-001  7.3259644692061421E-001  5.8538183989998627E-001  4.3827612983746100E-001  2.9153500553603562E-001  1.4537743014539709E-001  0.0000000000000000E+000
  0.0000000000000000E+000  1.1919921920252334E+000  1.5821580184137514E+000  1.8186278895613914E+000  1.9924232909627395E+000  2.1329803224636490E+000  2.2530293192595185E+000  2.3589131042654983E+000  2.4540140272540749E+000  2.5401605639403093E+000  2.6182917243872819E+000  2.7438769148672320E+000  2.8185273916643538E+000  2.8573536631472662E+000  2.8700101473917661E+000  2.8630405009083773E+000  2.8246800554345155E+000  2.7633914586941724E+000  2.6572716217023600E+000  2.5017575725464534E+000  2.3362171992899579E+000  2.1709261504131097E+000  2.0134406002438610E+000  1.8696679279109980E+000  1.7444905762027809E+000  1.6422191042909493E+000  1.5670561538681393E+000  1.5620555968861118E+000  1.6240748413762995E+000  1.6794605713343826E+000  1.7122731451659012E+000  1.7131895810174298E+000  1.6778254885868322E+000  1.6109042145611137E+000  1.5233520878834992E+000  1.4243488257235717E+000  1.3195260136707128E+000  1.2121486813311773E+000  1.1041298722438757E+000  9.9659818130144506E-001  8.9020612581778624E-001  7.8530555533462965E-001  6.8205301827713416E-001  5.8047612355832479E-001  4.8051694733697259E-001  3.8206128197793843E-001  2.8495883146306111E-001  1.8903747715556388E-001  9.4113625452278027E-002  0.0000000000000000E+000
  0.0000000000000000E+000  1.1963165886799827E+000  1.5629499334380235E+000  1.7689930367229667E+000  1.9086156529956995E+000  2.0128029233977123E+000  2.0956210486734550E+000  2.1653047523327862E+000  2.2261265847456153E+000  2.2803917036412837E+000  2.3294878525324041E+000  2.4149523876466121E+000  2.4855371837342233E+000  2.5409816722486553E+000  2.5794492622276106E+000  2.5953064833938639E+000  2.5837789200775307E+000  2.5424231689919652E+000  2.4545385958332964E+000  2.3112533759250233E+000  2.1481015466713074E+000  1.9763115083712928E+000  1.8038420188904198E+000  1.6367442228788123E+000  1.4798982635226550E+000  1.3374175790833924E+000  1.2128837420185461E+000  1.0283747389974769E+000  9.6215531048948311E-001  9.6400082847233770E-001  9.5494810713751044E-001  9.2014812821401448E-001  8.6034890492438731E-001  7.8558417463503416E-001  7.0628855558531900E-001  6.2837322312356114E-001  5.5456355826695736E-001  4.8599679188236844E-001  4.2302534193692848E-001  3.6559121059217281E-001  3.1341112830081569E-001  2.6607520939587520E-001  2.2310287654104130E-001  1.8397600500373856E-001  1.4815912779021573E-001  1.1511192150390007E-001  8.4296923974715457E-002  5.5184249029907338E-002  2.7254411281029720E-002  0.0000000000000000E+000
  0.0000000000000000E+000  1.1271297656684434E+000  1.5896289554717871E+000  1.8840890797549426E+000  2.0915338450018108E+000  2.2436311338170798E+000  2.3572736353026302E+000  2.4429515498292287E+000  2.5077370453298871E+000  2.5561366952693598E+000  2.5916771952109938E+000  2.6333517462652796E+000  2.6469183301908998E+000  2.6403451092264874E+000  2.6187179421325850E+000  2.5854706660803037E+000  2.5187426249612210E+000  2.4370237355498756E+000  2.3110471381660376E+000  2.1351217742754818E+000  1.9472284216795335E+000  1.7534181805837676E+000  1.5582231334403609E+000  1.3652595880599416E+000  1.1775769081391172E+000  9.9785740891941022E-001  8.2851766233080903E-001  5.2658622000548572E-001  2.9001301398051998E-001  1.2629288049940288E-001  2.6890883234036059E-002 -4.3512395025289918E-002 -1.0930717142821790E-001 -1.6920922516640208E-001 -2.1921716090639151E-001 -2.5787067314957191E-001 -2.8517695789761888E-001 -3.0177191471142445E-001 -3.0853906596610858E-001 -3.0644672304649728E-001 -2.9647689035551389E-001 -2.7959359482349788E-001 -2.5672917717796373E-001 -2.2877925308350228E-001 -1.9660204108956780E-001 -1.6101993290175082E-001 -1.2282219741170609E-001 -8.2768212194151772E-002 -4.1590876565692825E-002  0.0000000000000000E+000
  0.0000000000000000E+000  1.2221556251211105E+000  1.6768664656112253E+000  1.9799426656498718E+000  2.2159933569008259E+000  2.4111533799835474E+000  2.5758617557757413E+000  2.7085331222593383E+000  2.8036552066184899E+000  2.8704736037869507E+000  2.9153032947676487E+000  2.9542185066929911E+000  2.9467566021271852E+000  2.9075027050430471E+000  2.8460612704815578E+000  2.7690761677438500E+000  2.6334997600736525E+000  2.4843239078845385E+000  2.2746909625621212E+000  2.0082760866225029E+000  1.7459853632950635E+000  1.4918097056070660E+000  1.2475766161189481E+000  1.0141714870660081E+000  7.9208892811915022E-001  5.8167607115525499E-001  3.8323430356685428E-001  2.2341743720097000E-002 -2.8700905834358514E-001 -5.4308946758634324E-001 -7.4550825190234504E-001 -8.9575067981336864E-001 -9.9555488387256885E-001 -1.0454721948838459E+000 -1.0601129164061267E+000 -1.0531001294951048E+000 -1.0299267425624570E+000 -9.9323643934032335E-001 -9.4487591649239588E-001 -8.8639502880086396E-001 -8.1917394807125132E-001 -7.4446630023431704E-001 -6.6342193164166507E-001 -5.7710341692009071E-001 -4.8649964296423853E-001 -3.9253743347020786E-001 -2.9609163753875145E-001 -1.9799396146032044E-001 -9.9040764280192164E-002  0.0000000000000000E+000
  0.0000000000000000E+000  1.1429740459571336E+000  1.4965589045435661E+000  1.6987026859000258E+000  1.8406374252309874E+000  1.9512704413702309E+000  2.0427683498051561E+000  2.1211108434488541E+000  2.1894302140105797E+000  2.2493727945539379E+000  2.3017362483221757E+000  2.3843503074360646E+000  2.4362088910892128E+000  2.4506342885159897E+000  2.4346469641001462E+000  2.3955599901044584E+000  2.3037193200122097E+000  2.1844224515500743E+000  1.9959964470555671E+000  1.7329231744440141E+000  1.4572380593304985E+000  1.1803690191460616E+000  9.0963829169533739E-001  6.4953630090284253E-001  4.0259851376401085E-001  1.7006608813830845E-001 -4.7622347592164695E-002 -4.3915560098577433E-001 -7.7378040706928719E-001 -1.0543255824250004E+000 -1.2827013521745299E+000 -1.4593212182920396E+000 -1.5818244533798682E+000 -1.6426640494072233E+000 -1.6407494485047238E+000 -1.5989202935185924E+000 -1.5347625244230192E+000 -1.4555939790638672E+000 -1.3648269884657298E+000 -1.2645473026666170E+000 -1.1563168018946897E+000 -1.0414357388599698E+000 -9.2104101550861217E-001 -7.9615160250896722E-001 -6.6769502235394718E-001 -5.3652584242272161E-001 -4.0344004127109240E-001 -2.6918682216525763E-001 -1.3447865268589090E-001  0.0000000000000000E+000
  0.0000000000000000E+000  1.0453385171080893E+000  1.3512321890618160E+000  1.5165920842003331E+000  1.6243745891490387E+000  1.7013849357634629E+000  1.7594495512638062E+000  1.8047591286366882E+000  1.8409295123425229E+000  1.8702404294151627E+000  1.8942122710014127E+000  1.9298865421615696E+000  1.9536509725416402E+000  1.9684638366226059E+000  1.9757568883931400E+000  1.9739913564554816E+000  1.9487849763253875E+000  1.8871833337640647E+000  1.7481107427606337E+000  1.5316938952432320E+000  1.2864142359179018E+000  1.0250006922888715E+000  7.5664773619213599E-001  4.8833828028456722E-001  2.2574099082905055E-001 -2.6411921299843027E-002 -2.6434778172335011E-001 -6.8899846817307508E-001 -1.0390266507568211E+000 -1.3198915676296523E+000 -1.5396005419469572E+000 -1.7038182911535831E+000 -1.8141028131413210E+000 -1.8667168784584680E+000 -1.8557821985927008E+000 -1.7949680489941027E+000 -1.7078598791177944E+000 -1.6060069354020636E+000 -1.4941832143498550E+000 -1.3748418902683819E+000 -1.2495571308055042E+000 -1.1195012742807173E+000 -9.8562622839916303E-001 -8.4874379297305824E-001 -7.0956739741087793E-001 -5.6873739501117915E-001 -4.2683848094337279E-001 -2.8441286219677175E-001 -1.4197088246634074E-001  0.0000000000000000E+000
  0.0000000000000000E+000  9.4076866465576059E-001  1.2135754520078803E+000  1.3596776294311141E+000  1.4541047178935040E+000  1.5210762940337730E+000  1.5712575753331539E+000  1.6102185968945724E+000  1.6412052372155379E+000  1.6662600303909596E+000  1.6867436685364052E+000  1.7173432201714394E+000  1.7381491808308793E+000  1.7519160445236228E+000  1.7603384091963055E+000  1.7645124205728426E+000  1.7642779670739988E+000  1.7576107370279725E+000  1.7397988141370408E+000  1.7019586383917933E+000  1.6141520105598965E+000  1.4121791966161885E+000  1.1583513867734541E+000  8.9384326117178559E-001  6.2496724070787191E-001  3.5678220552031370E-001  9.3606867302515384E-002 -4.0707886890711986E-001 -8.4173582230164823E-001 -1.1863683122575510E+000 -1.4340797733991546E+000 -1.5963315293450262E+000 -1.6890849047923588E+000 -1.7220408535360359E+000 -1.6977348458691324E+000 -1.6263970631831095E+000 -1.5323413553148402E+000 -1.4286492727339244E+000 -1.3194405118115191E+000 -1.2063627176598546E+000 -1.0903819207265342E+000 -9.7220511417789102E-001 -8.5239769591211911E-001 -7.3142759437607718E-001 -6.0968921359616879E-001 -4.8752032368857229E-001 -3.6521542596415790E-001 -2.4303676365351637E-001 -1.2122357154067712E-001  0.0000000000000000E+000
  0.0000000000000000E+000  1.1006152838223300E+000  1.4359379662364109E+000  1.6218437560469889E+000  1.7453323102069738E+000  1.8350231266846171E+000  1.9037364259718779E+000  1.9582689356913991E+000  2.0026333855656300E+000  2.0393836981206457E+000  2.0702382319361941E+000  2.1185140174066022E+000  2.1540924132945127E+000  2.1805660675984506E+000  2.2001720983569011E+000  2.2143752514882076E+000  2.2275385066228965E+000  2.2328302747552660E+000  2.2292197193318763E+000  2.2043325783738963E+000  2.1247140802840838E+000  1.9484792858908953E+000  1.7414340911330000E+000  1.5144518660728086E+000  1.2757368129702444E+000  1.0314781551835277E+000  7.8646041914169340E-001  3.0511898827656264E-001 -1.3917899359029207E-001 -5.2673275523952168E-001 -8.4051112276999573E-001 -1.0671034113163416E+000 -1.2010473413177258E+000 -1.2488530238100652E+000 -1.2253148349936551E+000 -1.1529472333652400E+000 -1.0650544423268637E+000 -9.7677786395797195E-001 -8.9018731380025573E-001 -8.0504484588944458E-001 -7.2101018240286752E-001 -6.3788832689707209E-001 -5.5559088777988352E-001 -4.7408086081298628E-001 -3.9333718009037316E-001 -3.1333681043532363E-001 -2.3404786674090938E-001 -1.5542878980026140E-001 -7.7430523049628719E-002  0.0000000000000000E+000
  0.0000000000000000E+000  1.3338671777709064E+000  1.7351061743344200E+000  1.9558739516449875E+000  2.1019643988854795E+000  2.2079572358024775E+000  2.2892371504180695E+000  2.3539076012406297E+000  2.4067248499840068E+000  2.4507006148662400E+000  2.4878525094600019E+000  2.5466827007167421E+000  2.5909243122919943E+000  2.6247573588264275E+000  2.6507890565615084E+000  2.6707399254271675E+000  2.6916681471412724E+000  2.7041921677300973E+000  2.7104914052676499E+000  2.7046447681649504E+000  2.6846822802058630E+000  2.6438075402930945E+000  2.5268282892665588E+000  2.3166662365416064E+000  2.0869006177911777E+000  1.8457379045784479E+000  1.5999891528941814E+000  1.1115084573741898E+000  6.6659639013456318E-001  2.8460699104851461E-001 -2.7441710587174872E-002 -2.6671838384480134E-001 -4.3109950906757000E-001 -5.1922678546650458E-001 -5.3142779119441186E-001 -4.7801654475624922E-001 -4.1191621713192039E-001 -3.5427907838659201E-001 -3.0496768650513534E-001 -2.6227946651921297E-001 -2.2474505763919567E-001 -1.9126315328730198E-001 -1.6102504485978725E-001 -1.3342129907860217E-001 -1.0796860162661212E-001 -8.4260173043169795E-002 -6.1934792124525045E-002 -4.0658614547675984E-002 -2.0115132062211459E-002  0.0000000000000000E+000
  0.0000000000000000E+000  1.4634075010234666E+000  1.9326660087755367E+000  2.2038531331975237E+000  2.3904036094960688E+000  2.5300954030982106E+000  2.6400977034594586E+000  2.7296563730434835E+000  2.8043184569474446E+000  2.8676710440544064E+000  2.9221651252712708E+000  3.0107259648562632E+000  3.0797867644713155E+000  3.1347816783518216E+000  3.1791779395281199E+000  3.2153057307851594E+000  3.2572717163795941E+000  3.2879438793092470E+000  3.3150394081125274E+000  3.3309782468461888E+000  3.3188183677677716E+000  3.2506661716751015E+000  3.1253551910562649E+000  2.9661029798507350E+000  2.7828215416760451E+000  2.5835892884651446E+000  2.3750602724397059E+000  1.9465254791658479E+000  1.5355275813511517E+000  1.1640354493594207E+000  8.4716942798901185E-001  5.9466646305857540E-001  4.1105754287788404E-001  2.9583204807903662E-001  2.4475069549925535E-001  2.5748150495878763E-001  2.9008484039596999E-001  3.0692189861289587E-001  3.1153105741291259E-001  3.0617552979035334E-001  2.9278029873344225E-001  2.7294399545656139E-001  2.4796575257191350E-001  2.1890058953280148E-001  1.8661874795992939E-001  1.5185682746965407E-001  1.1525741253858500E-001  7.7397984369167908E-002  3.8811348015904461E-002  0.0000000000000000E+000
  0.0000000000000000E+000  1.5328967663027919E+000  2.0729006669269427E+000  2.4079740252964825E+000  2.6517545440665362E+000  2.8426821983478177E+000  2.9985768311397019E+000  3.1292684771450143E+000  3.2408225925077216E+000  3.3372871659740881E+000  3.4215241679728190E+000  3.5603524424669177E+000  3.6700931917464779E+000  3.7580517901301027E+000  3.8290934159597976E+000  3.8865183519568776E+000  3.9513347880116001E+000  3.9944896743382658E+000  4.0196468122901807E+000  3.9949762366918895E+000  3.9164572572688590E+000  3.7961067026627284E+000  3.6443134120676013E+000  3.4702289664991506E+000  3.2817888031706897E+000  3.0855544252847626E+000  2.8866897054199803E+000  2.4931307869577166E+000  2.1259669008296549E+000  1.7982945225798788E+000  1.5186821607587633E+000  1.2922323507979601E+000  1.1208265647133566E+000  1.0031136577524113E+000  9.3435657101636516E-001  9.0555218725063480E-001  8.9223200509260903E-001  8.6905067772727418E-001  8.3228066459564165E-001  7.8386998928068918E-001  7.2587843859309198E-001  6.6013698800967924E-001  5.8819926244662479E-001  5.1136870550412927E-001  4.3074416578083480E-001  3.4726510153096912E-001  2.6175056037817729E-001  1.7493088672707949E-001  8.7472912441606335E-002  0.0000000000000000E+000
  0.0000000000000000E+000  1.5875316105684132E+000  2.2007396493753091E+000  2.6111093216770613E+000  2.9289389444726281E+000  3.1911006890440223E+000  3.4144657486735124E+000  3.6082372906619442E+000  3.7780658987199094E+000  3.9277475378187829E+000  4.0560604897653887E+000  4.2502485741536820E+000  4.3849162558596264E+000  4.4764602751216636E+000  4.5354148089200104E+000  4.5689609688087618E+000  4.5817158366098667E+000  4.5608697456250642E+000  4.4939222617938501E+000  4.3660990914710247E+000  4.2066196981197326E+000  4.0272473914069264E+000  3.8361420818436591E+000  3.6391269327217768E+000  3.4404945064813064E+000  3.2435307672659834E+000  3.0508425261925605E+000  2.6848318435841123E+000  2.3570741840440963E+000  2.0750292120124674E+000  1.8420183555616321E+000  1.6581111982345103E+000  1.5208248618717672E+000  1.4253647719644278E+000  1.3641074289089508E+000  1.3241938740778183E+000  1.2786790476665846E+000  1.2213360720518438E+000  1.1550696703773777E+000  1.0776786582958611E+000  9.9052157380812711E-001  8.9539657154180452E-001  7.9392842075349934E-001  6.8749748798244148E-001  5.7726916412543061E-001  4.6423727290831435E-001  3.4926392143845186E-001  2.3311285898954992E-001  1.1647680604028553E-001  0.0000000000000000E+000
  0.0000000000000000E+000  1.5447925614697871E+000  2.1506123754807742E+000  2.5614051702719642E+000  2.8832228736526062E+000  3.1513517093784418E+000  3.3818400172448708E+000  3.5833880511766298E+000  3.7597932212998457E+000  3.9029865649585398E+000  4.0201810026829952E+000  4.1943094673254526E+000  4.3111121360540183E+000  4.3864815683070670E+000  4.4306289991782943E+000  4.4505097113322520E+000  4.4445315064815540E+000  4.4066914952588219E+000  4.3191624085091860E+000  4.1681221683761169E+000  3.9878222340331040E+000  3.7901935274692184E+000  3.5841074338705283E+000  3.3763380076521239E+000  3.1720397372842739E+000  2.9750307898813282E+000  2.7880164202441780E+000  2.4498884679817681E+000  2.1657305547425261E+000  1.9358296988670414E+000  1.7571804709203753E+000  1.6248395660943173E+000  1.5324320955807438E+000  1.4721371178475620E+000  1.4341747696042482E+000  1.4055517580397516E+000  1.3680228166313244E+000  1.3053592010585551E+000  1.2269072322788881E+000  1.1385921393382261E+000  1.0420702636804204E+000  9.3877474990297372E-001  8.3006886150941117E-001  7.1715479896102541E-001  6.0106142899340798E-001  4.8266686632011635E-001  3.6272872796466488E-001  2.4191291100277917E-001  1.2081866038903766E-001  0.0000000000000000E+000
  0.0000000000000000E+000  1.4066111245026205E+000  1.9825930764258559E+000  2.3776048720059162E+000  2.6857876681026815E+000  2.9394314859172068E+000  3.1539229830948572E+000  3.3239909076909742E+000  3.4578542284878169E+000  3.5643679960009447E+000  3.6495368660535124E+000  3.7705719470922130E+000  3.8449203614146374E+000  3.8856789804689287E+000  3.9012296434707796E+000  3.8972619730676143E+000  3.8626198081505714E+000  3.8025887845096267E+000  3.6931482363869654E+000  3.5236220767842830E+000  3.3315732424443389E+000  3.1267773641682481E+000  2.9167712894432496E+000  2.7077065965606710E+000  2.5047106594037198E+000  2.3119726832364562E+000  2.1327040541390954E+000  1.8224566196024838E+000  1.5810810620967273E+000  1.4040210680512524E+000  1.2822567990179525E+000  1.2056207459558230E+000  1.1639229123631016E+000  1.1469684521503214E+000  1.1441150055062148E+000  1.1436048097411922E+000  1.1320719017144043E+000  1.0972372963713592E+000  1.0383108275617292E+000  9.6399999897197364E-001  8.8060330986802182E-001  7.9132199429252137E-001  6.9795667081434520E-001  6.0167828812821489E-001  5.0333220813612345E-001  4.0357332114796385E-001  3.0293482216389772E-001  2.0186820231786479E-001  1.0076971624071610E-001  0.0000000000000000E+000
  0.0000000000000000E+000  1.2565077823245758E+000  1.7810694043925395E+000  2.1437649270110164E+000  2.4266932567806756E+000  2.6578841452718343E+000  2.8258912131202325E+000  2.9506065615280019E+000  3.0441751936875567E+000  3.1143676661260580E+000  3.1664438811046063E+000  3.2289963145232097E+000  3.2528936285665213E+000  3.2495197669420826E+000  3.2261351377278040E+000  3.1876484317558251E+000  3.1083064018416717E+000  3.0108366362761898E+000  2.8610868495833959E+000  2.6541158242057494E+000  2.4362790355363408E+000  2.2149912797937867E+000  1.9957154814521270E+000  1.7827974807017171E+000  1.5799133167280037E+000  1.3902818488285185E+000  1.2167048619609084E+000  9.2648278712478893E-001  7.1871221344574998E-001  5.8752410512032649E-001  5.1851634574259398E-001  4.9574544238415896E-001  5.0493652246160126E-001  5.3384604961717996E-001  5.7167879912834640E-001  6.0841261611116693E-001  6.3441104160756934E-001  6.4126766100481558E-001  6.2539219270318680E-001  5.9053872573753252E-001  5.4339201717723007E-001  4.8916583733325864E-001  4.3102618376547747E-001  3.7076594337035679E-001  3.0939480317377727E-001  2.4749451355515731E-001  1.8541440097861381E-001  1.2337659153957851E-001  6.1533363896464487E-002  0.0000000000000000E+000
  0.0000000000000000E+000  1.1495053642594286E+000  1.6607947266745353E+000  2.0030758674942022E+000  2.2211318740618013E+000  2.3642430707815127E+000  2.4610548363859914E+000  2.5266948164518994E+000  2.5700716815790248E+000  2.5968485879660959E+000  2.6108364496461478E+000  2.6096223348947856E+000  2.5815528674825590E+000  2.5347407290675164E+000  2.4743490056013551E+000  2.4038729690038636E+000  2.2840003236433120E+000  2.1528502355954471E+000  1.9665329688211064E+000  1.7242623055618944E+000  1.4801778843105087E+000  1.2399944425127480E+000  1.0079176819799378E+000  7.8725305017794300E-001  5.8075130394209096E-001  3.9080680857988070E-001  2.1955665936294741E-001 -5.9146880707072629E-002 -2.4529378162275470E-001 -3.4291836234918160E-001 -3.6949967409118201E-001 -3.4670455712487996E-001 -2.9309285048477901E-001 -2.2272479708681206E-001 -1.4617317210674743E-001 -7.1711483350027444E-002 -6.1242097008083578E-003  4.5137995110466136E-002  7.8915797433937396E-002  9.5794588936493508E-002  9.9601216661599920E-002  9.4963601531721883E-002  8.5584679814916728E-002  7.3892954562536264E-002  6.1304197324031445E-002  4.8564734078594594E-002  3.6015194881425176E-002  2.3762781762129419E-002  1.1786433435244581E-002  0.0000000000000000E+000
  0.0000000000000000E+000  1.0108026841298858E+000  1.4653644753315049E+000  1.7649193978163134E+000  1.9361550070331792E+000  2.0387266259614525E+000  2.0991888507203105E+000  2.1315564321316804E+000  2.1440789764001402E+000  2.1419985840116569E+000  2.1288411923862074E+000  2.0775614819187656E+000  2.0044481172436530E+000  1.9169528829887077E+000  1.8197878339895968E+000  1.7161094712688516E+000  1.5524859754681142E+000  1.3842155383652837E+000  1.1575361222292302E+000  8.7744577272280089E-001  6.0699742428076331E-001  3.4957607063537499E-001  1.0738344089301145E-001 -1.1798311684684906E-001 -3.2521553179387913E-001 -5.1312136566910360E-001 -6.8053137667738661E-001 -9.4865656640108431E-001 -1.1210899163568819E+000 -1.1977563882148519E+000 -1.1948389619223128E+000 -1.1386500871260676E+000 -1.0521565131726140E+000 -9.5093659437237477E-001 -8.4497180112907855E-001 -7.4079416199489867E-001 -6.4288941412169609E-001 -5.5444440806063566E-001 -4.7745428128482753E-001 -4.1230094490565916E-001 -3.5752744052507235E-001 -3.1048322911341641E-001 -2.6837913040196421E-001 -2.2897490872403656E-001 -1.9076061764222063E-001 -1.5286074790973805E-001 -1.1486141141996509E-001 -7.6652176261129010E-002 -3.8306867742049375E-002  0.0000000000000000E+000
  0.0000000000000000E+000  8.7770327635734924E-001  1.2566572338915996E+000  1.5012114421073306E+000  1.6309756762735577E+000  1.6999033615756025E+000  1.7319146571658197E+000  1.7395817090507246E+000  1.7302723955688950E+000  1.7086461450905370E+000  1.6778204985892196E+000  1.5957226577226133E+000  1.4964936150973622E+000  1.3865227542240728E+000  1.2697885352068092E+000  1.1489161795928831E+000  9.6314505697684161E-001  7.7623316285436816E-001  5.2910989212192805E-001  2.2926359802320365E-001 -5.5478364763917751E-002 -3.2232793916468672E-001 -5.6954125047006576E-001 -7.9599756220870643E-001 -1.0009538334418600E+000 -1.1838874501009755E+000 -1.3443874208517019E+000 -1.5955121882407748E+000 -1.7518193515942495E+000 -1.8130699998033060E+000 -1.7913147127298437E+000 -1.7143021772615006E+000 -1.6087513852490760E+000 -1.4911003389363024E+000 -1.3701551777036862E+000 -1.2505658064302421E+000 -1.1348192567866924E+000 -1.0243007319517599E+000 -9.1980259932898412E-001 -8.2161054644437115E-001 -7.2936991978549026E-001 -6.4208490411942487E-001 -5.5840315889054404E-001 -4.7699556866089710E-001 -3.9681090805271446E-001 -3.1715819623353320E-001 -2.3767657917029669E-001 -1.5826006421601582E-001 -7.8977017847732547E-002  0.0000000000000000E+000
  0.0000000000000000E+000  8.2720034058372682E-001  1.1732033062380287E+000  1.3820496143199956E+000  1.4849930653780896E+000  1.5323148717309751E+000  1.5462041672911548E+000  1.5382666397271059E+000  1.5152697657424634E+000  1.4814717104007900E+000  1.4397073471671853E+000  1.3386951016798652E+000  1.2235623539967724E+000  1.1000048043036272E+000  9.7154422416220054E-001  8.4049073623918580E-001  6.4188737947046626E-001  4.4459526682758083E-001  1.8687273051198389E-001 -1.2177718477556680E-001 -4.1109990344433739E-001 -6.7885707735078238E-001 -9.2377863704715624E-001 -1.1452053626591236E+000 -1.3428766881818164E+000 -1.5167888006065333E+000 -1.6670900919025657E+000 -1.8961207695248954E+000 -2.0329362826201498E+000 -2.0799384056826815E+000 -2.0464778731999402E+000 -1.9594093635772394E+000 -1.8483907162730306E+000 -1.7297760778702638E+000 -1.6103756432230214E+000 -1.4926806953088623E+000 -1.3773177826244454E+000 -1.2641738437392442E+000 -1.1529674614514325E+000 -1.0434935136974890E+000 -9.3562362814371414E-001 -8.2919347682078448E-001 -7.2393461366027123E-001 -6.1951006048324386E-001 -5.1560233827460378E-001 -4.1198620819048853E-001 -3.0855925921350202E-001 -2.0533681865369480E-001 -1.0242722168081873E-001  0.0000000000000000E+000
  0.0000000000000000E+000  8.2835209026369794E-001  1.1708744811802065E+000  1.3861774306537828E+000  1.4940273833714859E+000  1.5438340125550181E+000  1.5587299183144345E+000  1.5508255968019884E+000  1.5271917822445005E+000  1.4922846415538158E+000  1.4490767533958218E+000  1.3444701400584815E+000  1.2253558147317047E+000  1.0977772663340979E+000  9.6549131882748152E-001  8.3097059675299501E-001  6.2803676626311244E-001  4.2769699797776739E-001  1.6804769590575488E-001 -1.3958792516804305E-001 -4.2447370898640224E-001 -6.8489601492915542E-001 -9.2013885582686894E-001 -1.1300776739223950E+000 -1.3149567351089477E+000 -1.4752553701604356E+000 -1.6115974448046186E+000 -1.8131738776781099E+000 -1.9272523051851795E+000 -1.9596595523693208E+000 -1.9191485397644856E+000 -1.8306977339824488E+000 -1.7263448231186045E+000 -1.6212005252116215E+000 -1.5191407490659665E+000 -1.4202525653560496E+000 -1.3234342472170861E+000 -1.2273300586074771E+000 -1.1307668927490719E+000 -1.0329687891564814E+000 -9.3360078937194679E-001 -8.3267800062643282E-001 -7.3041551617412637E-001 -6.2709985814779501E-001 -5.2301854837579898E-001 -4.1843860686843243E-001 -3.1360910547157778E-001 -2.0876936228756829E-001 -1.0415492799364703E-001  0.0000000000000000E+000
  0.0000000000000000E+000  9.2550265922467290E-001  1.3277520925500137E+000  1.5671565906740985E+000  1.6888265753625129E+000  1.7484485478370952E+000  1.7706916966455510E+000  1.7685103244352076E+000  1.7494877648788956E+000  1.7184126767796521E+000  1.6784829829911894E+000  1.5792858540641599E+000  1.4647600109938603E+000  1.3413571758863689E+000  1.2130560252083002E+000  1.0824527012180991E+000  8.8542045265167291E-001  6.9113001347715597E-001  4.3994454394378057E-001  1.4378448590944840E-001 -1.2838139699533935E-001 -3.7469677748117008E-001 -5.9448229050437562E-001 -7.8782228066045268E-001 -9.5530687805368719E-001 -1.0978534147648471E+000 -1.2165751292605118E+000 -1.3849109342331403E+000 -1.4725503007354188E+000 -1.4890300487381576E+000 -1.4441750932899120E+000 -1.3608708123888253E+000 -1.2731525536951724E+000 -1.1933166239760324E+000 -1.1213415735849739E+000 -1.0548571718293078E+000 -9.9128070437270321E-001 -9.2830716066920571E-001 -8.6410144724298887E-001 -7.9739794670810049E-001 -7.2752023680492528E-001 -6.5431417064125064E-001 -5.7801364563558622E-001 -4.9908366634835033E-001 -4.1808467363741408E-001 -3.3558049265424256E-001 -2.5208986960362395E-001 -1.6807030558949318E-001 -8.3921645754256077E-002  0.0000000000000000E+000
  0.0000000000000000E+000  9.9070879535906875E-001  1.4200773717080328E+000  1.7133073463405133E+000  1.8816096604223238E+000  1.9777089607460647E+000  2.0297736612289392E+000  2.0526535618068031E+000  2.0550820861022294E+000  2.0426054044325399E+000  2.0189529108377742E+000  1.9466762573334486E+000  1.8535027697437407E+000  1.7473334482786722E+000  1.6331855836615412E+000  1.5144373169271379E+000  1.3320387536583758E+000  1.1500874608995262E+000  9.1345596910317928E-001  6.3466687473771910E-001  3.8045682349494747E-001  1.5321999122497104E-001 -4.6385431310761886E-002 -2.1874948946005976E-001 -3.6489698160841738E-001 -4.8622787197812356E-001 -5.8434776625114726E-001 -7.1488622608159247E-001 -7.7306639617082040E-001 -7.7202290298539256E-001 -7.2384217288875474E-001 -6.4986782514219854E-001 -5.8592890919712182E-001 -5.3925596930964814E-001 -5.0515972984436253E-001 -4.7909272906087536E-001 -4.5740078645561599E-001 -4.3718523387405800E-001 -4.1622037442422688E-001 -3.9292061954271479E-001 -3.6630964117519338E-001 -3.3595909926086320E-001 -3.0188720575401023E-001 -2.6443003434897816E-001 -2.2411087498347840E-001 -1.8153084922473126E-001 -1.3729295251797702E-001 -9.1960274936026432E-002 -4.6042194056869379E-002  0.0000000000000000E+000
  0.0000000000000000E+000  1.0524047139739989E+000  1.4896037149785732E+000  1.7943754666060530E+000  2.0257613962147687E+000  2.1713099466637793E+000  2.2640515180433622E+000  2.3214622091705128E+000  2.3538553581052843E+000  2.3678013508953479E+000  2.3677311153926452E+000  2.3358314108677307E+000  2.2762516361145106E+000  2.1984837894252443E+000  2.1085908823111006E+000  2.0106928796230483E+000  1.8542572507784596E+000  1.6933470123352428E+000  1.4789759795951036E+000  1.2220212879958787E+000  9.8653032229616577E-001  7.7734629572775671E-001  5.9648601794928913E-001  4.4401033184327510E-001  3.1871615702024503E-001  2.1867140118587236E-001  1.4159411064632929E-001  5.0271418102001350E-002  2.2738181105225966E-002  4.2162090819224889E-002  9.3706258316940433E-002  1.5653402916609782E-001  1.9288085139271480E-001  2.0365361941950058E-001  1.9830621878504590E-001  1.8287588225256110E-001  1.6155180635370373E-001  1.3743933638047270E-001  1.1286944632887941E-001  8.9539372295383696E-002  6.8591767983890606E-002  5.0680891437497273E-002  3.6048350729604370E-002  2.4613217029137654E-002  1.6068881033878688E-002  9.9737669480903408E-003  5.8247063430376580E-003  3.1073024697209632E-003  1.3234209020334048E-003  0.0000000000000000E+000
  0.0000000000000000E+000  1.1013970756505536E+000  1.5060332038486495E+000  1.7748061346746629E+000  1.9849644993126041E+000  2.1603801407288183E+000  2.3105588879005796E+000  2.4200986713546788E+000  2.4977422621586194E+000  2.5516213757148254E+000  2.5872357686189544E+000  2.6166537463535797E+000  2.6083046792134938E+000  2.5740221469714557E+000  2.5213695978927837E+000  2.4554984334629077E+000  2.3387654691481896E+000  2.2093698670075423E+000  2.0264263537899962E+000  1.7956380904900109E+000  1.5767412947940083E+000  1.3790652729567692E+000  1.2083497469119802E+000  1.0671182616179342E+000  9.5520414426113587E-001  8.7056307829048685E-001  8.1013856090479841E-001  7.5292043437088074E-001  7.5334497688641044E-001  7.8991879137193022E-001  8.4481592219586432E-001  8.9668104218868128E-001  9.0525202310815156E-001  8.8313173263421496E-001  8.4334320192240808E-001  7.9242934924617203E-001  7.3455729226432442E-001  6.7267960559131867E-001  6.0897218821677246E-001  5.4503933805692417E-001  4.8202539022908464E-001  4.2068729506890390E-001  3.6145431383288196E-001  3.0448701411776707E-001  2.4973838722510300E-001  1.9701396808005073E-001  1.4602557714992698E-001  9.6434170620205817E-002  4.7879861923628086E-002  0.0000000000000000E+000
  0.0000000000000000E+000  1.1830234950163898E+000  1.5635874041943656E+000  1.7917429217565231E+000  1.9585832882552898E+000  2.0934206501551875E+000  2.2087995720105518E+000  2.3108426532595367E+000  2.4026858391058039E+000  2.4858882667707509E+000  2.5610980010709374E+000  2.6737606830734522E+000  2.7347162704520334E+000  2.7593259737043723E+000  2.7574286844245979E+000  2.7357155547737038E+000  2.6750031209537490E+000  2.5915604158012284E+000  2.4565479626606743E+000  2.2670365434584401E+000  2.0716242490077872E+000  1.8825559803871148E+000  1.7096636798892211E+000  1.5609385819818520E+000  1.4419193347318982E+000  1.3544781649708011E+000  1.2965165583573488E+000  1.2571611683926396E+000  1.2771487909116566E+000  1.3264406805283424E+000  1.3834208036131419E+000  1.4256080019334216E+000  1.4099727090650511E+000  1.3634685648645579E+000  1.2999610025033574E+000  1.2255328622440365E+000  1.1438740439274100E+000  1.0575049330779418E+000  9.6824310566553295E-001  8.7743116322605696E-001  7.8606257208600883E-001  6.9485712956026269E-001  6.0431107672814366E-001  5.1473564636955094E-001  4.2629128380779713E-001  3.3902023513580315E-001  2.5287731008233111E-001  1.6775740654459406E-001  8.3518533595211025E-002  0.0000000000000000E+000
  0.0000000000000000E+000  1.2813583334162801E+000  1.6710421716605006E+000  1.8888268728534023E+000  2.0356297271014854E+000  2.1444637200633792E+000  2.2301239423724892E+000  2.3005739531020981E+000  2.3607796693145944E+000  2.4147688616786884E+000  2.4644667264657851E+000  2.5540863338261532E+000  2.6328983558885461E+000  2.7006127053987385E+000  2.7550780835692659E+000  2.7885509121447138E+000  2.7981635367342630E+000  2.7731119980935031E+000  2.7011329503788830E+000  2.5712241262427304E+000  2.4171334340356752E+000  2.2521053166050393E+000  2.0858653615853973E+000  1.9263633260018462E+000  1.7808299770003317E+000  1.6564429301232000E+000  1.5602716449603415E+000  1.4831359200372247E+000  1.5017729681761649E+000  1.5546532771749799E+000  1.6101180635110650E+000  1.6436771338718907E+000  1.6112659997588863E+000  1.5528970208714223E+000  1.4800769188136009E+000  1.3977777038672945E+000  1.3089174554995548E+000  1.2154045364600823E+000  1.1185662204989173E+000  1.0193683029374225E+000  9.1853924102009177E-001  8.1664299076137559E-001  7.1412223387195961E-001  6.1132464522176666E-001  5.0852021323743057E-001  4.0591455466446413E-001  3.0366087079069182E-001  2.0187157880889298E-001  1.0062973075666634E-001  0.0000000000000000E+000
  0.0000000000000000E+000  1.2230350429389254E+000  1.7318979623794333E+000  2.0614218951620824E+000  2.2981890273569614E+000  2.4757875310137067E+000  2.6120911830901812E+000  2.7182490935561812E+000  2.8018283631073202E+000  2.8680330100257190E+000  2.9206853824824353E+000  2.9949477807750915E+000  3.0392395703103046E+000  3.0617783894231545E+000  3.0677848476142033E+000  3.0607959749717089E+000  3.0311276415722794E+000  2.9838982700971055E+000  2.9004131398366351E+000  2.7728030575675695E+000  2.6289084542188759E+000  2.4757315918866651E+000  2.3186708068923556E+000  2.1621902018692083E+000  2.0102460086263507E+000  1.8665775302160241E+000  1.7349234508357825E+000  1.5193333212889550E+000  1.4190685106493035E+000  1.4469291516348168E+000  1.4920983656627147E+000  1.5158524731515044E+000  1.4776595407023172E+000  1.4212612891254044E+000  1.3543680631969670E+000  1.2805206570788341E+000  1.2017024252058279E+000  1.1191164387819599E+000  1.0335361392506186E+000  9.4549341544979881E-001  8.5538736837699170E-001  7.6354806716203971E-001  6.7027247851437788E-001  5.7584277163208697E-001  4.8053388664571739E-001  3.8461527298683423E-001  2.8835019232884634E-001  1.9199469853252119E-001  9.5797357570953562E-002  0.0000000000000000E+000
  0.0000000000000000E+000  1.3808356754057749E+000  1.8936607789652946E+000  2.2377107300931049E+000  2.5097397605059393E+000  2.7400459153300685E+000  2.9409963215385053E+000  3.1181858056037131E+000  3.2574077410053452E+000  3.3633449921871250E+000  3.4433539625375258E+000  3.5433654878117720E+000  3.5879192637733812E+000  3.5938144226818665E+000  3.5721127831887407E+000  3.5305306808250192E+000  3.4415576924516986E+000  3.3333424448495257E+000  3.1721169903066686E+000  2.9598894866554617E+000  2.7477196526392569E+000  2.5412963290228388E+000  2.3434869843260615E+000  2.1559007088669957E+000  1.9796152427859646E+000  1.8155134712486147E+000  1.6644400055081108E+000  1.4035201112156084E+000  1.2069397297654385E+000  1.0855914517622043E+000  1.0715748657056900E+000  1.0785222860599664E+000  1.0465424434718076E+000  1.0044077042883566E+000  9.5660106520245980E-001  9.0514526316336685E-001  8.5103275525555078E-001  7.9474361313735820E-001  7.3649638246329507E-001  6.7638746234633984E-001  6.1447327153266940E-001  5.5081859317565163E-001  4.8552298472254352E-001  4.1873233503723561E-001  3.5064045942994049E-001  2.8148444689831520E-001  2.1153662986685010E-001  1.4109527427860413E-001  7.0475341344882925E-002  0.0000000000000000E+000
  0.0000000000000000E+000  1.3457611938526046E+000  1.7650081242749220E+000  2.0053044659825021E+000  2.1720755155579976E+000  2.3007149501397999E+000  2.4075214856574916E+000  2.5000330452985553E+000  2.5824337892065503E+000  2.6571558604197101E+000  2.7256307229410615E+000  2.8466818989786709E+000  2.9481843496658500E+000  3.0293103337219471E+000  3.0827739293430958E+000  3.1060105953792383E+000  3.0963933391735923E+000  3.0483130563331340E+000  2.9409044954095704E+000  2.7615065054045438E+000  2.5548163394846073E+000  2.3361036845877510E+000  2.1159906035169143E+000  1.9017568090045684E+000  1.6981423198816825E+000  1.5080000746445090E+000  1.3328735105474476E+000  1.0294569919654575E+000  7.8955164402621503E-001  6.1187786963044255E-001  4.9518625813976030E-001  4.3768831191198959E-001  4.1434146776703090E-001  3.9469936011315815E-001  3.7483473344308688E-001  3.5489439395694883E-001  3.3493236145751715E-001  3.1478397228450639E-001  2.9418233546463701E-001  2.7284299729918066E-001  2.5051561398148375E-001  2.2701391670922386E-001  2.0223102342870966E-001  1.7614431221974047E-001  1.4881272170570492E-001  1.2036871156965222E-001  9.1006742488639991E-002  6.0969801883780955E-002  3.0535139571233910E-002  0.0000000000000000E+000
  0.0000000000000000E+000  1.2111219244251026E+000  1.5716136904913312E+000  1.7696415787092832E+000  1.9008759057156506E+000  1.9963298229967910E+000  2.0697262931778089E+000  2.1282689758389108E+000  2.1761776312523251E+000  2.2161215007204009E+000  2.2498879784078794E+000  2.3033321473398716E+000  2.3433177145700599E+000  2.3735408457680944E+000  2.3962917058670321E+000  2.4130550027964532E+000  2.4289524330781647E+000  2.4340940419210426E+000  2.4145590560486507E+000  2.3222726366211033E+000  2.1750971278265867E+000  1.9978592514318201E+000  1.8011895155051747E+000  1.5933396925801095E+000  1.3809119854662375E+000  1.1695396304361445E+000  9.6426721065606291E-001  5.8510809688178111E-001  2.7576158321924427E-001  4.3130900352547172E-002 -1.1997353918837537E-001 -2.2279344319523292E-001 -2.6955290596653514E-001 -2.7599477295666935E-001 -2.6740865970189215E-001 -2.5348644640497225E-001 -2.3673526609323048E-001 -2.1813750506018673E-001 -1.9836894772717570E-001 -1.7799736944444128E-001 -1.5750078710321430E-001 -1.3726157358679758E-001 -1.1756251185685528E-001 -9.8587947120059694E-002 -8.0429555012761611E-002 -6.3095812526748618E-002 -4.6524264083220843E-002 -3.0595726281044181E-002 -1.5149653809037570E-002  0.0000000000000000E+000
  0.0000000000000000E+000  1.0272629773046182E+000  1.3290910534519891E+000  1.4928222916166993E+000  1.6000615011436483E+000  1.6772107371997367E+000  1.7359219227898535E+000  1.7822935126865675E+000  1.8198869151423627E+000  1.8509480831044769E+000  1.8769766048616967E+000  1.9176396662779609E+000  1.9475728664018237E+000  1.9698530566733163E+000  1.9863930927337916E+000  1.9984513375449537E+000  2.0098869596082980E+000  2.0150764090752582E+000  2.0142032018232916E+000  2.0027139568548464E+000  1.9805139353240504E+000  1.9447797215394631E+000  1.8611754204911557E+000  1.6806423089120339E+000  1.4652323074913500E+000  1.2412127310201240E+000  1.0135414481251288E+000  5.5743670865398953E-001  1.3002075140540700E-001 -2.4450622849294024E-001 -5.4201977735231710E-001 -7.4261714159671333E-001 -8.4313264532873666E-001 -8.6217027056050410E-001 -8.3672080396646376E-001 -7.9468601700721020E-001 -7.4589616973237349E-001 -6.9337150530911618E-001 -6.3833307771506753E-001 -5.8152739371678419E-001 -5.2353584327234204E-001 -4.6483804545095925E-001 -4.0582275611547486E-001 -3.4679143012317099E-001 -2.8796350399214171E-001 -2.2948444135409010E-001 -1.7143608702600568E-001 -1.1384872088071424E-001 -5.6714247272729765E-002  0.0000000000000000E+000
  0.0000000000000000E+000  1.0759265269784859E+000  1.4026925213437900E+000  1.5836721373246734E+000  1.7039508630171947E+000  1.7914578408951161E+000  1.8586765457006622E+000  1.9122117185614413E+000  1.9559558025515758E+000  1.9923824861921935E+000  2.0231542054175047E+000  2.0718521490856010E+000  2.1084497291716886E+000  2.1364220664666878E+000  2.1579413399483913E+000  2.1744423049258823E+000  2.1917815131427840E+000  2.2022239010899862E+000  2.2076162209366412E+000  2.2030409880128192E+000  2.1864779666123462E+000  2.1484230777931734E+000  2.0514416579833292E+000  1.8755125058555395E+000  1.6775562678059217E+000  1.4647670135477104E+000  1.2428458505314399E+000  7.8474230987266114E-001  3.3583954290194107E-001 -8.4017437074199730E-002 -4.5875094706671782E-001 -7.7400305510922029E-001 -1.0156064735769579E+000 -1.1669465423216772E+000 -1.2019920828835831E+000 -1.1569266453965852E+000 -1.0899099197499578E+000 -1.0152793869970353E+000 -9.3675270719441317E-001 -8.5566760039268641E-001 -7.7270877386116188E-001 -6.8835683436710215E-001 -6.0300624156314286E-001 -5.1699355082056164E-001 -4.3060411820335232E-001 -3.4407583960465582E-001 -2.5760420535640166E-001 -1.7134911715257400E-001 -8.5443046126488675E-002  0.0000000000000000E+000
  0.0000000000000000E+000  1.2292862005511143E+000  1.5974163099498844E+000  1.7994428934303963E+000  1.9329061703882067E+000  2.0296242202519577E+000  2.1037297553247538E+000  2.1626568581298491E+000  2.2107641780224956E+000  2.2508092196011447E+000  2.2846379557909793E+000  2.3382169422449763E+000  2.3785457811007000E+000  2.4094423343919096E+000  2.4332878643995910E+000  2.4516548745848219E+000  2.4711366161527657E+000  2.4831378843626601E+000  2.4900148634142405E+000  2.4869568491537111E+000  2.4730014772298854E+000  2.4483633474522333E+000  2.4092032324413819E+000  2.3154932709719138E+000  2.1183340096315115E+000  1.8884484675105566E+000  1.6475046627939196E+000  1.1468863068279804E+000  6.5757219355458019E-001  2.0375205205658464E-001 -2.0019931822452769E-001 -5.4677618890812274E-001 -8.3133351266010902E-001 -1.0491430081843920E+000 -1.1927570483757699E+000 -1.2404081284956328E+000 -1.1905375277160124E+000 -1.1163900166892202E+000 -1.0335713881403303E+000 -9.4620882660925054E-001 -8.5600968470440686E-001 -7.6383381104699333E-001 -6.7020167908432771E-001 -5.7548980280356399E-001 -4.8000853768414709E-001 -3.8403290278685515E-001 -2.8781508577772169E-001 -1.9159036750232827E-001 -9.5581051523529637E-002  0.0000000000000000E+000
  0.0000000000000000E+000  1.3306311637112220E+000  1.7516687078387660E+000  1.9921710383824758E+000  2.1559569043175841E+000  2.2775350805793413E+000  2.3725442514054813E+000  2.4493749718313986E+000  2.5130393530055479E+000  2.5667632457701055E+000  2.6127400128603302E+000  2.6869372118195733E+000  2.7442808036837705E+000  2.7895382510190534E+000  2.8257288277900323E+000  2.8548689519906114E+000  2.8881911868720422E+000  2.9119253272489036E+000  2.9318720491210133E+000  2.9416617650688237E+000  2.9356627098043631E+000  2.9017706315964076E+000  2.8110795180487860E+000  2.6558029332952438E+000  2.4715335534407008E+000  2.2664969499399121E+000  2.0473513064608948E+000  1.5831821271810100E+000  1.1169842134754546E+000  6.7045949601678190E-001  2.5870518827879196E-001 -1.0738650394677655E-001 -4.1989975064097640E-001 -6.7319357366705934E-001 -8.6314366998792535E-001 -9.8527678772739813E-001 -1.0235655179657444E+000 -9.7457451571983988E-001 -9.0875475081847401E-001 -8.3562222570623856E-001 -7.5824380198745012E-001 -6.7809370895819354E-001 -5.9600225034584831E-001 -5.1250067528246013E-001 -4.2797401800889223E-001 -3.4273514784016190E-001 -2.5706169685398211E-001 -1.7121422411167167E-001 -8.5444690079854224E-002  0.0000000000000000E+000
  0.0000000000000000E+000  1.4209675802076114E+000  1.9144183883206805E+000  2.2169597100626866E+000  2.4347565686031016E+000  2.6036919355366561E+000  2.7403808501786497E+000  2.8539739018897330E+000  2.9501055445055897E+000  3.0325268026064722E+000  3.1038824521473121E+000  3.2199069252827428E+000  3.3099064620843772E+000  3.3805761440936761E+000  3.4363833851479049E+000  3.4803856352061051E+000  3.5282770030780779E+000  3.5583187428939924E+000  3.5725515945837332E+000  3.5444696114827048E+000  3.4578031200777786E+000  3.3282169809089912E+000  3.1651842240738226E+000  2.9773008105608341E+000  2.7721331946072798E+000  2.5560309860236052E+000  2.3340862712082444E+000  1.8847658057669401E+000  1.4490547396510751E+000  1.0398572546821614E+000  6.6580210868495626E-001  3.3292156701668973E-001  4.5384626894965426E-002 -1.9410213143162741E-001 -3.8396367433732798E-001 -5.2330504313385240E-001 -6.1061926197144634E-001 -6.3220958344076383E-001 -5.9723483118508802E-001 -5.5299911529107082E-001 -5.0412032402487550E-001 -4.5240017743269972E-001 -3.9873135256746761E-001 -3.4364019249023203E-001 -2.8749024202538670E-001 -2.3056910467134878E-001 -1.7312841920746905E-001 -1.1540292688383841E-001 -5.7619353656190801E-002  0.0000000000000000E+000
  0.0000000000000000E+000  1.5183628259121069E+000  2.1040512642296019E+000  2.4946177357683643E+000  2.7955464800686554E+000  3.0421378821418599E+000  3.2505808482978127E+000  3.4297425737420051E+000  3.5851024120766013E+000  3.7203743169490928E+000  3.8335656948413104E+000  4.0010159157585345E+000  4.1124493969592839E+000  4.1833569445962180E+000  4.2236565639945054E+000  4.2400891093039359E+000  4.2294197103336710E+000  4.1871249545394278E+000  4.0938701626764669E+000  3.9358397586012686E+000  3.7482426987993502E+000  3.5422744095137819E+000  3.3255825931039591E+000  3.1034696434495341E+000  2.8797033746619194E+000  2.6570602105455672E+000  2.4376697819826352E+000  2.0137222189372026E+000  1.6195529527077899E+000  1.2615092762694353E+000  9.4324636388514937E-001  6.6640643065535488E-001  4.3119850162697759E-001  2.3684010162377198E-001  8.1863508458696360E-002 -3.5669090040852308E-002 -1.1796751322195810E-001 -1.6705582132408212E-001 -1.8107566084680352E-001 -1.6987191255008621E-001 -1.5574240827340641E-001 -1.4038761937976804E-001 -1.2429556958052367E-001 -1.0762801130001964E-001 -9.0459042436082798E-002 -7.2854971853869466E-002 -5.4898233753025945E-002 -3.6690572769970939E-002 -1.8349042154302903E-002  0.0000000000000000E+000
  0.0000000000000000E+000  1.5085266530561203E+000  2.1012362949422023E+000  2.5029768928932752E+000  2.8170270996424791E+000  3.0777242897608699E+000  3.3006764337996373E+000  3.4943498844766112E+000  3.6578326941833148E+000  3.7890185124328251E+000  3.8949212555408415E+000  4.0480787052239799E+000  4.1454765330478995E+000  4.2025604097959786E+000  4.2292583768338083E+000  4.2323398001002275E+000  4.2021127221505354E+000  4.1409698155882158E+000  4.0236560732867144E+000  3.8374512634111859E+000  3.6244680992081433E+000  3.3968686904910639E+000  3.1635604641058102E+000  2.9310341816224015E+000  2.7038549575779909E+000  2.4850630003627145E+000  2.2765462736843678E+000  1.8936268533797038E+000  1.5587823127493359E+000  1.2708577093068618E+000  1.0272873748032527E+000  8.2495168058788326E-001  6.6046196136951041E-001  5.3024057690386139E-001  4.3051975083176403E-001  3.5727720225759396E-001  3.0605906809583067E-001  2.7150954668650956E-001  2.4577760683804192E-001  2.2180799007713933E-001  2.0432762235104793E-001  1.8517572488354017E-001  1.6420398786959006E-001  1.4191563375648950E-001  1.1879189236207544E-001  9.5197261781746201E-002  7.1384582330311558E-002  4.7518921403335489E-002  2.3702942700210398E-002  0.0000000000000000E+000
  0.0000000000000000E+000  1.3977583251245289E+000  1.9729626154209654E+000  2.3679819653102712E+000  2.6759761151508110E+000  2.9289627464810346E+000  3.1415170745783767E+000  3.3045460609816844E+000  3.4317731613588185E+000  3.5319830464618729E+000  3.6111184814539139E+000  3.7206842101062838E+000  3.7841094908713568E+000  3.8142811397344745E+000  3.8194470495773314E+000  3.8052103669476094E+000  3.7552491597684168E+000  3.6799449042696151E+000  3.5501582189011365E+000  3.3554289224439033E+000  3.1389833557651876E+000  2.9113584208873928E+000  2.6809240205078280E+000  2.4544853311565245E+000  2.2373741713194453E+000  2.0333892694865221E+000  1.8448354525461581E+000  1.5177352538657569E+000  1.2546827106636853E+000  1.0481148357594343E+000  8.8964528333986881E-001  7.7160669819784466E-001  6.8725343716488840E-001  6.3057090451098363E-001  5.9601634328203357E-001  5.7826081568428911E-001  5.7188973365715001E-001  5.7085626370141740E-001  5.6668504894947636E-001  5.3810418267015814E-001  4.9724884790068086E-001  4.5249948928240308E-001  4.0306700093068581E-001  3.4994799039648544E-001  2.9419783451574577E-001  2.3667506767823279E-001  1.7804052943204818E-001  1.1879927971389474E-001  5.9345063360502173E-002  0.0000000000000000E+000
  0.0000000000000000E+000  1.2767109465792770E+000  1.8136400616679773E+000  2.1867068149829789E+000  2.4788324534294981E+000  2.7127800696644879E+000  2.8821930715621398E+000  3.0077764976841994E+000  3.1018097955915200E+000  3.1721507700373492E+000  3.2241193301114413E+000  3.2858157458709316E+000  3.3082324169051254E+000  3.3028950719833676E+000  3.2771597082469888E+000  3.2360040935964949E+000  3.1521444695762653E+000  3.0497011874381892E+000  2.8927711936141565E+000  2.6763198578779432E+000  2.4489963268062978E+000  2.2188574643608456E+000  1.9921509203595118E+000  1.7741078164994144E+000  1.5692343584015898E+000  1.3812491138840013E+000  1.2128239352591426E+000  9.4029277253651744E-001  7.4809770516868679E-001  6.2253404969382264E-001  5.4884678594505998E-001  5.1454560780616754E-001  5.0963381068642533E-001  5.2601210636325368E-001  5.5684581767546859E-001  5.9603643953367924E-001  6.3773812616386449E-001  6.7575303509940376E-001  7.0235577621402645E-001  7.0465469542879056E-001  6.6408305051205241E-001  6.0792863683104204E-001  5.4376954034727987E-001  4.7371979762290650E-001  3.9939078239780340E-001  3.2205433601066330E-001  2.4271234051565410E-001  1.6216536786497598E-001  8.1072244112677688E-002  0.0000000000000000E+000
  0.0000000000000000E+000  1.1968325957459156E+000  1.7355653248535403E+000  2.1001581415574000E+000  2.3308137946612812E+000  2.4840053724632054E+000  2.5892490624845017E+000  2.6621461886657403E+000  2.7118926644754686E+000  2.7443397421619435E+000  2.7634288339045034E+000  2.7710394896029005E+000  2.7504004804660243E+000  2.7099470656631608E+000  2.6550618808450661E+000  2.5893986622336342E+000  2.4756691624953802E+000  2.3496733857867085E+000  2.1690364429405160E+000  1.9325568633531247E+000  1.6935414569454181E+000  1.4584096721811637E+000  1.2321419377194338E+000  1.0189309106634690E+000  8.2251038087477013E-001  6.4622964519005932E-001  4.9287481398337329E-001  2.6300623372063847E-001  1.2973079521164532E-001  7.3780248108827079E-002  7.3423968342100493E-002  1.1115042897891791E-001  1.7400141766082217E-001  2.5230716421575444E-001  3.3852900330496638E-001  4.2643010861078023E-001  5.1046067556919916E-001  5.8517837578569210E-001  6.4437126720881799E-001  6.7876209411360422E-001  6.6992475435621046E-001  6.2342707508942252E-001  5.6170204373558519E-001  4.9148332625547309E-001  4.1562088716451345E-001  3.3588316907452748E-001  2.5354316851036035E-001  1.6959040568904080E-001  8.4839735200287564E-002  0.0000000000000000E+000
  0.0000000000000000E+000  1.0767390232864822E+000  1.5691509010759626E+000  1.8996800644679392E+000  2.0935942308955195E+000  2.2141933804470639E+000  2.2896948645759694E+000  2.3350120362473867E+000  2.3589356995274899E+000  2.3670595741485001E+000  2.3631512922716862E+000  2.3281061714382001E+000  2.2690029072159090E+000  2.1938573369413086E+000  2.1077556605104664E+000  2.0141186271605545E+000  1.8640182296942893E+000  1.7078942912598563E+000  1.4958180421071265E+000  1.2322878846268028E+000  9.7741515945458357E-001  7.3531376271818605E-001  5.0886727926514552E-001  3.0039421881801787E-001  1.1202473554801615E-001 -5.4103249703748010E-002 -1.9581751171277553E-001 -3.9675677885542587E-001 -4.8876747305832835E-001 -4.9305624693026068E-001 -4.3866437718391493E-001 -3.4835270853907679E-001 -2.3749884061215401E-001 -1.1654818110923156E-001  7.0253769606295575E-003  1.2751693616461615E-001  2.4023804688561420E-001  3.4094885346169423E-001  4.2520475080671399E-001  4.8702346880756364E-001  5.1531357303391712E-001  4.9993646871817266E-001  4.5867192249448047E-001  4.0499910876794765E-001  3.4427148801900198E-001  2.7912037326443112E-001  2.1113194777770369E-001  1.4140638971948830E-001  7.0791523814865906E-002  0.0000000000000000E+000
  0.0000000000000000E+000  9.4747533911039483E-001  1.3647100823055482E+000  1.6471324701778791E+000  1.8048497881873695E+000  1.8961621138586191E+000  1.9469755476218331E+000  1.9709368874018207E+000  1.9760619475999173E+000  1.9674314726070499E+000  1.9484527375926874E+000  1.8873319854433743E+000  1.8063951982048954E+000  1.7127042991166610E+000  1.6106804361328126E+000  1.5032583786584857E+000  1.3357427686255978E+000  1.1653135222882820E+000  9.3803833553797711E-001  6.6057097786418106E-001  3.9656895567144279E-001  1.4969560568631640E-001 -7.7517917879206311E-002 -2.8319000435227498E-001 -4.6579519975469924E-001 -6.2396523345119470E-001 -7.5635577350638628E-001 -9.3621811088981888E-001 -1.0020079127711512E+000 -9.7307021895556722E-001 -8.8465942655727448E-001 -7.6444153472697929E-001 -6.2916080275860142E-001 -4.8893597519453175E-001 -3.5029365762486225E-001 -2.1774602729800163E-001 -9.4629657793866867E-002  1.6376781262657143E-002  1.1279453812044589E-001  1.9158115638901158E-001  2.4707316826059314E-001  2.6923081049372921E-001  2.6145818560021522E-001  2.3740781442345771E-001  2.0484693172455168E-001  1.6749541198070997E-001  1.2732710318943716E-001  8.5523165270382354E-002  4.2879231685204300E-002  0.0000000000000000E+000
  0.0000000000000000E+000  8.8588141038143275E-001  1.2637228504590030E+000  1.5088421966598828E+000  1.6389897631541761E+000  1.7084228957348675E+000  1.7411326318955676E+000  1.7496948752582864E+000  1.7414614275004168E+000  1.7210706298101079E+000  1.6916190972205956E+000  1.6126236500041893E+000  1.5168595739959900E+000  1.4106368451062989E+000  1.2978845385057447E+000  1.1812002376784057E+000  1.0020589277960399E+000  8.2222058600017089E-001  5.8525569552855905E-001  2.9948929304497052E-001  3.0730440483546968E-002 -2.1787652752789557E-001 -4.4424271918622915E-001 -6.4692933499167127E-001 -8.2490202340324492E-001 -9.7735599935638595E-001 -1.1035725961709055E+000 -1.2714911404750415E+000 -1.3256964714249291E+000 -1.2809492984971393E+000 -1.1781631287476517E+000 -1.0501338997490886E+000 -9.1368031435107033E-001 -7.7736547856573945E-001 -6.4593814289677320E-001 -5.2219430747218742E-001 -4.0780702761547660E-001 -3.0374978346475839E-001 -2.1058386818900210E-001 -1.2885707411063430E-001 -6.0248466646625400E-002 -1.0189940925869055E-002  1.7068317373039699E-002  2.8008856389154613E-002  2.9987149382475351E-002  2.7201289875799301E-002  2.1851503897601682E-002  1.5124204220010515E-002  7.6976451566706803E-003  0.0000000000000000E+000
  0.0000000000000000E+000  8.6524330546904826E-001  1.2258322218206648E+000  1.4594721079185877E+000  1.5909366997788577E+000  1.6600897768191547E+000  1.6915468420330366E+000  1.6982238904692244E+000  1.6876787580632733E+000  1.6646850655082714E+000  1.6324340887040207E+000  1.5474402597769972E+000  1.4455557556287693E+000  1.3333381156208668E+000  1.2148862783758969E+000  1.0929162211662842E+000  9.0675766162384819E-001  7.2117264994338104E-001  4.7858836489814383E-001  1.8897140175483756E-001 -8.0589206730373564E-002 -3.2757034457876411E-001 -5.5052585420123157E-001 -7.4863181556484737E-001 -9.2143443047818696E-001 -1.0686931074922297E+000 -1.1902612484662669E+000 -1.3526737066607541E+000 -1.4080707784861595E+000 -1.3635802641561898E+000 -1.2634057019283900E+000 -1.1468284033288021E+000 -1.0292394515605270E+000 -9.1650802148293287E-001 -8.1105842431160291E-001 -7.1374588389314697E-001 -6.2453868842686044E-001 -5.4280121813564086E-001 -4.6742834676356410E-001 -3.9700034034298576E-001 -3.3038308386889959E-001 -2.6883064402331586E-001 -2.1704450932071853E-001 -1.7578635717430063E-001 -1.4145057792265958E-001 -1.1085920237021554E-001 -8.2152909311327946E-002 -5.4369498545787515E-002 -2.7051073256136551E-002  0.0000000000000000E+000
  0.0000000000000000E+000  9.3095639017357801E-001  1.3329620577734893E+000  1.5879441308647075E+000  1.7219438855049738E+000  1.7920237277587105E+000  1.8234868079497117E+000  1.8296324230446510E+000  1.8182525689406528E+000  1.7942716940565879E+000  1.7609809552099982E+000  1.6739551124100958E+000  1.5703836740537702E+000  1.4569276598589307E+000  1.3376979693467625E+000  1.2153786682412901E+000  1.0294170113976433E+000  8.4470262575949340E-001  6.0411549345302640E-001  3.1802076708368332E-001  5.2896290191912887E-002 -1.8883802629971366E-001 -4.0586771926418269E-001 -5.9759719286536650E-001 -7.6391979379330388E-001 -9.0505678956292346E-001 -1.0214257903704660E+000 -1.1787659457094437E+000 -1.2410164441581057E+000 -1.2098953442256375E+000 -1.1250316114923069E+000 -1.0345995408246531E+000 -9.5053324806680961E-001 -8.7513949153462167E-001 -8.0840152819437838E-001 -7.4936536338790327E-001 -6.9653439782268656E-001 -6.4798809709478611E-001 -6.0138917022154181E-001 -5.5397950408547481E-001 -5.0285088651943988E-001 -4.4640448518303805E-001 -3.8702619455800391E-001 -3.2871705351900982E-001 -2.7242326957550062E-001 -2.1738278027057820E-001 -1.6285169264726165E-001 -1.0846134578049342E-001 -5.4142049552133240E-002  0.0000000000000000E+000
  0.0000000000000000E+000  9.6921301040480645E-001  1.3822747462063234E+000  1.6618975944575198E+000  1.8316288470453235E+000  1.9294426549094112E+000  1.9833916238343900E+000  2.0082601205085271E+000  2.0127395495047802E+000  2.0023464925963532E+000  1.9807880286384332E+000  1.9127065139941464E+000  1.8235864592858047E+000  1.7212484848441545E+000  1.6106454597994555E+000  1.4951026209532055E+000  1.3167930211146093E+000  1.1379519776389979E+000  9.0380289884018039E-001  6.2531219386065240E-001  3.6840980276337365E-001  1.3578173606976021E-001 -7.1456893720240153E-002 -2.5312778008109643E-001 -4.0962585188214928E-001 -5.4169937831715853E-001 -6.5030597229953080E-001 -7.9830896136728546E-001 -8.6453235358034131E-001 -8.5390775218752746E-001 -7.9143833279651887E-001 -7.3591710858665060E-001 -6.9300429830497157E-001 -6.6119156613467223E-001 -6.3838679101427376E-001 -6.2225568853863267E-001 -6.1027944199790185E-001 -5.9972565698949665E-001 -5.8756294472094883E-001 -5.7035902443804010E-001 -5.4434835491304201E-001 -5.0635653157242977E-001 -4.5634560043216310E-001 -3.9817450625971912E-001 -3.3563906350139161E-001 -2.7063863881980232E-001 -2.0404193475180826E-001 -1.3640517177401104E-001 -6.8225392480779704E-002  0.0000000000000000E+000
  0.0000000000000000E+000  1.0114557387907008E+000  1.4243206330574827E+000  1.7074719911002600E+000  1.9244691340024629E+000  2.0611103554388159E+000  2.1464952214030442E+000  2.1976722755912941E+000  2.2246969676869490E+000  2.2339671656755926E+000  2.2297893992699875E+000  2.1910766570215618E+000  2.1260412331222227E+000  2.0438092128969028E+000  1.9501791140294833E+000  1.8490654376677003E+000  1.6884744116514929E+000  1.5237192956294201E+000  1.3040594207993896E+000  1.0390899542641856E+000  7.9302659233134598E-001  5.7024127709527217E-001  3.7282367904713848E-001  2.0132058223603483E-001  5.5249049444794189E-002 -6.6528928489536662E-002 -1.6553488893061469E-001 -2.9870043484522840E-001 -3.6156093802803813E-001 -3.6778074655684023E-001 -3.2908177557514462E-001 -3.1076918427674188E-001 -3.0882439006140588E-001 -3.1885012005650076E-001 -3.3742533355049004E-001 -3.6141276103257086E-001 -3.8779061414979715E-001 -4.1352848619516142E-001 -4.3544602780852554E-001 -4.5005608337721126E-001 -4.5350438959211387E-001 -4.4208073185886076E-001 -4.1411387505084601E-001 -3.7184887474884343E-001 -3.1961777165745830E-001 -2.6101631316588247E-001 -1.9838810478879029E-001 -1.3328333914439178E-001 -6.6841764016752805E-002  0.0000000000000000E+000
  0.0000000000000000E+000  1.0493983022186355E+000  1.4300224433513782E+000  1.6794403074563518E+000  1.8715670934801494E+000  2.0291817564419929E+000  2.1613157064638089E+000  2.2581410936829274E+000  2.3246050659142981E+000  2.3684792263592396E+000  2.3950140542848688E+000  2.4084421025233822E+000  2.3862219344928524E+000  2.3396783360781304E+000  2.2760519138874442E+000  2.2002652051120593E+000  2.0703221516573835E+000  1.9292183458086025E+000  1.7323879304652718E+000  1.4857081618704722E+000  1.2507708400981943E+000  1.0352492515983069E+000  8.4366685385550910E-001  6.7811099222671767E-001  5.3881191198983380E-001  4.2468527401941653E-001  3.3381510512999812E-001  2.1645148159576849E-001  1.6250738149015043E-001  1.5167534238003547E-001  1.6951783616937838E-001  1.5594405114658710E-001  1.2469047831645017E-001  8.1678840728960492E-002  3.0988516206462174E-002 -2.3964360703893208E-002 -8.0130150862099972E-002 -1.3464075034726111E-001 -1.8463589803865946E-001 -2.2707735643273136E-001 -2.5860546175213861E-001 -2.7573845270433001E-001 -2.7606628642180681E-001 -2.6010532744754294E-001 -2.3114267594596197E-001 -1.9303561438572139E-001 -1.4888649966847692E-001 -1.0094688885859503E-001 -5.0879110379446445E-002  0.0000000000000000E+000
  0.0000000000000000E+000  1.1243566708469093E+000  1.4821181101185081E+000  1.6943532597193529E+000  1.8479209616316314E+000  1.9706781018499089E+000  2.0744735699920849E+000  2.1650268162407955E+000  2.2452065824220795E+000  2.3163751946545763E+000  2.3790218416359079E+000  2.4693321727292554E+000  2.5106214724529914E+000  2.5175686782967563E+000  2.4995658399163183E+000  2.4629971761337162E+000  2.3819144189437242E+000  2.2799370470666411E+000  2.1225736955548111E+000  1.9082323278123832E+000  1.6905751651077721E+000  1.4808679985145070E+000  1.2875064638295546E+000  1.1165199874518754E+000  9.7152614274370930E-001  8.5365051716878637E-001  7.6179545702482110E-001  6.5077920127970090E-001  6.0574907436143310E-001  5.9940225349407183E-001  6.0587588842436246E-001  5.7227225643927015E-001  5.2144847558658292E-001  4.5931292648127364E-001  3.9032102584772360E-001  3.1785680098642299E-001  2.4466006443775429E-001  1.7309678125144337E-001  1.0536968382699956E-001  4.3724427259274001E-002 -9.3508680238665667E-003 -5.1096866877913948E-002 -7.9085634917589451E-002 -9.2598649208802439E-002 -9.3300973127569298E-002 -8.4158610957313376E-002 -6.8110752535706059E-002 -4.7552763854247379E-002 -2.4349416492404668E-002  0.0000000000000000E+000
  0.0000000000000000E+000  1.2253795143724640E+000  1.5949865861749193E+000  1.8000036419467345E+000  1.9371450138132202E+000  2.0379716339077989E+000  2.1165738750258472E+000  2.1804738664056975E+000  2.2342591610606872E+000  2.2812379901332860E+000  2.3241021696098505E+000  2.4001952291409276E+000  2.4651056535316891E+000  2.5180023317723150E+000  2.5562172673460157E+000  2.5741025369860968E+000  2.5620542159317328E+000  2.5169367600208012E+000  2.4200695696010124E+000  2.2613555974182664E+000  2.0805595420936660E+000  1.8906513963925635E+000  1.7012005845980278E+000  1.5200234831442307E+000  1.3540055710525849E+000  1.2092589165918901E+000  1.0905259867053341E+000  9.4516988032142668E-001  8.9223119300366549E-001  8.8799495835071107E-001  8.9404504037496257E-001  8.5984930278704674E-001  8.0446922974486823E-001  7.3874502378627493E-001  6.6697448747394317E-001  5.9215629252447144E-001  5.1647335956890106E-001  4.4158785924435567E-001  3.6886840360896178E-001  2.9960593329968016E-001  2.3524821706062787E-001  1.7758479820171058E-001  1.2858393977119120E-001  8.9572017577524157E-002  6.0364724280505683E-002  3.9426298763667184E-002  2.4714358175246989E-002  1.4290331140996966E-002  6.5118007535315678E-003  0.0000000000000000E+000
  0.0000000000000000E+000  1.1984581514297219E+000  1.6974230691593855E+000  2.0187968786172856E+000  2.2479658135302900E+000  2.4183426826560495E+000  2.5478033658323054E+000  2.6473114804759419E+000  2.7243180072445803E+000  2.7844186927542274E+000  2.8313377662136903E+000  2.8949914098885987E+000  2.9294537622502363E+000  2.9426692971186057E+000  2.9396882947516518E+000  2.9239490830468045E+000  2.8814941853541916E+000  2.8217648028550957E+000  2.7219689879882498E+000  2.5744421744331403E+000  2.4110838344539678E+000  2.2388369246524511E+000  2.0630470985510074E+000  1.8881375354513161E+000  1.7180418411051970E+000  1.5564959069550570E+000  1.4072430312955266E+000  1.1584761662675174E+000  1.0152478798342086E+000  9.7825639669870434E-001  9.8003133653764585E-001  9.6402775988540135E-001  9.2090575710788602E-001  8.6601679793569142E-001  8.0560104353255613E-001  7.4240867852955361E-001  6.7793826673774960E-001  6.1304292925537995E-001  5.4820667287806368E-001  4.8375883515230822E-001  4.2011678973778377E-001  3.5805857238243649E-001  2.9884832087588398E-001  2.4388787196967199E-001  1.9399158032258973E-001  1.4902573657237431E-001  1.0817993622958376E-001  7.0401281868084004E-002  3.4654421660242428E-002  0.0000000000000000E+000
  0.0000000000000000E+000  1.3827472855678622E+000  1.8968793967976678E+000  2.2425438094979300E+000  2.5164508504439578E+000  2.7487472883057462E+000  2.9515930459201245E+000  3.1303307480270823E+000  3.2664081576599533E+000  3.3691491690442175E+000  3.4459670167371494E+000  3.5395345247220424E+000  3.5774481042206077E+000  3.5765564158525178E+000  3.5480596562991931E+000  3.4998167316513027E+000  3.4012999697679085E+000  3.2842945849000897E+000  3.1125632832004211E+000  2.8888850711142542E+000  2.6665829290379657E+000  2.4508950130611828E+000  2.2443916859651196E+000  2.0485050742093693E+000  1.8642150324001800E+000  1.6923567563368689E+000  1.5337626032496476E+000  1.2588119551724768E+000  1.0501290242926007E+000  9.2063272641986216E-001  8.7595403779071135E-001  8.6627771314962509E-001  8.4769973742022975E-001  8.1673660711901908E-001  7.7928047974161996E-001  7.3864864668286467E-001  6.9610351764061928E-001  6.5189313956132111E-001  6.0575588276352554E-001  5.5720230814427785E-001  5.0577184494742788E-001  4.5134368844809380E-001  3.9442310121154855E-001  3.3612793654219403E-001  2.7772629901787182E-001  2.2010805193092556E-001  1.6363023172940769E-001  1.0826900363300929E-001  5.3815794181989750E-002  0.0000000000000000E+000
  0.0000000000000000E+000  1.3749584198577065E+000  1.8024364588188166E+000  2.0470104769455220E+000  2.2163628002789979E+000  2.3461857975163447E+000  2.4537749398072362E+000  2.5471071182829172E+000  2.6304579251279390E+000  2.7063145394910602E+000  2.7761413275252851E+000  2.9006356756690210E+000  3.0065338096523555E+000  3.0928870508269402E+000  3.1520734213587223E+000  3.1797318545678825E+000  3.1746915652623167E+000  3.1292823145017303E+000  3.0231149397434396E+000  2.8427862863068087E+000  2.6338764470280367E+000  2.4128190717596283E+000  2.1910885871026866E+000  1.9764370247382328E+000  1.7737272949514851E+000  1.5857068045264604E+000  1.4137229103845035E+000  1.1194754686916997E+000  8.9196415624047820E-001  7.3136884094257093E-001  6.3917023951917240E-001  6.0773571426274919E-001  6.0376698507295345E-001  6.0108512216231058E-001  5.9365764878452887E-001  5.8241161296119970E-001  5.6834012079676233E-001  5.5146835589539778E-001  5.3114417377096301E-001  5.0636946109930514E-001  4.7608789269690682E-001  4.3951164597204123E-001  3.9647876031797397E-001  3.4764427733672548E-001  2.9427797561952468E-001  2.3778998680830624E-001  1.7936674097304703E-001  1.1987618563507002E-001  5.9933511734061688E-002  0.0000000000000000E+000
  0.0000000000000000E+000  1.2660192908029906E+000  1.6431365157149351E+000  1.8506377506603189E+000  1.9884465128236084E+000  2.0889375670129016E+000  2.1664312811827027E+000  2.2284432709894295E+000  2.2793755786016736E+000  2.3220127629627147E+000  2.3582196662728192E+000  2.4159819026145906E+000  2.4597696557285276E+000  2.4934520939799660E+000  2.5194394071510460E+000  2.5393142609570352E+000  2.5598612738372055E+000  2.5713874940759269E+000  2.5656753390997360E+000  2.4997832504644739E+000  2.3727196341269834E+000  2.2119160880777846E+000  2.0287864378192801E+000  1.8323874181714266E+000  1.6299967821203947E+000  1.4278667387833794E+000  1.2317805505589488E+000  8.7431922491656311E-001  5.9736017629131810E-001  4.0783581366170168E-001  2.9575038034039708E-001  2.4829430230089930E-001  2.4655299384125140E-001  2.6482863777383109E-001  2.8649691170081698E-001  3.0591746117866797E-001  3.2200911787397057E-001  3.3442219723019856E-001  3.4244581732112239E-001  3.4497297022503759E-001  3.4072472788798919E-001  3.2856163614697020E-001  3.0785286526318223E-001  2.7877077435820674E-001  2.4229387127618363E-001  1.9988927424037839E-001  1.5312312565597894E-001  1.0342499354509307E-001  5.2027194352671301E-002  0.0000000000000000E+000
  0.0000000000000000E+000  1.1106613824912537E+000  1.4382064502693590E+000  1.6166499861659422E+000  1.7340766492310422E+000  1.8189872601952237E+000  1.8839626993388161E+000  1.9355897389871999E+000  1.9777165068545191E+000  2.0127709116168990E+000  2.0423748890836970E+000  2.0892437066706324E+000  2.1244894968792840E+000  2.1514507506635643E+000  2.1722072962265702E+000  2.1881311944593866E+000  2.2048768631458922E+000  2.2149671470497823E+000  2.2202374432331577E+000  2.2162168014514050E+000  2.2019560599719274E+000  2.1767975002636306E+000  2.1286967717866729E+000  2.0054330166126295E+000  1.8153687811646984E+000  1.6142982710036000E+000  1.4077798102220531E+000  9.8966767226118668E-001  5.9770744923270014E-001  2.5968747866216124E-001  7.3933786310186453E-003 -1.2541883063408452E-001 -1.4975531118119795E-001 -1.2242906636888248E-001 -7.9396115090857852E-002 -3.4293520021795393E-002  8.4007947094227840E-003  4.7246665964055294E-002  8.1444767284302333E-002  1.1006840292229442E-001  1.3198282999148653E-001  1.4604063253472510E-001  1.5140267461944026E-001  1.4786029564442454E-001  1.3597524019054044E-001  1.1693975999646788E-001  9.2276115229924877E-002  6.3572352396474213E-002  3.2343662645562626E-002  0.0000000000000000E+000
  0.0000000000000000E+000  1.1496097518849475E+000  1.5001053511901847E+000  1.6950007865622447E+000  1.8250737179656866E+000  1.9201303547865234E+000  1.9934971698935957E+000  2.0522273354715974E+000  2.1004792272897488E+000  2.1408967486861372E+000  2.1752576584595644E+000  2.2302229707597836E+000  2.2722234331197453E+000  2.3049879362837005E+000  2.3308528228371679E+000  2.3513664828283787E+000  2.3742745694294829E+000  2.3899334670588566E+000  2.4020174108763470E+000  2.4059532011997571E+000  2.3993936893819336E+000  2.3818686492365297E+000  2.3396274403526327E+000  2.2362323385415301E+000  2.0711540510551032E+000  1.8875100515370746E+000  1.6917192098803362E+000  1.2784276486426263E+000  8.6792004529574307E-001  4.8265317021288606E-001  1.4081127779366998E-001 -1.4104581314941095E-001 -3.4512519478992626E-001 -4.4299897982882080E-001 -4.1984452887701129E-001 -3.6522793840167633E-001 -3.0637314094715812E-001 -2.4915550144343393E-001 -1.9552899268099694E-001 -1.4649828956001396E-001 -1.0295156571420511E-001 -6.5810902065542534E-002 -3.5881499533796456E-002 -1.3587707940135583E-002  1.2274202324507892E-003  9.3095964069322343E-003  1.1827560336963007E-002  1.0161649364152254E-002  5.7477513522444634E-003  0.0000000000000000E+000
  0.0000000000000000E+000  1.2797956441336644E+000  1.6645577201320372E+000  1.8765415726184200E+000  2.0171453538649988E+000  2.1194626142117601E+000  2.1982010784694137E+000  2.2611020202952585E+000  2.3127070511271741E+000  2.3558912685093447E+000  2.3925806226477011E+000  2.4512499160312777E+000  2.4960725560415638E+000  2.5310446200418002E+000  2.5586630212467445E+000  2.5805803739879920E+000  2.6050931149068051E+000  2.6219013082352522E+000  2.6350279444196523E+000  2.6398523549769943E+000  2.6343667166286013E+000  2.6198037069245879E+000  2.5960202142768658E+000  2.5597192269920934E+000  2.4778889677923894E+000  2.3054793093778669E+000  2.0926276201921605E+000  1.6361235461518990E+000  1.1771270015410205E+000  7.4333115593736865E-001  3.5391484936057477E-001  2.0166252327008648E-002 -2.5129315084674675E-001 -4.5487503371336269E-001 -5.8232153812078213E-001 -5.9664912895551636E-001 -5.4703242109801054E-001 -4.8814195897212526E-001 -4.2770352031822573E-001 -3.6858521656254573E-001 -3.1222488367144635E-001 -2.5959603260008191E-001 -2.1147891145198924E-001 -1.6842250745584753E-001 -1.3060841385620736E-001 -9.7777634152458923E-002 -6.9279722997843185E-002 -4.4197498621376854E-002 -2.1473607545274085E-002  0.0000000000000000E+000
  0.0000000000000000E+000  1.3430928355204592E+000  1.7673937664610040E+000  2.0095525028425847E+000  2.1744345520815043E+000  2.2968721312599549E+000  2.3926347530492311E+000  2.4701732692031553E+000  2.5345296242597510E+000  2.5889450122993609E+000  2.6356208334045572E+000  2.7112619029473399E+000  2.7701091821956094E+000  2.8169356204803710E+000  2.8547647028426790E+000  2.8856186963652006E+000  2.9216774843807944E+000  2.9483826725871003E+000  2.9727883367920569E+000  2.9894302930486543E+000  2.9936856446786155E+000  2.9862408081709138E+000  2.9598335567788707E+000  2.8903403867644326E+000  2.7481190153415329E+000  2.5786954020734947E+000  2.3891394868357052E+000  1.9679259709941375E+000  1.5279473106886154E+000  1.0951194393729604E+000  6.8766207975096016E-001  3.1884823366865855E-001 -1.3315395437914707E-003 -2.6521730085315393E-001 -4.6673784773199306E-001 -5.9991339070491279E-001 -6.4891824265180875E-001 -6.1194366106439657E-001 -5.6138714814763624E-001 -5.0625355336799482E-001 -4.4947278352529196E-001 -3.9254857321675152E-001 -3.3650123272321519E-001 -2.8210543316235026E-001 -2.2988760129920283E-001 -1.8007366082088716E-001 -1.3258419222260628E-001 -8.7089496374883710E-002 -4.3091344285852734E-002  0.0000000000000000E+000
  0.0000000000000000E+000  1.4035492111751748E+000  1.8861368553274462E+000  2.1800746102059225E+000  2.3907354147425064E+000  2.5536529316024903E+000  2.6852319648869902E+000  2.7944752724756139E+000  2.8869039717279339E+000  2.9661777873756563E+000  3.0348659046255890E+000  3.1468323834319203E+000  3.2340610965384995E+000  3.3029971402037415E+000  3.3579700970214224E+000  3.4020047492724483E+000  3.4517482340473262E+000  3.4864531351591306E+000  3.5134554470770154E+000  3.5185235698333948E+000  3.4858201290227662E+000  3.4000605136113329E+000  3.2763420784825725E+000  3.1225253631492498E+000  2.9457389607331557E+000  2.7523462723507559E+000  2.5478650922871138E+000  2.1196367867838646E+000  1.6914229600588258E+000  1.2793818904777976E+000  8.9434384063243388E-001  5.4411089060542217E-001  2.3447916512653877E-001 -3.0281627980177788E-002 -2.4711403763755918E-001 -4.1382842687377319E-001 -5.2847529556611217E-001 -5.8732535583437573E-001 -5.6749310174500389E-001 -5.2947501061156144E-001 -4.8466302516647675E-001 -4.3567764589860791E-001 -3.8379266963462394E-001 -3.2996425063335072E-001 -2.7501392193650542E-001 -2.1960499868883382E-001 -1.6420271790940907E-001 -1.0907643682405238E-001 -5.4338802506295462E-002  0.0000000000000000E+000
  0.0000000000000000E+000  1.4905943873295417E+000  2.0619214910594477E+000  2.4410802931056517E+000  2.7321296162229447E+000  2.9699438272521177E+000  3.1705500356600163E+000  3.3427456808178424E+000  3.4919738925933084E+000  3.6219222465725189E+000  3.7349569910452818E+000  3.9036827418454276E+000  4.0181961841210478E+000  4.0936585040430069E+000  4.1396913585247894E+000  4.1627747220372235E+000  4.1633713601104088E+000  4.1332278004014302E+000  4.0567103214882820E+000  3.9191031776068539E+000  3.7502288791182208E+000  3.5607432577485958E+000  3.3580827799428619E+000  3.1474645674562298E+000  2.9326002908332027E+000  2.7162171651475169E+000  2.5004133762325367E+000  2.0756244531417281E+000  1.6705123947837297E+000  1.2928093153976583E+000  9.4800119331884114E-001  6.3964766384828387E-001  3.6973683305127669E-001  1.3905047287813180E-001 -5.2514187487993795E-002 -2.0568351318483347E-001 -3.2158857084003145E-001 -4.0156462896855244E-001 -4.4702644763947724E-001 -4.3825008175963709E-001 -4.1344089014170837E-001 -3.8165521435302524E-001 -3.4444313948226390E-001 -3.0261901603273267E-001 -2.5699062102034526E-001 -2.0841675137273946E-001 -1.5773216124362671E-001 -1.0568525741224137E-001 -5.2921257262490452E-002  0.0000000000000000E+000
  0.0000000000000000E+000  1.4934043185393866E+000  2.0772279792904715E+000  2.4712966489679284E+000  2.7781864158508118E+000  3.0320151536978619E+000  3.2483028401370522E+000  3.4354766804287697E+000  3.5969647758803758E+000  3.7264095749181800E+000  3.8307879079627059E+000  3.9814538344574628E+000  4.0769791701138001E+000  4.1327179821216298E+000  4.1585328168349598E+000  4.1611404805428203E+000  4.1308933826897167E+000  4.0703958684485855E+000  3.9547556906002117E+000  3.7713891201897702E+000  3.5612462666464260E+000  3.3357210539547193E+000  3.1030731744164717E+000  2.8693330651709155E+000  2.6388105427561950E+000  2.4144665037847965E+000  2.1982339827951911E+000  1.7936739795592531E+000  1.4303232667175390E+000  1.1084590733646649E+000  8.2695052548002990E-001  5.8408471657742411E-001  3.7782815631447492E-001  2.0589498109617138E-001  6.5767758451012431E-002 -4.5280182811181138E-002 -1.3014421780989791E-001 -1.9183070250355516E-001 -2.3352030710342420E-001 -2.6054819685099778E-001 -2.5860181002143101E-001 -2.4738140597754527E-001 -2.3058250881871731E-001 -2.0852926391922547E-001 -1.8155203290856781E-001 -1.5027278349808923E-001 -1.1553351287296466E-001 -7.8276003799537253E-002 -3.9455250736109594E-002  0.0000000000000000E+000
  0.0000000000000000E+000  1.3813836542505020E+000  1.9470767003207383E+000  2.3339110212668817E+000  2.6342471555868179E+000  2.8798220390366414E+000  3.0858090732267121E+000  3.2451531402090530E+000  3.3691017450440008E+000  3.4663075415568372E+000  3.5426361715315871E+000  3.6470257929781589E+000  3.7056916196392442E+000  3.7314179082457715E+000  3.7323890749660329E+000  3.7141659145331678E+000  3.6585646791793089E+000  3.5779532908992477E+000  3.4415447213921082E+000  3.2391200839296128E+000  3.0153495922074005E+000  2.7804244784656778E+000  2.5422484603937168E+000  2.3070847558728289E+000  2.0797586798034584E+000  1.8637220908477508E+000  1.6611584270994080E+000  1.3002502970966707E+000  9.9793886520583508E-001  7.4885898054599520E-001  5.4637540774053339E-001  3.8417272752566334E-001  2.5662474961088194E-001  1.5873025876938246E-001  8.5943902804771100E-002  3.4011745190699147E-002 -1.1630785212954633E-003 -2.3621765055036503E-002 -3.7406711407296234E-002 -4.6647848242808564E-002 -6.1983202931953939E-002 -6.8547074350435291E-002 -7.1990152663256535E-002 -7.1958843780243059E-002 -6.7919721290877200E-002 -5.9852098158728634E-002 -4.8195150417814837E-002 -3.3702302665546628E-002 -1.7302491671870191E-002  0.0000000000000000E+000
  0.0000000000000000E+000  1.2575443507681614E+000  1.7840529674431678E+000  2.1482313214833981E+000  2.4319689152248176E+000  2.6595952181002778E+000  2.8235231825508640E+000  2.9441982595074263E+000  3.0337440428282085E+000  3.0999175430986732E+000  3.1479697950625001E+000  3.2024129190730228E+000  3.2181332289190760E+000  3.2065019451496899E+000  3.1747754672002562E+000  3.1278639309797551E+000  3.0357210597591178E+000  2.9253108184282230E+000  2.7581528333314265E+000  2.5294202651703750E+000  2.2902338486329614E+000  2.0485279815334425E+000  1.8103616773986064E+000  1.5806565039997373E+000  1.3634743545940415E+000  1.1620205963484191E+000  9.7853058741461496E-001  6.7004108905393989E-001  4.3631564004013579E-001  2.6692188403401779E-001  1.4968351133734881E-001  7.3688898331508823E-002  2.9914116266197877E-002  1.0974380161002995E-002  1.0705823207972380E-002  2.3793016285577465E-002  4.5474506190123325E-002  7.1297116596625035E-002  9.6852462503285608E-002  1.1735951686931824E-001  1.2673035095206411E-001  1.1099403132039508E-001  9.2640627612606774E-002  7.3784961124222254E-002  5.6226660764476737E-002  4.0878956290672556E-002  2.7978925971477359E-002  1.7276312623296829E-002  8.2004598084972017E-003  0.0000000000000000E+000
  0.0000000000000000E+000  1.1799175299198794E+000  1.7088027158885346E+000  2.0644290985867890E+000  2.2874347190960931E+000  2.4342750192627340E+000  2.5339994497837210E+000  2.6019546495170944E+000  2.6471819964572045E+000  2.6754318423297248E+000  2.6905760891985673E+000  2.6908773380679740E+000  2.6634825535470914E+000  2.6166695984036359E+000  2.5557205567912207E+000  2.4842219457002779E+000  2.3620756125543432E+000  2.2279731918115262E+000  2.0369166381487158E+000  1.7879366728397208E+000  1.5369260982155932E+000  1.2902770440094689E+000  1.0529356278969453E+000  8.2899486644666165E-001  6.2195515934418744E-001  4.3474763454689919E-001  2.6958376149634844E-001  1.0938514377005977E-002 -1.5767984493704473E-001 -2.5165425509925093E-001 -2.8890808372174503E-001 -2.8488636660214023E-001 -2.5165418009988061E-001 -1.9848754450070327E-001 -1.3265481630284179E-001 -6.0047691628938395E-002  1.4358013735010253E-002  8.6158809130063171E-002  1.5122709035335319E-001  2.0533222376217253E-001  2.4314297209171676E-001  2.5047526064073522E-001  2.2591669530180850E-001  1.9524998960225631E-001  1.6209410217281167E-001  1.2837658145615796E-001  9.5099256914201666E-002  6.2657754236042182E-002  3.1043016962165212E-002  0.0000000000000000E+000
  0.0000000000000000E+000  1.0662778794481647E+000  1.5528983262559979E+000  1.8761664179582698E+000  2.0644031880780727E+000  2.1802122462389795E+000  2.2514913331816975E+000  2.2929804835056640E+000  2.3133660792078090E+000  2.3181742097556541E+000  2.3111263478941027E+000  2.2702081119002520E+000  2.2056406314463253E+000  2.1253404915399647E+000  2.0343321481339824E+000  1.9359958406174078E+000  1.7791779702701875E+000  1.6166794286895152E+000  1.3965731772584287E+000  1.1236763098962448E+000  8.6009740561210046E-001  6.0991483722854700E-001  3.7600731021941375E-001  1.6069459806735462E-001 -3.3933073613083960E-002 -2.0589832553687776E-001 -3.5341074371050107E-001 -5.6877790856921828E-001 -6.8258401328338325E-001 -7.1327100132823162E-001 -6.8443425599445362E-001 -6.1592452888997129E-001 -5.2227511341447919E-001 -4.1390668745450188E-001 -2.9847491775437790E-001 -1.8183289462378274E-001 -6.8665377924633370E-002  3.7081317209268543E-002  1.3187151259451352E-001  2.1225652468963671E-001  2.7438165693547723E-001  3.1260259706963706E-001  2.9977729067446424E-001  2.6689357499482902E-001  2.2697763264161772E-001  1.8350123390916606E-001  1.3825601937348767E-001  9.2255430940936148E-002  4.6067410202356794E-002  0.0000000000000000E+000
  0.0000000000000000E+000  9.4697071346804851E-001  1.3640632008002884E+000  1.6442130109031292E+000  1.7999123438280977E+000  1.8893608875819261E+000  1.9384161290703306E+000  1.9606974000471713E+000  1.9642034391294949E+000  1.9540036673430412E+000  1.9334975012578517E+000  1.8694181648883541E+000  1.7856404458711774E+000  1.6892094743763832E+000  1.5845371471949903E+000  1.4745536568127564E+000  1.3033521095355807E+000  1.1294343683183210E+000  8.9783175468552112E-001  6.1553461201893411E-001  3.4742172103098556E-001  9.7241985361029931E-002 -1.3238922107254669E-001 -3.3951631638512070E-001 -5.2256908921802969E-001 -6.8020643164153427E-001 -8.1126715422213247E-001 -9.8826669851681137E-001 -1.0575259939796879E+000 -1.0395229562799317E+000 -9.6274499113615819E-001 -8.5064588235748306E-001 -7.1913381758815886E-001 -5.7870068188502166E-001 -4.3649467218342486E-001 -2.9762683326532285E-001 -1.6594482107121902E-001 -4.4511152814063704E-002  6.4062958042246182E-002  1.5731646091629597E-001  2.3251607530274498E-001  2.8560878212170965E-001  3.0304407901818342E-001  2.7666214056662536E-001  2.3917637099578754E-001  1.9584998463509229E-001  1.4903564328639421E-001  1.0016741177908445E-001  5.0237408099534267E-002  0.0000000000000000E+000
  0.0000000000000000E+000  8.9678610143612369E-001  1.2805077218594976E+000  1.5296694691173378E+000  1.6624706760959242E+000  1.7337685049835556E+000  1.7678474479232713E+000  1.7774465175636593E+000  1.7700146008778106E+000  1.7502512418826077E+000  1.7212937533706347E+000  1.6429760279885013E+000  1.5476137646901194E+000  1.4416053737849794E+000  1.3289396117428560E+000  1.2122575627105292E+000  1.0330231204588574E+000  8.5306723991972244E-001  6.1601890078153154E-001  3.3047020324223364E-001  6.2513996065754043E-002 -1.8450002690007741E-001 -4.0829559439803143E-001 -6.0726261966406170E-001 -7.8021594058731336E-001 -9.2623839403337804E-001 -1.0445868469375892E+000 -1.1932266651132262E+000 -1.2310562047434319E+000 -1.1804235814269186E+000 -1.0753028663733435E+000 -9.4226942214525755E-001 -7.9731131552302748E-001 -6.4978566763558332E-001 -5.0544071141944658E-001 -3.6802317998234163E-001 -2.4011754381651379E-001 -1.2361511303569650E-001 -2.0007702688867115E-002  6.9393877892627298E-002  1.4324767425730758E-001  1.9985480001495770E-001  2.3589235041488635E-001  2.2694135176833857E-001  1.9994995198429225E-001  1.6568807893788451E-001  1.2714929979177231E-001  8.5957920230433291E-002  4.3260958832373152E-002  0.0000000000000000E+000
  0.0000000000000000E+000  8.8481057820514775E-001  1.2555181256868693E+000  1.4980509192968039E+000  1.6370066428585037E+000  1.7119721932370631E+000  1.7481666480588096E+000  1.7588322262846101E+000  1.7517234030613629E+000  1.7317417665519466E+000  1.7021667734147603E+000  1.6217307351852985E+000  1.5236469485672377E+000  1.4146828509428506E+000  1.2990785372114682E+000  1.1796511790404320E+000  9.9687948410279570E-001  8.1435880104872393E-001  5.7558241073215755E-001  2.9064453250923317E-001  2.6049906063330918E-002 -2.1537038716476839E-001 -4.3190164781641061E-001 -6.2247309426022845E-001 -7.8639664524569830E-001 -9.2320814766302750E-001 -1.0325593108538575E+000 -1.1642970522387570E+000 -1.1859131670515255E+000 -1.1194157504942852E+000 -1.0053987597262928E+000 -8.7343735345986573E-001 -7.3815244488865306E-001 -6.0663319712408015E-001 -4.8254688345661823E-001 -3.6787733947194429E-001 -2.6370430742330514E-001 -1.7059162305616657E-001 -8.8802696668170616E-002 -1.8438458900989437E-002  4.0441710112125794E-002  8.7620921591590684E-002  1.2212054560913392E-001  1.3405287152141704E-001  1.2190485688559750E-001  1.0276295396879183E-001  7.9743576981415071E-002  5.4304972951834070E-002  2.7445900750042985E-002  0.0000000000000000E+000
  0.0000000000000000E+000  9.5503184303143018E-001  1.3697301453238393E+000  1.6390271773317744E+000  1.7835020242131749E+000  1.8618945972172178E+000  1.9002761319533190E+000  1.9123626630499659E+000  1.9061982300809415E+000  1.8868717421113330E+000  1.8577878791902172E+000  1.7781146333660509E+000  1.6808602734304297E+000  1.5729539472436325E+000  1.4586847566547199E+000  1.3408627932177037E+000  1.1609585530276494E+000  9.8170337376138028E-001  7.4773787024290861E-001  4.6931798896181870E-001  2.1169804397419265E-001 -2.2284436975375674E-002 -2.3095331879053832E-001 -4.1339388573842151E-001 -5.6921245735917736E-001 -6.9836288570603833E-001 -8.0099867321964657E-001 -9.2376169413986353E-001 -9.4273534306507645E-001 -8.7565400302674012E-001 -7.6996669562238973E-001 -6.5811832708009577E-001 -5.5154271443039937E-001 -4.5415136509848342E-001 -3.6721556412005990E-001 -2.9088935225360985E-001 -2.2478711409373642E-001 -1.6824262051845446E-001 -1.2044039057282729E-001 -8.0491626764194524E-002 -4.7486550699341115E-002 -2.0519399444650217E-002  1.4975881990947056E-003  2.1886846143474609E-002  2.5521717081582171E-002  2.3522331274389012E-002  1.9182538353289046E-002  1.3466931007549077E-002  6.9227523577016416E-003  0.0000000000000000E+000
  0.0000000000000000E+000  9.9207373285173728E-001  1.4152475428275058E+000  1.7042082653396728E+000  1.8868726082963445E+000  1.9950732147072601E+000  2.0577624928459382E+000  2.0902116190621305E+000  2.1014052882485985E+000  2.0970505712009091E+000  2.0809853708400334E+000  2.0225854438930160E+000  1.9418273883934132E+000  1.8468369198557599E+000  1.7427706944450534E+000  1.6331003233062917E+000  1.4625664132083251E+000  1.2905453850250812E+000  1.0643522143251707E+000  7.9458230914854422E-001  5.4570726591560348E-001  3.2094117157287128E-001  1.2183140959759424E-001 -5.1081380244833052E-002 -1.9788033071193287E-001 -3.1903521654045891E-001 -4.1523821306133418E-001 -5.3202944124776907E-001 -5.5698699399074780E-001 -5.0121712460778145E-001 -4.1677033345833692E-001 -3.3883497412914815E-001 -2.7343702949301829E-001 -2.2090345191166003E-001 -1.8025060113697530E-001 -1.5005865089766818E-001 -1.2874975247762896E-001 -1.1469726982425174E-001 -1.0626685307998092E-001 -1.0181842367449755E-001 -9.9664398484232197E-002 -9.7927780375617043E-002 -9.4063706666893482E-002 -8.2714624439078066E-002 -6.6921903803241839E-002 -5.3613811202142911E-002 -4.0361436240764548E-002 -2.6954440764888989E-002 -1.3469853508453481E-002  0.0000000000000000E+000
  0.0000000000000000E+000  1.0301073755484207E+000  1.4485112997369352E+000  1.7359752718702159E+000  1.9579226099179010E+000  2.1053686229730761E+000  2.1998756997810505E+000  2.2589739134112317E+000  2.2930091294902484E+000  2.3085723940224327E+000  2.3101078003270521E+000  2.2814432791224419E+000  2.2250984562884195E+000  2.1505438496550449E+000  2.0637946027521350E+000  1.9689064162996115E+000  1.8166088215549230E+000  1.6591003984893729E+000  1.4477040365511604E+000  1.1912292307506567E+000  9.5219865369830570E-001  7.3555114387419962E-001  5.4393087796046602E-001  3.7838910329322056E-001  2.3886847895956556E-001  1.2456920565073713E-001  3.4232943522773784E-002 -7.6383869816904065E-002 -1.0854052005174865E-001 -7.1446547255423501E-002 -1.5438241519497109E-002  2.1754627992116120E-002  4.1765666590456135E-002  4.7428452374660278E-002  4.1425483095017444E-002  2.6279367138408598E-002  4.3558919458670364E-003 -2.2118495138683820E-002 -5.1024257289403713E-002 -8.0298067877024412E-002 -1.0784917086859022E-001 -1.3140043929248485E-001 -1.4811277202233677E-001 -1.5320595628736053E-001 -1.3525606304231608E-001 -1.1216601123649558E-001 -8.6190705120216621E-002 -5.8315508738345824E-002 -2.9359493671715416E-002  0.0000000000000000E+000
  0.0000000000000000E+000  1.0615902681987688E+000  1.4436477822334202E+000  1.6927461176380734E+000  1.8842900928032045E+000  2.0416905317270935E+000  2.1743455457306355E+000  2.2781251228484889E+000  2.3508065952942454E+000  2.4003291545400587E+000  2.4320551258506873E+000  2.4547906541513904E+000  2.4407474995467799E+000  2.4014902028112415E+000  2.3444195601685083E+000  2.2745717326371677E+000  2.1525468623702277E+000  2.0183358245736289E+000  1.8292584168085986E+000  1.5901255449315717E+000  1.3605985052832992E+000  1.1486838020380550E+000  9.5939652927228325E-001  7.9543301989172899E-001  6.5765391654738503E-001  5.4552939340590711E-001  4.5756603123347489E-001  3.5052906348852592E-001  3.1363555296027168E-001  3.2992364635296334E-001  3.5615055621323449E-001  3.5371469846861997E-001  3.3280468020994530E-001  2.9811451867338201E-001  2.5328088860536713E-001  2.0139992373787588E-001  1.4519083581902475E-001  8.7094029369697595E-002  2.9350940406914071E-002 -2.5916989825096725E-002 -7.6612411373994632E-002 -1.2051185585361777E-001 -1.5493796864750950E-001 -1.7557729855585322E-001 -1.6687261363252667E-001 -1.4124895538003179E-001 -1.0970984215569027E-001 -7.4698137032415124E-002 -3.7736437181035004E-002  0.0000000000000000E+000
  0.0000000000000000E+000  1.1293189831590336E+000  1.4860692939117748E+000  1.6961116669647089E+000  1.8469684590994635E+000  1.9667998600497896E+000  2.0676618861728371E+000  2.1554434374716229E+000  2.2331621882858417E+000  2.3023136493648249E+000  2.3635044156037637E+000  2.4608219973484164E+000  2.5082948412588886E+000  2.5208113451872016E+000  2.5078834628709457E+000  2.4759650414220280E+000  2.4011692876171846E+000  2.3046985647278655E+000  2.1535604874546124E+000  1.9452670813468789E+000  1.7317140903754666E+000  1.5240489083470938E+000  1.3305563931500335E+000  1.1573474417672491E+000  1.0084774421080791E+000  8.8587192350307231E-001  7.8938405431077086E-001  6.7293909461787549E-001  6.2925335564003237E-001  6.2903194483084357E-001  6.2713606883025708E-001  5.9431867578403452E-001  5.4439015546812330E-001  4.8258984699964419E-001  4.1290132927863105E-001  3.3854993080439899E-001  2.6223179716985334E-001  1.8626304307207034E-001  1.1269162943591242E-001  4.3393754329545890E-002 -1.9824911969842013E-002 -7.5088411193226137E-002 -1.2017089936852193E-001 -1.5160469689819339E-001 -1.5803528810357911E-001 -1.3742707527307715E-001 -1.0798354543889845E-001 -7.3977810016953777E-002 -3.7491323724711881E-002  0.0000000000000000E+000
  0.0000000000000000E+000  1.2171500162716153E+000  1.5835151311421136E+000  1.7862914141368726E+000  1.9215860533167910E+000  2.0207309476848399E+000  2.0976815156546276E+000  2.1598409012377640E+000  2.2116416103137846E+000  2.2560405306479177E+000  2.2954323278771831E+000  2.3651126380159297E+000  2.4246377245960797E+000  2.4735993265059855E+000  2.5098024949256779E+000  2.5298731109217236E+000  2.5218100723018400E+000  2.4799635138213993E+000  2.3865966130253398E+000  2.2309669376353063E+000  2.0518359001767310E+000  1.8622350921433544E+000  1.6716628824062874E+000  1.4876699202811638E+000  1.3167108727152801E+000  1.1644527945645626E+000  1.0355640928129697E+000  8.6371012057045837E-001  7.9059738780548983E-001  7.7350772816760405E-001  7.4963373391304089E-001  7.0122688165766289E-001  6.3851661526135028E-001  5.6643377460749267E-001  4.8891600896082377E-001  4.0898807182591507E-001  3.2903407298357457E-001  2.5098895296177920E-001  1.7647359378517855E-001  1.0689951211808865E-001  4.3563169252340411E-002 -1.2246907943912821E-002 -5.9079826575881574E-002 -9.4870241060443353E-002 -1.1388630880619925E-001 -1.0445308538045650E-001 -8.3679426888997016E-002 -5.7862861901241583E-002 -2.9456227566044699E-002  0.0000000000000000E+000
  0.0000000000000000E+000  1.1790126699480132E+000  1.6661409314601867E+000  1.9792487993463772E+000  2.2025423788403549E+000  2.3686966782968901E+000  2.4950476981262750E+000  2.5923697448279706E+000  2.6678293430216824E+000  2.7266583047920858E+000  2.7725720338399777E+000  2.8348552863835996E+000  2.8685858056236975E+000  2.8812346562622282E+000  2.8776817829842800E+000  2.8613194722432067E+000  2.8178235423233411E+000  2.7568563234726731E+000  2.6551242250660754E+000  2.5046976505502498E+000  2.3378763514428922E+000  2.1616060018142087E+000  1.9812000477541813E+000  1.8009925994674985E+000  1.6247512976405685E+000  1.4559484599303738E+000  1.2979386443238601E+000  1.0243527527238310E+000  8.3860153780875035E-001  7.5310810395259586E-001  7.1381698180626274E-001  6.6320789286281112E-001  6.0269658483091126E-001  5.3644993146557296E-001  4.6746740497966827E-001  3.9808011319217801E-001  3.3006063126822149E-001  2.6475633122290071E-001  2.0320237530075319E-001  1.4621042779661653E-001  9.4438937755942601E-002  4.8451699055227136E-002  8.7752048652901538E-003 -2.3988752396007132E-002 -4.8171981738312067E-002 -5.2130569550165796E-002 -4.4006417856139984E-002 -3.1139327612710561E-002 -1.6020653108053940E-002  0.0000000000000000E+000
  0.0000000000000000E+000  1.3724957192128480E+000  1.8803443866904814E+000  2.2204841141118004E+000  2.4891518970418480E+000  2.7163266568092164E+000  2.9141019259147725E+000  3.0878106051811711E+000  3.2223831671322354E+000  3.3235370965374207E+000  3.3986594203000307E+000  3.4886060160259209E+000  3.5228865062384216E+000  3.5184275252702961E+000  3.4864455161978367E+000  3.4348045790769572E+000  3.3313655319784536E+000  3.2096269478960728E+000  3.0318275735720119E+000  2.8007685726132121E+000  2.5710626502207470E+000  2.3477647328542441E+000  2.1333033261313008E+000  1.9289877936920103E+000  1.7356762507974590E+000  1.5540694089442180E+000  1.3848396140382591E+000  1.0851724427578051E+000  8.4461088297676412E-001  6.7006608620785346E-001  5.6321412766445056E-001  5.0118550755529401E-001  4.5149020033433607E-001  4.0292164442454986E-001  3.5487633524216800E-001  3.0829354292325406E-001  2.6401032569910099E-001  2.2260927728908422E-001  1.8444321116618070E-001  1.4967430107616819E-001  1.1830398919139452E-001  9.0183819205790133E-002  6.4992788014074043E-002  4.2149264672925256E-002  2.0738126985663494E-002  6.2057458481946061E-003  1.1326188021736022E-003 -4.2080873599705643E-004 -4.9761306905561891E-004  0.0000000000000000E+000
  0.0000000000000000E+000  1.3653051567547201E+000  1.7882079116452994E+000  2.0291896997133851E+000  2.1952231180188746E+000  2.3216186291996688E+000  2.4250404620004771E+000  2.5143392055635649E+000  2.5937681029539488E+000  2.6658059431657919E+000  2.7319178140515272E+000  2.8493282765260592E+000  2.9486831814548040E+000  3.0291320026772799E+000  3.0865053205249837E+000  3.1122450684022467E+000  3.1040653662425468E+000  3.0550774192597205E+000  2.9433751078337456E+000  2.7551407897360622E+000  2.5377194929788054E+000  2.3078716152144256E+000  2.0772055878760600E+000  1.8534494170572191E+000  1.6413442687774795E+000  1.4434778059301119E+000  1.2610357416364883E+000  9.4342283732787047E-001  6.8810354787052719E-001  4.9308993562092418E-001  3.5611272521045279E-001  2.7129797069130751E-001  2.2404091588635353E-001  1.9575532566861376E-001  1.7503014920352311E-001  1.5800968395738063E-001  1.4380176071227052E-001  1.3211539608814540E-001  1.2264776674179724E-001  1.1497715703767487E-001  1.0854411489388566E-001  1.0262542587164712E-001  9.6260549838789927E-002  8.8043478194623534E-002  7.5471994363562070E-002  5.7005914061584187E-002  4.1514448288855581E-002  2.7404409950951676E-002  1.3647450489228717E-002  0.0000000000000000E+000
  0.0000000000000000E+000  1.2491554950651347E+000  1.6201666458554307E+000  1.8238598434768116E+000  1.9588759186693321E+000  2.0571450905987150E+000  2.1327804508899257E+000  2.1931840690797415E+000  2.2426890194788625E+000  2.2840348065745033E+000  2.3190551813100324E+000  2.3746786048188389E+000  2.4165397445535612E+000  2.4484319850322285E+000  2.4727106034300919E+000  2.4909096124719539E+000  2.5088685849454748E+000  2.5173174003259686E+000  2.5097315548467818E+000  2.4462161823052497E+000  2.3127202043820803E+000  2.1450883336849929E+000  1.9544749525747664E+000  1.7498750420523608E+000  1.5387119068113257E+000  1.3273671175637023E+000  1.1216698838100347E+000  7.4414848641230569E-001  4.4561217130475061E-001  2.3137441479081361E-001  8.9088188889045142E-002  4.5329793810340918E-003 -3.5475526422329332E-002 -4.5299529553870947E-002 -3.8680913983426352E-002 -2.4721594850262544E-002 -7.6476976476240058E-003  1.0903845743913324E-002  3.0115021501424380E-002  4.9256228186406188E-002  6.7478687690471995E-002  8.3749059535804748E-002  9.6759312419871374E-002  1.0466900294035918E-001  1.0421567742889210E-001  8.9437633837457967E-002  6.8812038677028967E-002  4.6662060305260419E-002  2.3542422184384636E-002  0.0000000000000000E+000
  0.0000000000000000E+000  1.0995134178159318E+000  1.4226874568127577E+000  1.5983669683725195E+000  1.7137812425821140E+000  1.7971175518853324E+000  1.8608053480562698E+000  1.9113466203846252E+000  1.9525373382006994E+000  1.9867711338626606E+000  2.0156462870178382E+000  2.0612721307414206E+000  2.0954873335215267E+000  2.1215777120718688E+000  2.1415900061192148E+000  2.1568747066703819E+000  2.1728290334545757E+000  2.1823045335186184E+000  2.1870110820047981E+000  2.1827198377014514E+000  2.1688351709254245E+000  2.1453766540119834E+000  2.1081214703382583E+000  2.0113608804194683E+000  1.8174290584379047E+000  1.6108686790769122E+000  1.3976928046480945E+000  9.6366190225796811E-001  5.5360914957274909E-001  1.9631624220268915E-001 -7.4985415027584823E-002 -2.2938556803659368E-001 -2.8224530686188148E-001 -2.7873086105176620E-001 -2.4868913481378727E-001 -2.0751183085867217E-001 -1.6282013642489729E-001 -1.1801388992106636E-001 -7.4546017988745980E-002 -3.3239440723014678E-002  5.1191716387744652E-003  3.9558963490172717E-002  6.8802974726964380E-002  9.1025202954721648E-002  1.0300543605747757E-001  9.7554199838913822E-002  7.8185476994595771E-002  5.3976168762681291E-002  2.7458521446374236E-002  0.0000000000000000E+000
  0.0000000000000000E+000  1.1487251315804448E+000  1.4979664908768606E+000  1.6918012474290318E+000  1.8209991205478016E+000  1.9153305400344984E+000  1.9880913556801600E+000  2.0463113661559671E+000  2.0941313700352162E+000  2.1341819605258951E+000  2.1682306918590837E+000  2.2227083873663891E+000  2.2643641665708008E+000  2.2968981047770942E+000  2.3226276633424128E+000  2.3430888510638561E+000  2.3660586192576800E+000  2.3819358686955949E+000  2.3945597189789249E+000  2.3996400298692553E+000  2.3950167982822022E+000  2.3812719679484156E+000  2.3559028293094664E+000  2.2916718027541298E+000  2.1472671469656888E+000  1.9691713503971071E+000  1.7763103391125672E+000  1.3628401402656301E+000  9.4718694022469463E-001  5.5365954435131426E-001  2.0176083020947772E-001 -9.0667437551123040E-002 -3.0420259179609305E-001 -4.1081401057214428E-001 -4.0410869333947830E-001 -3.5279784498316669E-001 -2.9125912885653538E-001 -2.2919440158303428E-001 -1.6984276410485064E-001 -1.1441445094859748E-001 -6.3556072745783773E-002 -1.7920103825927715E-002  2.1590113557604228E-002  5.3594704531970662E-002  7.5594206756591911E-002  8.1457254099339266E-002  6.9061066680421973E-002  4.8789027572647498E-002  2.5074101375625824E-002  0.0000000000000000E+000
  0.0000000000000000E+000  1.2894648550464427E+000  1.6765497255717126E+000  1.8897021565621046E+000  2.0310812125996849E+000  2.1339959936011468E+000  2.2132379779646492E+000  2.2765874750687476E+000  2.3286066803879533E+000  2.3721825923243349E+000  2.4092485641829380E+000  2.4686440818247619E+000  2.5141754244527670E+000  2.5498525029814405E+000  2.5781814764699380E+000  2.6008219917758435E+000  2.6264560801991186E+000  2.6444457540707682E+000  2.6592740155022616E+000  2.6665044991150522E+000  2.6638794236128192E+000  2.6529114508980913E+000  2.6341335099348684E+000  2.6068853779301757E+000  2.5669774649822319E+000  2.4738516750254562E+000  2.2800676643827029E+000  1.8329392091787291E+000  1.3761931355489654E+000  9.3951007875080261E-001  5.4512799912637955E-001  2.0711381812408525E-001 -6.6427715254584352E-002 -2.6912850109197106E-001 -3.9158765468472978E-001 -4.0610696926110840E-001 -3.5522913423504016E-001 -2.9395132931275431E-001 -2.3266883887987339E-001 -1.7471813093829752E-001 -1.2143482672314010E-001 -7.3475775873474494E-002 -3.1380508676204441E-002  4.1062963463728156E-003  3.1570285602361463E-002  4.7034738427433005E-002  4.4993833027269899E-002  3.3274679653062543E-002  1.7433403271765527E-002  0.0000000000000000E+000
  0.0000000000000000E+000  1.3560129334596431E+000  1.7833291295413225E+000  2.0267692338117831E+000  2.1923251768131076E+000  2.3151783324965587E+000  2.4112403852315101E+000  2.4890283385127776E+000  2.5536172250782680E+000  2.6082654116235293E+000  2.6551833001781469E+000  2.7313572968624853E+000  2.7908049803396233E+000  2.8383002123360543E+000  2.8768641299972098E+000  2.9085167692884673E+000  2.9458954177877743E+000  2.9740664207547383E+000  3.0006857470546575E+000  3.0206268004288375E+000  3.0291107361397240E+000  3.0279099783151238E+000  3.0172138972674016E+000  2.9925146954952213E+000  2.9284572629659422E+000  2.7927424150736715E+000  2.6252531576864420E+000  2.2341000556910275E+000  1.8117287086504787E+000  1.3883658578198568E+000  9.8533606687071107E-001  6.1820667975801147E-001  2.9878650581125688E-001  3.6292573593550530E-002 -1.6187962267818268E-001 -2.8884272066942518E-001 -3.2744808410946824E-001 -2.8963523154923726E-001 -2.4300668550238247E-001 -1.9626514716821863E-001 -1.5212882028176597E-001 -1.1168344536122279E-001 -7.5388871299873012E-002 -4.3501440729016912E-002 -1.6401107550288022E-002  4.2388843235716791E-003  1.2646014270124635E-002  1.1691894483037492E-002  6.6292883347693586E-003  0.0000000000000000E+000
  0.0000000000000000E+000  1.4101033557411800E+000  1.8918384720566930E+000  2.1840173266255638E+000  2.3928336750789310E+000  2.5540426501567772E+000  2.6841183684393606E+000  2.7920799633269762E+000  2.8834435709843160E+000  2.9618549256681308E+000  3.0298657430524445E+000  3.1410017029725887E+000  3.2279375861668322E+000  3.2970215430898437E+000  3.3525237168146691E+000  3.3974500377570722E+000  3.4492740397606640E+000  3.4871969453188623E+000  3.5211478135528274E+000  3.5421714178066868E+000  3.5400066081748469E+000  3.5076797808991409E+000  3.4298126887121136E+000  3.3127105849494134E+000  3.1677277204003995E+000  3.0011411875478258E+000  2.8186697777731387E+000  2.4216882761743879E+000  2.0132253849429582E+000  1.6136137724707456E+000  1.2363526718097846E+000  8.9106382985868593E-001  5.8493165439413308E-001  3.2335133896256063E-001  1.1027006415341585E-001 -5.1534178401282868E-002 -1.5996219012734253E-001 -2.1147935321130909E-001 -1.9699739962226648E-001 -1.7191979486034548E-001 -1.4603629665468104E-001 -1.2129802055370359E-001 -9.8135673688153846E-002 -7.6398284750887890E-002 -5.5622830064573782E-002 -3.5549770485034375E-002 -1.9857040516078329E-002 -1.0664878833730455E-002 -4.7122896454449073E-003  0.0000000000000000E+000
  0.0000000000000000E+000  1.4854134846759797E+000  2.0524487104170963E+000  2.4278911540235204E+000  2.7158010024051542E+000  2.9510865210593082E+000  3.1498118150180718E+000  3.3208057463280087E+000  3.4695325101767325E+000  3.5996860465639924E+000  3.7139455487613091E+000  3.8914742173924859E+000  4.0156681718842284E+000  4.1015509635509479E+000  4.1586371871419372E+000  4.1933021927171286E+000  4.2120463800562851E+000  4.2005912140667094E+000  4.1491944595154155E+000  4.0421183178137445E+000  3.9016953141525343E+000  3.7380901656217844E+000  3.5586987568562938E+000  3.3688830782405259E+000  3.1725186663772291E+000  2.9724626619057353E+000  2.7709163076733176E+000  2.3688301009100949E+000  1.9794663940050523E+000  1.6119110371795959E+000  1.2732128838114549E+000  9.6844858024974101E-001  7.0089331784591047E-001  4.7230130373686730E-001  2.8320542046612657E-001  1.3315343423175827E-001  2.0806785221979471E-002 -5.6284227205036536E-002 -1.0302527335366163E-001 -1.1024772646749904E-001 -1.0577326943394921E-001 -1.0012765571474037E-001 -9.3888749120663681E-002 -8.6410072537097579E-002 -7.6484139755525996E-002 -6.2406423755214768E-002 -4.4799305413973783E-002 -2.8670838430236309E-002 -1.4027904767728461E-002  0.0000000000000000E+000
  0.0000000000000000E+000  1.5060264862077399E+000  2.0927001071185440E+000  2.4879645285997887E+000  2.7955711801409411E+000  3.0500409272249027E+000  3.2670818480566970E+000  3.4552212789381307E+000  3.6196841808360003E+000  3.7544291993471575E+000  3.8638472338557683E+000  4.0240483678113961E+000  4.1286531666184789E+000  4.1932031832982970E+000  4.2276690146259517E+000  4.2388281605509031E+000  4.2212932220111581E+000  4.1733678848161508E+000  4.0742088583098059E+000  3.9106745358963484E+000  3.7190043293035528E+000  3.5101452841884759E+000  3.2920821490179843E+000  3.0707820184119070E+000  2.8506682000894465E+000  2.6349176656351441E+000  2.4257101322086276E+000  2.0312623682407005E+000  1.6741082819898845E+000  1.3555638027489232E+000  1.0753666206173937E+000  8.3258720746517434E-001  6.2587937626796875E-001  4.5350255243126858E-001  3.1328915543933333E-001  2.0260411793922412E-001  1.1828576072364770E-001  5.6495468400216915E-002  1.2165358351208010E-002 -2.3270206735807354E-002 -4.3993208759914346E-002 -5.5709526500680909E-002 -6.5403288376969917E-002 -7.2451717336506641E-002 -7.5023034802536429E-002 -7.0442354421923342E-002 -5.6625168738922552E-002 -3.8477226235370456E-002 -1.9363936942787232E-002  0.0000000000000000E+000
  0.0000000000000000E+000  1.3932013466299116E+000  1.9612381827249843E+000  2.3490219929868377E+000  2.6500202311024634E+000  2.8963035200609877E+000  3.1031656352632706E+000  3.2681997055282452E+000  3.3972520603101000E+000  3.4991161080953224E+000  3.5797544837078208E+000  3.6919720328178447E+000  3.7577118689538942E+000  3.7899813794591473E+000  3.7971072828456816E+000  3.7847439169115922E+000  3.7375141397428298E+000  3.6648688992797087E+000  3.5385511914425600E+000  3.3478801964333500E+000  3.1347257274641089E+000  2.9090056381870975E+000  2.6783368124391447E+000  2.4487842942424773E+000  2.2251423462196889E+000  2.0110169376900298E+000  1.8088827060117596E+000  1.4455376025276274E+000  1.1386685625916644E+000  8.8428975112273878E-001  6.7644311648984412E-001  5.0916685111733473E-001  3.7705749232883190E-001  2.7525875645975395E-001  1.9928043904414480E-001  1.4479604696232079E-001  1.0745487563951236E-001  8.2695091383860234E-002  6.5490891070857427E-002  4.9716742920346529E-002  2.5542346378390656E-002 -5.5140465516150374E-004 -2.1886570780291523E-002 -4.0180144135033000E-002 -5.3662100576570788E-002 -5.9255035289480819E-002 -5.3265642800166740E-002 -3.8316026167197217E-002 -1.9769117228619088E-002  0.0000000000000000E+000
  0.0000000000000000E+000  1.2605253194539552E+000  1.7854153459068465E+000  2.1475951048384814E+000  2.4295008213055502E+000  2.6592325182746559E+000  2.8266888778126020E+000  2.9504983267128169E+000  3.0428825752947590E+000  3.1116624701384454E+000  3.1621329079555305E+000  3.2209735373601296E+000  3.2406263866299563E+000  3.2325652207402968E+000  3.2041142396888045E+000  3.1602309606132142E+000  3.0722464096723723E+000  2.9655928212863114E+000  2.8029065854669581E+000  2.5789567501932487E+000  2.3436165155497473E+000  2.1046903612041543E+000  1.8680337059984324E+000  1.6383414392245426E+000  1.4195013517093436E+000  1.2146822092186840E+000  1.0262743387273219E+000  7.0438819889518400E-001  4.5586401506146063E-001  2.7257666501522509E-001  1.4321866198156172E-001  5.6968015300498616E-002  4.6303625697725840E-003 -2.1394417779296848E-002 -2.7480327045965269E-002 -1.9160091534607772E-002 -1.4483313550182693E-003  2.0889527064280738E-002  4.3081699052140078E-002  6.0025858082648334E-002  6.5619888335738633E-002  5.0617157782055375E-002  2.4878886051360096E-002  7.2081396210305385E-004 -1.9718605607448536E-002 -3.3533761592290767E-002 -3.6627439325773205E-002 -2.8849736141769888E-002 -1.5462908737957354E-002  0.0000000000000000E+000
  0.0000000000000000E+000  1.1713879060969141E+000  1.6935896322381303E+000  2.0437241091328002E+000  2.2672279014452248E+000  2.4144285999509023E+000  2.5144294870940036E+000  2.5826067348034787E+000  2.6280195127053170E+000  2.6564294109210018E+000  2.6717155373336152E+000  2.6722679969900831E+000  2.6450854368131083E+000  2.5984485756304858E+000  2.5376361850164471E+000  2.4662292701340669E+000  2.3441338675602132E+000  2.2099487746322271E+000  2.0185585613242645E+000  1.7687398091018498E+000  1.5163102104661350E+000  1.2675179306759299E+000  1.0271134843177068E+000  7.9895271154755976E-001  5.8629346809489902E-001  3.9188968088484216E-001  2.1793501323811013E-001 -6.2436983609242484E-002 -2.5420460445043108E-001 -3.6917441308790744E-001 -4.2392329385751776E-001 -4.3400254730466004E-001 -4.1203264266347589E-001 -3.6784619216678599E-001 -3.0915504860394322E-001 -2.4218259862097680E-001 -1.7214887114258073E-001 -1.0362941081934396E-001 -4.0839415000833587E-002  1.2089342992005755E-002  5.0722376499390119E-002  6.9552435635796966E-002  6.1300290369020440E-002  3.9347584219614234E-002  1.7217205645190803E-002 -1.1396134834662710E-003 -1.1912070797472642E-002 -1.2953549824435851E-002 -7.7466285947794871E-003  0.0000000000000000E+000
